mfcc_1,mfcc_2,mfcc_3,mfcc_4,mfcc_5,mfcc_6,mfcc_7,mfcc_8,mfcc_9,mfcc_10,mfcc_11,mfcc_12,mfcc_13,mfcc_14,mfcc_15,mfcc_16,mfcc_17,mfcc_18,mfcc_19,mfcc_20,label
-343.66315,100.98835,10.431006,38.132954,-5.567134,16.482687,-2.2854435,8.986542,5.012585,-3.5966816,13.882717,0.048516642,-4.116157,12.798527,-7.0487585,3.6051662,5.758082,-3.005257,-2.082607,1.567385,Agustus
-317.79498,95.55611,12.118033,36.092426,-2.8400912,17.899122,3.443646,10.327679,5.990013,-2.6223881,20.074726,-2.0763094,-3.0958283,11.1692915,-7.4955144,2.522108,7.354681,-5.968329,1.6408607,-1.3850075,Agustus
-324.01532,103.43004,6.487065,35.17461,-6.385631,13.614669,-0.70666134,10.195568,2.7548447,-3.0118685,17.352318,-4.1108613,-3.6385999,10.206605,-6.870655,5.073237,5.765359,-5.380039,0.12915519,-0.75718623,Agustus
-353.7078,89.5774,11.274801,32.89974,0.5140516,16.842356,-2.4491336,12.757101,5.7649674,-4.022889,13.317366,-1.8101217,-3.2492805,10.236824,-8.481208,1.7297239,3.6751032,-1.3947266,0.6086255,0.73001075,Agustus
-361.6617,92.372055,13.2933235,30.634542,2.4127295,18.750263,0.03562127,14.017319,4.72474,-1.1458968,13.227091,-0.9665965,-0.01733359,7.351021,-7.534578,3.1977825,4.7759757,-2.846183,2.7937317,1.0560422,Agustus
-349.7889,91.03309,14.609963,33.144974,-3.0246465,18.462334,-1.067425,12.35982,5.7029,-4.1719465,13.489134,-4.352672,-0.676551,8.913288,-9.417918,5.8630733,5.6958175,-3.8011656,5.3893385,-2.1823263,Agustus
-349.43768,99.9555,10.617689,34.7598,-2.8267324,14.1867075,-1.0414728,10.639418,5.19975,-5.1511397,13.834107,-3.7756636,-1.5719391,9.006658,-9.41544,-0.11142091,6.596932,-2.9076073,1.457226,-0.05068257,Agustus
-338.35345,97.498474,13.998049,37.22115,-3.9481127,14.938502,-0.38237897,8.791123,4.256083,-5.1211314,15.742729,-1.558036,-2.1307745,10.281713,-10.219511,3.9470694,5.6151495,-4.5023828,3.491571,-0.19802387,Agustus
-354.95868,97.55899,13.322516,34.072704,-1.8160421,18.904156,0.64547396,13.629916,7.604266,-4.8222456,13.371361,-0.5639757,-1.0116388,8.952118,-7.4396195,4.502923,6.108187,-2.9726586,3.1758983,0.6982895,Agustus
-360.9212,98.93482,14.787162,34.004772,0.7308228,19.45288,0.5209022,13.60499,7.813591,-2.8327866,12.078275,-0.2752212,0.14857475,8.544781,-7.0991764,4.4001827,4.6150756,-0.5731508,3.5298011,-0.19335309,Agustus
-346.46533,97.416275,14.521645,35.940857,-2.3476248,17.285578,-0.4148264,13.511333,9.065063,-4.947318,14.307478,-0.55938447,-2.4663396,10.518416,-7.462017,3.389967,7.473957,0.0621624,1.2950511,0.28052986,Agustus
-332.3824,102.686905,12.215528,36.06613,-5.120195,18.836016,-1.762396,10.518943,4.475782,-4.041486,20.045206,-2.5731893,-0.034914047,12.796172,-6.6959505,2.9229903,8.181843,-4.038138,4.218233,1.41361,Agustus
-356.12332,96.52781,16.06076,35.115944,-3.0768743,20.004763,-0.6083546,16.000753,6.35806,-3.845808,13.575206,-0.13818383,-0.38864255,9.277921,-5.8475614,5.1795287,7.3320274,-1.0628003,6.082418,-0.44595823,Agustus
-356.2848,104.85768,9.751837,32.79499,-2.5416594,18.40125,1.645875,13.233631,5.2665887,-1.7772377,12.182361,0.28779787,0.21457374,9.498613,-6.019526,5.140133,5.2392535,-2.4124665,4.8514843,-0.6269141,Agustus
-353.6445,99.57723,8.479538,33.50863,-6.418724,19.185768,-0.8377205,7.1744814,7.759743,-3.7524974,13.19238,0.43393475,-3.684797,9.444818,-5.4792466,1.2774589,6.654991,-3.2045634,2.149775,1.2346478,Agustus
-346.11438,99.869606,10.270724,36.008434,-5.7530694,18.151274,4.904402,11.975782,1.80866,0.8537458,13.803764,0.13117716,-3.1464727,8.0583315,-4.5167093,5.7225857,4.372016,-1.2055082,6.3464413,-1.5544549,Agustus
-346.89978,98.10949,10.589108,36.09714,-2.6310277,18.424448,1.0290351,12.1595,7.730643,-3.6607537,12.936417,0.022690129,-2.1574442,9.57151,-4.576934,1.2009494,8.024081,-2.3656619,-0.08507227,0.76872694,Agustus
-352.40366,98.959435,12.434156,38.12391,-1.7490257,21.34299,2.6454482,16.533436,8.973757,-0.96744746,15.654074,-0.34439346,0.07212684,9.487749,-4.590917,3.7606683,7.471048,-2.5710082,4.0636606,-0.38993716,Agustus
-354.3929,99.35366,7.9728203,32.480854,-3.2428591,17.413158,2.754985,7.8098297,9.390815,-6.350435,13.786316,-1.7775198,-6.4755316,7.980516,-6.5535183,1.2299823,6.572526,-2.3695192,2.8498886,1.6792537,Agustus
-339.88153,94.11285,11.489004,31.989323,-3.9389434,21.255173,-0.19939893,8.670634,6.57928,-3.8193288,15.952028,-0.6248985,-2.0674803,10.659869,-6.3696165,3.26505,7.5564513,-3.262029,3.4683745,0.2304484,Agustus
-357.41867,97.91402,13.986934,35.200073,2.2979867,19.718603,4.0726266,14.077607,9.172631,-2.0006053,14.873474,-1.0874897,-1.6543598,9.790869,-4.930425,3.9946911,6.2171736,-1.8495975,5.4027476,1.9899496,Agustus
-330.12076,94.60717,7.2153187,38.74168,-6.8200045,18.752337,1.4994586,7.3580575,6.131002,-4.376823,17.250843,-2.827318,-4.540308,11.281885,-7.3647065,1.6737586,5.9095955,-3.6082003,4.04148,-0.23980391,Agustus
-340.68326,101.32661,11.995634,34.18755,-7.508051,19.02177,0.10776131,9.883483,2.52661,-2.039496,16.571497,-1.9965225,0.5761323,11.610318,-6.9411454,7.0550747,3.8795314,-3.6920328,3.9827747,-3.8021953,Agustus
-343.05426,94.92666,10.091306,35.310856,-2.9132557,19.252031,3.7824342,10.022165,10.220162,-4.4848027,13.6455965,2.3950179,-4.981497,14.018628,-7.3624654,2.2554102,8.601853,-2.0441906,0.38872093,4.701378,Agustus
-342.4131,100.54042,3.6830053,36.844482,-5.9880657,17.608599,3.6730206,10.346283,5.174822,-0.14606526,11.627195,-0.98502505,-3.2283614,10.151955,-6.214864,4.446255,3.9816763,-2.0381107,4.7923055,-1.7795379,Agustus
-333.99637,93.56717,7.8083305,37.096085,-6.1221952,16.352215,1.375543,7.5516276,8.100239,-3.0926564,17.381088,-2.5667422,-2.929688,13.064165,-7.358149,2.9047089,8.912635,-6.1018085,5.129367,-0.79416734,Agustus
-338.56482,103.10427,9.247423,34.876434,-1.9797729,17.926016,2.359066,8.5187,10.815226,-7.549626,13.720438,-1.1661811,-5.422381,13.039231,-4.359055,2.2087429,7.116717,-3.015045,1.2030171,0.45020294,Agustus
-340.96283,99.73368,11.346627,38.47926,-3.887419,20.791801,4.424573,9.055371,10.060562,-3.843479,19.751467,1.905356,-3.9438188,12.394546,-4.43218,5.250363,7.332266,-4.4154058,1.5246967,1.3799396,Agustus
-341.5773,102.53964,8.641287,40.07956,-5.0167875,18.77832,3.266628,7.010551,7.881626,-1.5653331,15.437968,-1.132326,-6.4150777,11.610277,-5.210669,3.081873,8.376269,-5.066242,1.9984133,2.402327,Agustus
-343.005,91.86359,11.681393,37.11054,-5.5110884,21.253586,0.93659455,9.237276,6.924983,-2.5452497,13.580764,0.9268832,-4.0136986,11.576836,-6.5873446,6.2328053,8.062163,-5.1738496,2.351666,-0.8242383,Agustus
-335.8498,103.51397,16.495255,35.808823,-2.904952,20.700674,1.6848098,8.277123,5.313456,-4.1127634,13.166491,1.4693063,-1.4878294,11.217778,-5.5480213,2.887889,5.734345,-3.2122488,2.0073361,1.4610022,Agustus
-348.98917,99.46523,12.853153,34.385174,-5.9014745,17.290308,0.20620419,9.773986,5.9828033,-1.9087095,13.913891,-1.7322751,-3.4243884,10.41915,-7.8153896,2.3431134,4.8159585,-6.177979,3.1771286,-1.3357877,Agustus
-330.6066,109.719406,2.6897237,35.396606,-7.327795,15.091793,-4.744133,6.829905,2.4864936,-3.6402526,15.4058075,-2.814086,-5.7806997,13.544272,-5.942954,1.3530099,4.493434,-3.8538852,-1.9656619,-0.029506134,Agustus
-339.32205,99.781136,11.16198,31.991777,-6.1022296,18.397648,0.8332951,11.513377,3.6890087,-6.8861485,16.020794,-5.1521487,-2.3543413,9.486796,-9.070362,3.7385287,4.3347282,-2.9796412,3.6660752,-1.323228,Agustus
-350.5331,100.359024,7.3444667,37.313854,-2.1025147,16.967955,0.7201341,10.485521,6.119993,-2.103354,14.924229,-1.3476806,-2.182617,11.598416,-5.306124,0.715279,4.9862137,-3.119966,1.9449632,0.38724172,Agustus
-340.2653,97.85751,10.319592,34.893787,-7.809163,15.453706,-1.4318155,11.180783,4.1758,-3.218908,17.911705,-3.0068,-2.5190408,12.061211,-8.587221,3.3858364,5.044065,-5.1635203,4.2139497,-2.7459128,Agustus
-346.3204,92.92037,9.587085,33.292248,-5.8241553,20.858673,-0.55375934,11.824823,9.0758505,-2.778565,13.113781,0.98475444,-3.0982804,10.764147,-5.9118686,4.1549435,5.817797,-2.9519742,0.706233,1.348957,Agustus
-333.14117,98.78288,8.237772,39.7988,-3.8414235,15.866967,-2.0580044,9.115649,6.3302383,-6.4790597,16.412191,-3.078723,-5.963447,12.66308,-7.383967,1.5147187,7.0668354,-3.994374,0.16264236,-0.1939616,Agustus
-346.4484,96.586754,15.363951,38.84228,-0.6602914,24.435402,0.5453963,13.368338,10.095945,-4.1739197,17.040838,-0.33069882,-2.9089699,10.490611,-6.184803,2.017088,5.542213,-2.8253884,5.1278353,-0.9717391,Agustus
-330.93445,114.60883,11.129017,45.01395,3.3681004,19.626001,3.774483,12.025162,8.80597,-0.08614452,16.681269,-0.7730255,-4.1222253,10.169915,-3.3235366,1.7837154,4.975873,-3.840531,0.60346437,-1.5646843,Agustus
-332.5803,105.63325,11.813685,39.80914,-0.93639594,21.386374,1.6521627,11.668589,8.350273,-1.1559569,12.910218,-2.448421,-2.3331642,10.4653225,-7.1304975,3.1751187,3.538471,-4.896627,1.4711797,-2.0136573,Agustus
-340.18243,110.53185,8.875357,40.870403,-4.291691,16.049433,-0.1020287,9.49315,6.93779,-1.6174875,13.21576,-2.1222777,-3.7614927,8.806973,-8.303142,2.6077871,1.8891847,-6.249394,2.3625276,-2.544019,Agustus
-338.5995,111.99146,12.222466,38.498775,-5.996716,16.147738,-0.009041161,8.247436,7.52835,-5.2707667,13.444949,-3.6408098,-3.7883973,10.774597,-9.083793,3.2553844,5.103586,-5.9253707,1.976563,-1.6375151,Agustus
-339.92474,108.000435,8.548121,37.836216,-3.472228,17.281569,1.8379772,6.1324096,4.517821,-4.5994315,10.824499,-0.6457346,-3.104161,11.722213,-5.8985305,4.0355115,7.3001556,-5.5719957,0.38370845,-0.3004193,Agustus
-339.0865,97.33198,12.120344,31.522484,-4.276318,19.10728,0.9327852,12.99108,8.195246,-2.0474641,14.537653,-1.2123305,-2.9503486,9.173457,-7.6333323,4.356219,5.7949805,-4.2862034,1.4752,0.09645912,Agustus
-338.1067,102.05449,8.315701,40.259018,-6.4108534,17.446825,2.6429513,8.847342,5.851704,-1.430658,16.9722,-1.5915118,-2.8335042,11.23195,-8.135034,3.9374464,4.864808,-3.655935,1.6752443,0.75972784,Agustus
-323.64868,94.3032,13.180421,33.951046,-6.692896,19.357956,1.1029309,12.885352,8.097122,-1.7205784,19.678976,-0.6035808,-0.084892504,13.784627,-4.244339,6.632775,8.388448,-4.118355,5.467482,0.30547586,Agustus
-330.43292,103.08327,9.773731,32.016163,-3.3858833,21.057163,0.935269,12.521813,8.792288,-0.7407472,18.373817,-0.9222534,-1.2139925,14.813879,-3.1656342,6.640475,7.6740904,-3.4434075,4.3448577,1.6427594,Agustus
-331.1144,103.18102,7.1105623,35.2732,-7.122881,16.547977,2.5635052,9.867869,2.3866584,-0.0390114,15.735942,-4.140133,-0.55093366,12.396097,-6.352536,4.6220055,5.9407325,-3.2422798,3.2481837,-1.3291345,Agustus
-335.89404,100.82089,11.833147,35.95993,-3.9707386,20.461002,2.684187,10.625276,4.6395187,-3.890473,16.029015,-2.8086376,-2.5549045,11.193089,-5.3526144,5.807399,5.6082954,-5.7743645,2.1581051,-0.93972504,Agustus
-366.21695,114.38353,0.32864264,44.97509,-5.4784,26.50506,-10.656145,3.3022914,8.359539,-2.7329848,12.298829,5.79578,2.6703796,2.0973892,-0.64998645,-7.927088,-5.235312,-11.502376,-12.004418,-1.0849893,April
-375.15372,121.81526,-0.8371464,42.529514,1.4995914,20.600275,-0.4768018,13.343792,10.616983,4.758105,9.772673,13.481524,3.0685725,6.5591373,1.1811284,-5.8249717,-2.3458576,-4.826584,-4.219838,-1.3317542,April
-358.69827,122.03514,-4.378107,41.41791,-3.6186697,23.321653,-5.890871,7.680046,10.380367,6.934083,13.075289,14.253225,2.7493262,6.7708573,1.8965827,-4.894826,-0.5896698,-4.604841,-3.9268687,-0.14061595,April
-334.0941,124.66264,-12.876183,46.953094,-10.444281,17.957716,-7.201085,8.315371,9.161298,2.3104174,18.741732,15.83503,1.54884,6.0116944,1.3488325,-4.6623273,0.14059639,-6.508604,-4.4569783,-1.4476683,April
-361.2124,120.03705,-2.354217,40.11733,-8.326028,12.337225,-9.588649,8.6181965,3.1976147,1.295574,17.04817,13.420351,-1.1535206,6.7875404,-2.151142,-2.5787826,-0.17166966,-7.0391607,-6.63498,-0.42152745,April
-349.45935,129.73502,1.5357475,47.361618,-2.9121282,23.065605,-2.4101396,6.076923,6.7954316,1.4474807,12.861682,14.995024,-1.0990171,2.022622,1.1793079,-6.544688,-2.2977514,-5.1387367,-3.880456,-2.4106271,April
-361.1708,119.27684,-4.3331265,46.18238,-6.5171013,21.346313,-1.6331588,3.7748625,12.272877,1.0183583,9.034493,19.440365,0.15675409,3.1256416,2.203015,-9.67117,-4.180718,-2.6981997,-7.6316385,-1.6322132,April
-375.39084,128.02818,0.21362796,43.84658,-0.599311,17.33023,-1.8943135,9.03774,6.8659644,0.88811225,14.982199,17.666866,-4.6449213,2.9579282,-0.6776001,-9.290026,-2.1049523,-6.000216,-6.9474626,-2.7903562,April
-353.00766,129.38153,-4.073359,49.93224,-3.4176593,19.783485,-0.6386652,3.6601026,9.2089615,3.537944,15.157633,19.174322,-2.1908321,3.3768337,3.4757316,-7.7120924,-3.553191,-2.696766,-4.8249903,-3.1465242,April
-357.10086,124.90023,-12.160759,48.59547,-2.1510763,14.667038,-2.6948223,5.727895,6.0613475,4.6673055,10.597968,15.934126,1.9964533,5.297805,3.818396,-4.771169,-3.2535086,-3.2246196,-2.7149522,-0.49120903,April
-366.3804,124.63713,-9.333525,44.554283,0.79843557,14.337432,-6.8026233,7.3991537,11.266683,1.925434,10.139289,17.983261,-0.8133741,5.052477,3.589353,-7.730985,-2.249035,-1.8385931,-3.7680159,-2.2145846,April
-392.68845,119.527855,8.410763,42.61838,1.2578115,21.702593,-5.711241,9.89863,7.5663037,2.3136585,15.027913,7.6573954,2.8227751,5.3406625,-1.6346728,-7.5756454,-2.2963064,-8.640256,-5.954259,-2.417775,April
-386.95047,119.83025,-2.5878754,44.33591,3.4860103,16.997595,-5.737643,7.3611794,10.593483,0.25294235,12.468638,15.968553,-1.7274622,3.7495325,3.0146022,-7.1405334,-2.9585454,-4.975895,-5.802045,-1.1049906,April
-387.0037,123.00487,-6.247791,38.656315,1.862814,14.842144,-5.1611624,8.405557,8.378792,0.12414388,11.426967,15.311833,-3.4498694,6.193298,0.478834,-7.6166544,-2.2495122,-7.5017037,-7.4107885,-1.4856385,April
-380.99118,116.19639,-6.883809,36.45543,-3.832006,16.558115,-12.095559,6.4892106,7.074705,-0.2563531,12.18889,14.190721,-2.040231,5.8480062,-1.4719772,-9.091558,-3.5636349,-7.1122255,-10.490559,-2.6320472,April
-376.77448,86.54686,-0.69964206,32.44968,-10.585159,13.979943,-5.2783313,11.595469,-1.2601632,-1.3051107,23.31313,2.3807335,0.18910134,11.416569,-6.319715,2.0461586,-7.115941,-10.569898,-7.735344,7.633706,April
-374.55014,99.79879,-2.0956018,34.983738,-10.118944,9.153083,-7.038933,8.724955,-4.3546476,0.7402077,21.7165,6.188723,-0.9717958,13.33407,-4.8302717,1.0129583,-7.3432436,-10.949447,-8.961708,3.8615685,April
-364.9333,105.12807,1.0577484,37.154953,-10.064574,14.471481,-4.5945454,9.086434,-1.5592763,8.567593,21.725065,11.05365,-0.53614515,11.650197,0.16297413,-0.27000645,-5.7364016,-8.218279,-5.2119303,5.593026,April
-374.78793,107.708534,2.514478,38.187332,-8.148992,11.986821,-4.9205365,7.426056,-1.3861687,6.307371,19.489302,10.433628,-2.7515097,13.425381,-4.9692836,0.32405955,-5.385049,-8.098561,-4.858912,5.933784,April
-369.01038,111.837616,5.3514357,35.357143,-3.4587562,13.797352,0.38884926,13.657986,0.19183992,8.169696,22.20534,9.905833,-0.9002991,13.674036,-3.9508803,1.9792569,-6.9434137,-7.7774954,-6.2978415,3.2450905,April
-360.2166,110.69959,-0.3097024,41.15178,-3.8274918,11.320009,1.2559693,10.315064,-4.1002574,6.6335144,23.22114,7.2802863,-3.3244839,13.925198,-4.281325,2.0588143,-7.02415,-8.650888,-6.674696,5.186637,April
-332.3386,113.746765,-6.4873457,37.313263,-8.359049,14.787313,-2.3855634,9.860772,0.6749631,7.883887,22.89093,10.644217,-0.074632734,12.119319,-4.1887226,0.03268525,-5.167012,-7.516004,-8.723852,6.58298,April
-369.7706,111.52921,-0.033591174,45.87923,-5.532059,21.563786,-1.038573,4.0819793,13.408073,5.2750664,9.378787,13.747498,2.9831455,6.6736345,2.255582,-6.852614,-3.1683667,-4.08721,-9.378178,0.3157425,April
-352.05344,109.60775,0.4896301,39.910748,-6.3228245,15.942238,1.415782,14.850979,3.4882705,7.1111507,17.587502,9.744775,-3.4177089,11.058022,-2.8661284,1.0948848,-4.3317575,-9.282927,-7.4744635,2.2562308,April
-332.262,113.40375,-0.4073214,44.128567,-6.6473794,14.737414,0.5556055,14.254829,-2.4217997,8.363145,24.12584,8.791513,-3.7710328,11.085599,-0.5207884,0.24581547,-5.905775,-8.25802,-4.3838987,5.7898464,April
-332.26154,115.788414,-1.8343233,40.774986,-7.488701,13.991272,-1.7619944,13.147575,-1.4880557,6.4755607,25.025578,8.381565,-2.4498713,11.549717,-7.31991,-0.3938997,-4.7896147,-8.7881155,-6.0394154,5.68421,April
-349.66275,102.88621,-6.2121787,39.82361,-4.1410484,12.088994,-3.9594784,4.5026326,-0.19154313,8.939462,22.394613,10.530959,-2.591845,6.761569,-6.8009286,1.9785445,-6.3971353,-6.9368615,-6.8626003,4.6928124,April
-352.0895,108.06285,-0.76466405,39.58813,-7.426306,10.536626,-7.4470487,8.926488,-5.769365,6.823126,21.688818,6.2754116,-1.7801955,6.411349,-2.4763365,1.4919809,-7.3797398,-5.9059405,-4.77815,1.414368,April
-345.59692,110.73664,-3.8313773,33.314842,-12.544635,8.809603,-6.186247,14.648677,-4.9115906,7.31859,18.857542,3.8047626,-3.201124,9.133136,-4.056166,4.5732293,-6.2411914,-7.3831854,-5.286153,1.9151789,April
-355.22388,111.86382,-2.0108426,38.625114,-7.0652275,10.146235,-6.907581,9.873886,-3.2639713,9.734659,23.41591,7.327537,-2.221689,10.943655,-4.558494,2.1352947,-7.6716037,-7.306234,-4.861235,2.4164588,April
-350.5405,111.071754,-3.6621478,37.11801,-10.00071,8.107891,-8.591742,7.935364,-5.219097,3.835253,24.253977,4.3997197,-4.312422,10.445174,-6.5874453,1.913681,-7.36541,-9.8739605,-6.823682,1.9434187,April
-354.6003,115.31257,-1.8608098,41.512314,-8.949667,10.953903,-3.527777,9.816544,-3.6376114,13.071518,24.884218,6.3568864,-0.6807146,9.114722,-0.9411786,1.6437906,-4.0337625,-7.7390246,-3.3870523,2.3920798,April
-350.69516,116.16472,-0.17700948,38.97015,-3.5594482,13.363921,-4.8091173,14.130216,-5.5431647,12.520925,24.550165,5.557582,-0.30859667,7.098204,-1.9479944,4.7385917,-7.8669357,-7.623089,-3.817035,1.6470481,April
-398.83545,112.73494,3.529599,42.86609,-1.0825092,20.622173,0.4156686,8.672825,12.104008,7.9854956,10.137605,8.593038,1.4925176,2.7903187,0.35755953,-4.1598563,0.6732765,-2.1281466,-2.962523,-0.3073722,April
-359.45905,111.01652,-0.28034955,35.742687,-7.0136056,12.518257,-4.702328,10.478071,-6.912137,9.925842,23.000584,5.222796,0.13336268,8.288031,-4.5126963,-0.33484623,-6.9629173,-7.104873,-4.161157,-0.37788302,April
-365.03656,109.393265,-2.4144292,40.394184,-4.119956,12.822779,-4.6259522,11.460822,-1.2962264,9.814744,22.519527,7.9637656,-1.5266728,6.8635025,-2.1007297,0.24064226,-8.198511,-4.282216,-4.6712723,-0.22927876,April
-373.8254,108.05477,1.1449165,35.147118,-3.7884603,11.196431,-4.597048,11.4699,-1.438968,11.358429,23.60117,8.748865,0.04314027,7.786438,-3.0405269,2.94167,-7.7366514,-6.8424363,-2.520025,2.9066205,April
-338.3202,115.18287,0.2240853,39.52921,-8.469351,12.509502,-6.679779,7.0350175,-6.377445,5.046317,24.157463,4.9453926,-3.6961107,8.965182,-5.568588,1.4769837,-8.50212,-7.494553,-4.999994,1.7364407,April
-368.7446,119.61233,8.622377,35.876823,-2.7190747,13.057736,-5.8867073,12.1011915,-7.96277,6.5702286,17.878082,4.5394425,-1.9585505,6.0332413,-4.9657145,-0.9565278,-9.408053,-5.8083086,-4.965655,-3.6913111,April
-332.4501,122.43806,4.0172186,44.60396,-4.8951836,12.375576,-10.751861,9.816513,-7.282236,5.8656216,18.659166,2.9489799,-4.489455,5.3191395,-5.7519116,-1.2444564,-7.8722925,-7.413102,-6.139524,-0.25122586,April
-353.5479,115.63665,15.231867,50.761784,0.64165705,16.530611,0.17596534,5.4125495,-3.5701468,0.27781263,19.206728,4.104084,-3.6672757,5.641163,-8.3767,-0.51917976,-8.302341,-9.415397,-7.4411407,1.3578523,April
-324.9848,120.29946,2.3389978,46.14071,-5.387902,16.034502,0.06434404,12.915546,-1.5001142,4.8495893,20.06786,3.5563874,-4.6202316,5.911006,-7.674642,-0.5689389,-8.420987,-11.707992,-9.615086,2.3231604,April
-333.9447,134.5142,19.494604,57.581135,0.6865253,16.552399,-1.4172715,6.169641,-6.8949256,2.4222455,15.101738,1.0078094,-10.51312,2.5350611,-8.641263,-0.05035374,-9.308376,-9.865017,-5.97935,-0.33894232,April
-344.97113,130.22182,9.779101,49.66436,0.8862486,12.898854,1.6333559,9.499705,-2.9312418,4.165933,16.1127,1.9820776,-6.8912673,4.8590765,-6.1379733,0.82664335,-8.802344,-8.052329,-8.325942,-0.57433885,April
-386.78058,117.94584,3.9221256,44.729813,-0.61336637,20.841648,-1.9892683,6.6832786,13.2993355,8.696627,11.56935,13.662813,5.5204344,5.399821,2.4715054,-6.3479652,-4.3205748,-2.452731,-3.838954,0.622314,April
-380.73438,122.23252,-2.5820153,44.430115,-8.317283,14.45491,-4.9795394,5.6172795,0.920901,0.0117681455,24.497232,7.7661996,-3.7627838,6.4368157,-1.5715427,-3.6407416,-1.3873706,-8.522275,-8.858728,3.7510161,April
-376.6392,114.54348,3.8608367,44.67683,-2.2805915,21.585312,-5.2910194,7.3165245,10.202392,5.686301,12.917487,10.541827,0.7784076,3.544663,0.7212311,-6.946923,-1.7269094,-4.896212,-4.05074,-2.0705526,April
-385.40228,114.02637,2.8184383,45.24909,-1.8590335,22.178959,-3.2849517,2.0378804,11.114323,6.482477,10.282114,12.972414,3.0916092,4.5861335,3.8597822,-5.692442,-3.6549554,-2.8222759,-5.7566447,1.0790555,April
-376.4842,122.635765,1.3793519,42.15041,-0.69254076,19.592718,-6.464141,8.61749,11.304518,8.085878,13.260803,16.454294,4.3415093,4.0850444,4.5269966,-6.011143,-2.6084805,-1.5537553,-4.1995034,0.16203938,April
-354.92636,122.470726,-10.938237,42.649586,-6.747732,17.168264,-2.133213,3.037125,10.581675,7.0674496,13.210625,17.820795,-1.2720592,4.1040993,2.6467745,-6.451039,-2.5806816,-5.7136655,-5.4438972,0.12358073,April
-342.95282,117.6967,-3.0500183,49.969578,9.517103,2.8961394,3.9795675,14.010757,1.6545825,3.5934806,11.095215,0.16599655,5.389353,7.4974875,-8.262595,2.5652535,3.5979173,-5.684893,-2.5276012,0.18818137,Desember
-352.74313,111.96757,-2.3733766,51.70765,5.722425,2.5576782,2.1946363,13.122075,0.12843268,5.5829315,10.567289,1.3839732,6.12044,5.4105844,-9.121213,4.6731815,1.61394,-4.203428,-1.4751738,-2.4968572,Desember
-334.19168,112.15689,-8.97461,52.44414,3.109767,-3.4642994,-0.093857154,11.797006,-2.4407012,5.0628595,11.589153,-2.8017573,5.5050793,7.3235574,-11.4823475,0.35394636,1.4160061,-8.04664,-4.1806717,-1.9282622,Desember
-345.53653,113.75662,-6.7903624,48.614235,2.8406668,-0.6595187,1.690524,11.755003,0.5834767,6.079222,12.42522,0.8502354,5.2188244,6.600996,-10.000456,1.6731476,1.3338228,-5.4282017,-2.2579908,0.19262026,Desember
-336.06705,112.26632,-7.2018685,53.623215,5.5230994,-2.5406504,1.4536848,13.098402,0.39567488,5.9275713,13.589926,0.2748947,5.6808343,7.2071486,-10.443905,0.87351465,2.0728188,-6.6796594,-2.7005572,-0.09861292,Desember
-339.4257,115.12171,-4.013411,51.657555,6.288067,2.4929748,3.6325073,16.249632,4.4989805,5.80578,13.07717,0.97232467,5.7234316,8.851006,-11.08326,1.9314336,3.7124102,-4.810141,-2.8817284,0.30675492,Desember
-312.90564,115.01605,-8.476262,57.359474,1.6502612,-5.700605,0.085441634,11.771724,0.0016394277,6.330669,16.47545,-1.3862065,6.3097444,11.19796,-10.198487,0.7687415,2.3594277,-7.8344655,-1.9483416,0.4363764,Desember
-340.05228,114.52293,-2.65444,50.783577,6.4715333,1.053139,-0.45914885,12.255016,0.44477174,4.092626,13.435181,0.58234346,5.1393356,9.363406,-9.481554,0.7584767,1.9352429,-5.8628883,-3.4362862,0.31114393,Desember
-339.2655,113.8183,-4.448396,50.59804,4.1009526,-1.9863394,0.43884325,15.511649,0.9874672,4.3529835,15.425562,-0.036304213,3.1895807,7.739262,-11.328035,1.367004,2.1913414,-4.9971023,-2.3576207,-1.6486598,Desember
-340.0627,116.42431,-4.1517773,52.14603,8.080626,4.5434794,-1.5626497,15.642633,2.66836,4.9266663,15.285451,-0.2066477,3.2131226,8.550974,-10.509719,-0.26870826,2.8154626,-6.4816484,-5.0615864,-1.8005031,Desember
-332.11563,117.811554,-7.8283334,50.711056,-0.16785306,-3.360349,-0.17416975,10.807116,-2.274223,8.18477,11.700283,-0.31764638,4.6424956,8.808528,-11.242977,1.510021,1.2647507,-6.6876273,-5.2429867,-1.5305266,Desember
-351.88068,115.56084,2.099529,42.778442,4.890081,4.1595316,1.753824,12.9001255,-0.41188383,7.0175095,10.734185,-1.0348097,3.5582054,5.0080004,-8.739821,3.9872215,1.1524858,-6.7188416,-1.3019428,-0.030896401,Desember
-342.56964,112.502464,-8.457356,48.39112,2.6584585,-2.00049,1.8969778,11.660545,0.93859184,4.5139666,10.751871,-0.13844113,3.2438822,5.558369,-11.796627,0.3900848,1.1506447,-5.4622235,-4.238645,-2.507529,Desember
-335.68393,116.614494,-4.845778,50.81304,1.3336496,-4.235701,-3.8521862,11.077135,-0.33095357,3.3459778,14.114128,-3.56104,1.819716,9.713213,-12.41769,-2.5150669,2.343625,-6.317036,-5.3831506,-3.0007818,Desember
-332.64932,113.93577,-5.2909946,56.101017,2.3669145,-4.951754,-2.0396059,9.513679,0.57672715,4.4607563,14.602054,-0.7167949,3.600449,10.879914,-11.692335,-0.84520364,3.4050002,-7.9620514,-5.9720373,-0.16188991,Desember
-325.602,119.5808,-5.45528,53.775047,-1.8390896,-6.557786,-2.3592832,11.246739,-0.9625134,6.4449825,14.542175,-2.8979056,3.6070952,11.74311,-11.241508,-0.83328897,3.118381,-6.5610733,-5.2233944,-1.3109584,Desember
-334.13168,116.947685,-2.0037208,55.16002,3.1859307,-2.7772925,-1.8634378,11.9909,0.012373586,4.977132,13.529875,0.86338663,6.1620555,9.097396,-11.813504,1.1278381,2.7167428,-7.087749,-6.4994707,-2.273269,Desember
-336.66595,120.0265,-1.5369614,50.139645,3.3423908,1.683778,-2.226165,11.467427,1.9266027,6.427787,15.256954,-1.0018994,3.2253249,9.93468,-9.780819,-1.4341158,3.23722,-5.693404,-5.4201355,-0.46939236,Desember
-320.51688,118.42667,-6.2360096,55.6127,2.7800958,-3.6906002,-2.7480261,12.718733,0.4495784,4.083808,17.013102,0.608169,3.0213368,10.697112,-6.905178,-0.80624235,0.3154299,-4.141244,-4.885786,-1.972101,Desember
-340.61664,114.690384,0.29427055,50.706512,9.575078,1.6819036,-2.1365676,16.011606,3.3727114,5.331613,13.207428,0.666059,3.7145367,8.734214,-7.781886,-1.410803,2.8271353,-3.9630034,-4.1014276,-1.4661528,Desember
-335.56042,116.435394,-4.0762234,53.344704,4.3960967,-3.5418975,-2.7628322,11.819122,-2.2021804,2.8309128,13.497056,2.1401603,3.781991,9.904237,-9.04802,-1.0549177,2.5772874,-5.9075894,-4.9344244,-2.0586095,Desember
-338.8497,119.21159,-5.057527,48.352528,2.752613,-2.750594,-3.9838498,11.184256,0.7233071,4.75035,11.5162325,-0.15908514,2.9536822,9.057657,-9.798574,-1.3529943,2.2826107,-5.580733,-5.7922473,-1.9754562,Desember
-343.4274,117.28412,-1.5719453,49.22336,10.480026,-0.00094418647,0.75297207,15.542238,-1.205534,3.028399,10.3632,-1.3774226,5.478248,7.8573413,-7.7358923,3.738861,2.2351067,-5.595351,-2.3901746,-1.7150214,Desember
-338.81635,117.86525,-5.2951236,50.731236,3.0608861,-2.7505364,-2.4367135,11.222857,2.2600963,4.9702034,13.971212,-0.5272461,1.2294804,9.6273,-8.828552,-1.7708726,3.6327689,-5.8085666,-6.800178,-2.9707024,Desember
-332.57272,115.508316,-3.7495656,55.572254,4.4430513,2.074815,0.43127427,9.215315,1.3957251,3.7641337,14.5901375,1.1644305,2.0524933,12.053752,-10.571252,-4.5352716,2.9484925,-5.6442766,-5.76571,-4.0913467,Desember
-322.90692,116.24636,-3.1393433,58.319824,2.3966324,0.58614415,0.42754298,11.240904,0.8951484,4.7220416,15.870237,0.9890292,2.3016343,12.006831,-11.329073,-3.461355,3.619807,-8.449321,-9.512285,-2.108094,Desember
-355.31876,113.6619,-3.3436627,45.355244,5.113923,4.4940724,5.486266,14.898117,-0.47220382,5.675824,11.231862,-1.8376036,3.1484623,5.722781,-10.107561,-0.38359076,1.2360084,-4.533666,-1.4695213,0.13414736,Desember
-336.32312,118.41565,-7.6098485,45.491455,2.560622,-1.503335,-3.3377423,14.406991,0.0065732147,4.797758,13.287928,-3.4234917,4.2503433,9.316068,-11.812006,0.7690137,2.304882,-7.0091624,-5.4541354,-1.4708639,Desember
-330.3337,121.97838,-5.7862515,47.94071,3.6897016,-1.270881,-4.2473993,10.168518,-1.9009132,3.1686008,13.61926,-4.6399603,4.6335073,9.978736,-12.733131,-0.4200586,1.8982127,-5.8559985,-5.6458573,-1.5440506,Desember
-339.11978,118.04617,-4.382623,51.060947,5.778624,-1.8593048,-0.5436022,11.059214,-2.1892478,5.193755,13.266233,-2.435208,5.7800145,10.426216,-10.867436,2.1854165,2.0780585,-7.6032877,-4.998322,-1.2385873,Desember
-337.6861,119.07924,-4.446908,48.61962,2.9270947,-0.6887832,-1.612398,11.307048,-1.0578465,4.532679,13.113131,-2.7269037,3.550067,10.451345,-10.78134,0.20986809,3.6402676,-6.7046814,-4.8629174,0.07268486,Desember
-335.83084,122.486275,-8.857778,47.6132,0.56231946,-2.0122645,-3.3551676,9.534265,-0.8315389,4.3424473,11.675539,-1.7151972,2.496978,9.909017,-12.563907,-1.3217944,3.384712,-5.93552,-5.195254,-1.5884094,Desember
-350.00433,121.00136,-7.466328,46.75876,8.693151,-3.319036,-0.9086602,14.628822,-1.4881094,5.4318333,12.471635,-0.2781846,4.5726924,9.140489,-9.069714,0.520301,1.9706808,-3.282888,-5.203358,-1.8227599,Desember
-348.27286,118.59137,2.0944386,47.54955,9.201291,2.032452,4.2177687,13.869777,1.3897829,3.8651729,12.127577,1.5429808,7.423038,8.466742,-8.391345,6.0381155,2.5786188,-5.746672,-0.49318403,1.3563248,Desember
-346.8446,119.36751,-4.883387,47.4543,6.001209,3.694741,2.388393,14.171822,1.2134244,4.4723735,12.604693,1.5089903,4.860577,10.161934,-8.396285,0.8678114,4.259405,-2.6126642,-4.3007684,-0.20628354,Desember
-342.32632,117.69939,-2.5843408,47.07992,5.0924854,7.527632,0.9845769,13.8409,4.232638,7.2799096,14.274563,3.3831253,5.0788507,11.688565,-6.2408004,1.7868823,4.193435,-1.229063,-2.0878901,1.5516806,Desember
-326.62643,120.04881,-8.949608,49.687737,3.614705,-1.4876168,-1.2378201,11.585307,2.001501,4.301398,13.826124,0.64829737,5.5002627,12.872512,-8.659455,1.1748004,3.3525236,-5.71501,-5.7070823,-1.048797,Desember
-341.7916,116.44809,-3.6601093,47.938694,3.7303848,3.876089,0.28745866,13.701395,5.097799,6.3432293,14.688319,0.9346157,4.408818,10.786852,-8.302824,2.2433426,4.9269533,-2.5707946,-2.6150799,0.5019913,Desember
-319.9823,121.35754,-6.7145014,55.53164,3.9118378,-3.4989176,-4.147134,8.587278,0.043282524,4.7541127,15.251403,0.48749307,4.5080495,13.289784,-11.33443,0.21046054,6.2839007,-4.377395,-5.66313,-0.97336024,Desember
-327.46356,122.725105,-3.5905483,50.60219,0.42933762,-1.1580802,-5.1199718,11.798775,1.2716398,5.326434,14.872962,-1.5810847,5.099685,10.653428,-10.987709,-1.269919,3.3492365,-4.9159746,-5.2957315,-0.41601837,Desember
-325.81323,121.82014,-8.593482,50.47915,3.4974425,0.11557,0.43734986,11.663123,3.5693085,6.389769,14.333353,4.377626,4.14133,12.753788,-8.380067,-0.46943212,6.309396,-1.889488,-3.4642806,0.22849734,Desember
-324.8962,123.96035,-9.407597,48.90582,3.8887513,0.6836712,-2.120258,12.384674,3.6331074,6.8810773,14.697695,1.3449908,4.982819,11.732698,-8.162678,1.2000755,4.7584243,-4.6240396,-4.853106,-0.3694995,Desember
-331.576,124.828476,-1.7412698,51.453735,3.9609642,2.5447867,0.09064865,17.287394,4.955804,5.7134266,16.668037,2.4731536,7.2983193,12.830173,-9.630976,1.6883242,6.649257,-1.8445811,-2.623446,1.3323522,Desember
-325.1784,122.66457,-1.1940922,51.517723,2.4530895,3.0818846,-1.4190996,12.72719,3.0455556,4.1912036,15.743757,2.2619789,4.9901013,12.097413,-7.503967,1.6854092,6.3102756,-4.989315,-3.150975,-0.38856882,Desember
-345.1649,120.494,-0.7601195,47.086296,8.409343,2.6658363,2.6707416,11.950688,-1.5756317,7.037214,10.709063,1.5079099,6.619718,6.9494553,-8.22683,3.553071,1.444471,-6.133191,-2.7900515,-1.5634745,Desember
-326.09988,125.949455,-8.862078,45.63302,2.8812418,-2.584287,-0.5291046,11.885641,1.100889,7.340285,14.341388,0.11620617,5.406648,10.506046,-8.850612,2.4384472,1.6477202,-3.6414201,-2.1890006,-0.46285483,Desember
-344.60263,119.06324,0.49902883,45.604023,3.8327558,2.7042377,1.2310606,11.293055,1.9706645,7.3852625,11.056264,-1.7167357,6.4539886,8.012546,-10.27044,1.4473168,-0.15612224,-7.5433316,-2.1817896,-0.8827202,Desember
-349.14163,118.870766,3.283964,47.327248,5.3747144,4.902157,1.8589579,13.100215,0.9141686,5.937506,12.287625,-0.75282454,6.441224,8.119044,-9.984113,3.3269968,2.3198028,-5.9683857,-1.7713957,0.08383695,Desember
-337.40317,115.881065,0.45959327,51.652378,4.5462446,1.7565589,3.181364,11.520218,1.7679685,6.8770285,12.9631605,-0.8410601,7.7992563,9.334009,-9.8538885,4.661684,4.0467343,-7.6503115,-2.8732636,1.0166748,Desember
-353.5739,115.624306,-0.28630844,45.9629,10.484284,5.6863084,3.0542195,13.445541,1.4583852,3.7825146,9.730022,2.3089519,3.7136972,7.595127,-7.4176273,3.3927913,4.909026,-5.8924522,-2.6920977,1.0640699,Desember
-300.5735,119.35751,-11.98316,48.51199,-2.1205084,15.916417,-6.07689,-2.3151877,6.5012803,-8.017129,6.4107814,12.165607,-1.4804881,5.481794,3.296832,-4.5939546,3.2296712,6.9125896,-7.420105,2.5961604,Februari
-307.8493,123.53697,-15.670934,46.391533,2.3836865,11.676899,-2.9255984,1.5639672,7.6146083,-3.2741444,8.453951,12.978178,-0.97549963,7.986161,4.324617,-3.7948995,0.2678079,3.9411342,-2.1243312,4.602199,Februari
-306.95813,123.840004,-13.1023655,46.92032,2.672609,10.973389,-4.9725723,0.9682543,7.4670715,-3.9229865,7.548152,11.765143,-0.8573741,6.1755404,2.7677784,-3.3233147,0.5679769,2.6332548,-4.0582585,5.887881,Februari
-311.54224,121.30532,-14.793813,43.56108,1.0967948,12.266682,-4.525884,0.5182288,6.517866,-4.0853634,6.2381577,12.27774,-2.066902,5.6392174,2.997722,-2.318758,-0.17450874,2.1797435,-2.0773776,4.7178164,Februari
-308.83673,119.79688,-17.542318,46.91035,0.1424003,12.402014,-4.016676,-0.38004386,8.447556,-5.8490033,8.588181,14.136872,-2.6108472,8.302515,2.8739078,-3.0202875,-1.2310258,1.0542204,-3.9927194,2.0844088,Februari
-320.986,120.08244,-12.387349,46.442074,3.5102131,12.97454,-3.7998903,-0.66351277,7.9028206,-4.8537593,1.3056594,14.707328,-0.107638225,4.965534,1.1331617,-2.2723248,-0.3411311,6.7012944,-5.4943376,2.6113682,Februari
-330.39987,119.624954,-9.49621,43.206482,5.1965313,15.441372,-0.34149292,5.5085254,8.907232,-0.028650932,7.629525,13.957263,-1.6173755,7.064669,2.110439,-1.5680465,0.03119176,2.5357773,-3.522576,4.8498845,Februari
-298.169,120.71538,-13.952986,49.617466,1.1973444,11.023536,-4.5643816,3.6879635,8.615651,-1.8878973,6.52318,16.995619,-0.38728574,5.8276196,5.482717,-4.590686,1.0877259,4.9066005,-3.3773081,5.3744826,Februari
-299.0547,125.49893,-8.993955,53.547047,4.8224864,14.594689,-1.6074772,4.3725653,11.7150755,-0.9582611,11.465952,18.764717,0.17540252,12.266799,6.841335,-1.5478792,3.0297625,3.560207,-1.9535309,6.7306623,Februari
-309.4251,124.22671,-6.646896,51.641148,1.3345356,16.174986,-6.6738467,3.6708527,11.759234,-4.5379195,8.070924,14.679002,-1.9774501,8.845321,5.0333314,-0.8911247,1.2589169,0.8895907,-2.529184,3.535582,Februari
-304.16086,127.80627,-11.942932,48.00645,6.2386417,14.134258,-3.6123388,4.815083,11.322826,-1.3223795,10.086219,17.04548,-0.0518392,8.370121,5.6353183,-1.8015034,-0.056165762,3.3412807,-1.1969962,4.0336223,Februari
-305.66455,122.10738,-14.0678215,50.6816,-0.11965375,11.040207,-2.4118226,-4.552218,6.223408,-6.5025077,1.7724344,13.230987,2.1324096,5.2107906,4.5285797,-5.5026116,1.1589383,7.370144,-8.596362,1.9060072,Februari
-320.81104,123.67605,-12.774861,46.529205,5.194704,14.387529,-1.5004494,5.4271646,11.090026,-0.7545327,7.57801,16.226166,0.40454882,7.04604,4.3000965,-2.0187552,1.2336193,3.9768262,-0.9058296,5.5855546,Februari
-315.14774,123.96798,-12.338307,46.301,4.8137918,17.083532,-2.8733578,4.490968,10.486276,-0.15254872,9.344278,15.024441,-0.11968142,7.160572,4.924544,-0.960454,0.6329452,2.4630177,-2.1434298,4.2058625,Februari
-319.3163,124.4184,-14.466072,45.79381,4.6779265,13.736483,-3.9849627,2.0837827,8.420405,-1.5146205,10.351447,16.582806,-1.678559,7.134638,3.618501,-2.3361351,0.22712554,1.0535613,-1.0124693,5.3495955,Februari
-306.45023,124.02479,-16.159584,48.816387,4.102225,11.704688,-3.6509244,3.282506,8.11374,0.013047076,9.10239,16.383242,-0.923645,7.1215677,4.66925,-3.9047065,-0.34660393,1.9926722,-2.1411319,4.40979,Februari
-316.8792,121.04166,-9.791062,49.663784,4.2155747,12.146429,-1.8630781,3.2738144,8.04282,-0.058591,8.433224,15.604954,-1.8443692,8.829763,3.77317,-0.8338063,0.72555864,-0.1017727,-1.567258,3.245136,Februari
-303.49985,122.42322,-7.2705193,52.463345,5.3706517,14.390327,-2.8485518,4.229078,9.98935,0.1223251,9.088039,16.58967,-2.1613982,6.9213767,3.9421604,-1.5772452,-0.7424743,-0.15304852,-1.9246454,4.068996,Februari
-304.8848,124.302704,-10.144114,53.63367,6.026601,16.896164,-3.5471504,3.2813342,10.548845,-3.2765822,7.6763735,14.165174,-3.8368318,8.772835,4.337324,-3.5395389,-0.16324493,-0.520263,-2.2401388,3.4037788,Februari
-304.8513,116.479485,-7.857688,48.638683,2.438091,15.8586855,-5.3848343,-2.2701356,11.887624,-8.327028,7.374072,12.108548,-4.843068,6.6400347,1.77013,-4.4856353,-0.016710386,0.77622366,-5.1786766,5.420102,Februari
-321.9546,123.28973,-6.24126,48.87417,4.096221,14.503234,2.2636287,3.478986,10.269258,-0.94483906,8.315164,15.160802,-1.4914703,8.270694,2.8716092,-3.1999962,-2.7892122,-0.9261447,-5.3610587,3.7751412,Februari
-306.01755,126.766594,-9.824665,51.160084,5.2485194,14.045791,-1.6628134,0.041524135,7.963142,-3.248621,8.173965,15.064133,-4.6402345,6.471485,2.6488135,-5.58027,-2.3756404,-0.96882606,-5.2254877,3.0055652,Februari
-296.89252,123.95232,-16.191696,50.048,-0.23554206,10.339386,-2.9276352,-4.6836452,5.27528,-7.0011044,3.46666,13.957671,0.5874275,4.153392,5.4218407,-6.114181,0.2989835,9.036939,-8.256693,1.1700933,Februari
-315.04495,123.25095,-14.739529,47.35814,0.74923825,13.27769,-0.5674299,1.1574365,10.814205,-2.5096564,7.46506,16.0095,-0.91340095,8.272054,4.55763,-2.4240472,0.55050635,4.2952332,-3.1702158,4.8092775,Februari
-309.7263,122.34724,-12.051249,50.103157,1.2966292,10.566417,-2.934314,-0.40429547,10.09339,-2.8037977,9.766882,18.035889,-2.8344927,8.662992,5.2157464,-4.137198,0.20324095,0.5977118,-2.3368645,5.7488055,Februari
-310.0822,123.48079,-9.597477,46.773094,1.3502792,11.1918,-4.3094788,-0.71721375,9.657968,-5.170945,9.820532,16.008524,-2.8179324,9.763783,3.1678386,-4.283503,-0.5728003,-1.0454891,-2.424055,6.522123,Februari
-327.80066,120.74709,-12.958088,45.208244,1.2724884,10.988608,-2.6269586,0.30520466,7.958912,-2.711901,6.7585,14.162534,-0.99855417,8.5234,3.4977303,-3.2824674,-0.31742907,0.3198613,-1.1227314,6.8078923,Februari
-318.00928,122.28184,-13.840074,43.865307,5.411078,9.308166,-6.209506,-0.71503794,7.122919,-4.5844183,7.0583544,12.716744,-1.7490597,7.367907,2.1563265,-4.2634215,1.0128102,0.9390522,-4.851214,6.558691,Februari
-307.27817,125.4123,-13.049872,47.1401,1.5468098,10.258887,-5.0326476,-1.0280024,5.6281676,-5.7665563,8.025825,14.954662,-4.5916934,6.865277,2.9402745,-4.9937425,-0.114340544,0.55883306,-3.9841392,6.205778,Februari
-316.01794,127.31042,-7.0515366,46.372307,1.9589405,13.135129,-4.13902,-0.17544717,7.6561728,-2.6315355,4.2903695,12.937612,-3.0017362,7.0563397,4.050272,-3.8708801,0.6133021,0.020849647,-4.3898077,6.4847956,Februari
-315.1649,123.05838,-12.5915165,44.93623,1.5669742,12.300125,-6.145458,-0.16099289,7.0674243,-3.699703,5.3157215,14.932742,-3.0324721,5.3435473,2.8028815,-3.6637616,-0.37137145,0.47692308,-1.5382898,5.277741,Februari
-322.0933,122.17309,-13.31525,41.757904,2.9833364,11.745872,-5.71938,-0.83290744,5.1870174,-3.6057906,5.80853,12.662161,-3.031861,6.2878237,3.9126885,-3.1453779,-0.4952614,1.6709737,-2.0434568,4.855946,Februari
-322.14813,120.27254,-10.867921,42.661148,4.1784606,11.872828,-4.5430207,0.5053499,6.571877,-3.598586,6.913503,12.107452,-2.901147,6.9510045,1.1975964,-3.064539,-0.25235653,-0.82377183,-2.0179942,5.528442,Februari
-302.95264,121.59206,-17.8664,46.82936,-1.0281273,10.348947,-2.3461525,-2.6170442,6.95924,-7.310965,3.4748564,12.164801,-0.91353065,3.6956215,3.3956726,-4.9713197,0.20013508,7.3263054,-8.457732,0.656937,Februari
-317.89984,121.21883,-10.427247,47.14336,0.8816836,12.028886,-2.675281,3.9768362,7.7550936,-2.6886084,6.865031,15.083654,-1.6458411,10.225094,4.357007,-3.0739136,2.6664088,0.04735988,-1.2632145,6.315057,Februari
-318.87628,123.20622,-18.081724,42.454746,4.0375996,8.893816,-5.814168,2.4429078,7.48199,-2.6093285,7.295319,15.374389,-2.7482047,5.38808,2.7559154,-3.3627036,-0.4574513,-0.20234121,-4.5766053,5.7944155,Februari
-310.73117,127.36883,-9.029038,49.02674,0.23518889,12.922575,-6.128041,-0.39934316,9.041138,-3.3112738,9.587572,16.971302,-3.5127864,9.050542,4.0474176,-4.1310096,2.2896576,0.50914264,-1.2254016,5.024198,Februari
-320.15536,120.444176,-15.932562,45.026455,0.7503393,10.785657,-5.2634115,0.9253835,8.09516,-2.6735256,5.9047866,16.186577,-3.004343,5.0613356,4.689538,-2.5157638,-0.6897573,-0.3709485,-1.5100135,4.9486675,Februari
-331.13394,117.01621,-13.679207,44.54026,1.5432018,12.995014,-2.527116,1.2332318,6.7777967,-1.1878864,6.482204,14.807201,-1.1740764,6.275267,3.4702985,-3.4495912,-0.47226772,-0.4555632,-0.49756682,5.268829,Februari
-324.92148,117.60967,-12.5526495,45.265533,-2.0953815,14.175001,-2.2095284,-3.500549,6.431714,-1.909979,8.376699,12.728557,-3.4856093,5.403953,2.5111315,-5.4814773,0.34570187,3.2213635,-2.6644611,2.984021,Februari
-323.0705,120.979126,-9.993692,49.095875,-0.5590178,12.920058,-2.3472893,1.5389711,5.8426685,-5.563388,7.1421404,13.618449,-2.4719317,6.9639482,2.155242,-3.863414,1.954289,0.407756,-3.1469252,3.0915158,Februari
-310.65155,119.777145,-11.180016,49.406647,-2.7194908,13.364676,-4.3740683,-2.5603886,6.317828,-6.8986263,8.224757,13.615089,-4.698732,6.4713607,2.3136241,-4.8335524,0.092223704,0.18903902,-2.7655156,4.1070747,Februari
-324.31232,123.96949,-10.066939,51.037426,0.005503556,10.910179,1.8304307,0.96580404,5.713604,-1.5861881,7.5739927,15.562301,-2.0736718,7.0927315,5.7296267,-2.88071,0.95863533,2.483863,-1.5570204,5.0531697,Februari
-343.326,117.26018,-12.359184,45.205765,0.9602128,11.779188,-1.6932317,4.0835466,6.371655,-0.9711917,4.521564,10.322314,0.13377562,5.149023,2.4445493,-3.0661387,-1.4080129,2.0155425,-3.1861641,4.7800603,Februari
-304.65033,119.39509,-14.347581,47.03827,0.73774487,12.347877,-3.2467804,-0.9517037,5.7415752,-7.6181827,0.8131556,11.908694,0.13478884,5.131251,3.2757845,-5.562329,4.0677996,5.860627,-7.940007,2.7478387,Februari
-325.25946,120.1244,-13.117213,46.838882,-0.17186768,9.954824,-2.4422867,-0.088456444,4.3713655,-4.4075584,7.352539,15.718526,-2.037363,5.2632647,2.5198195,-3.7978761,0.4209908,1.6789845,-1.0787779,5.108923,Februari
-304.27768,116.35556,-16.137558,43.215046,2.277992,14.544899,-4.8066487,2.372547,6.5108724,-6.940108,6.4720974,11.640266,0.7860592,3.7918034,0.8292988,-3.2352622,4.039121,5.4311423,-8.153786,3.7520428,Februari
-312.08395,121.81222,-14.384809,44.739944,1.6974938,13.379569,-3.0959504,2.582518,8.217851,-4.7357097,5.7872024,10.6262245,-0.5483067,5.259188,0.89664423,-4.6985,2.3185859,4.6665034,-4.845835,0.8460941,Februari
-280.93988,117.61235,-16.979904,47.0766,-2.8634405,14.742667,-1.1341445,-0.918926,7.2988987,-9.217849,6.372166,6.865079,1.7381679,4.3695455,1.5983726,-1.0931175,2.1054099,8.482744,-11.132876,1.3185182,Februari
-299.20013,115.42324,-16.585016,45.799095,-3.1958702,10.652772,-3.715088,-0.7596706,5.8050814,-6.455471,7.8329554,10.615588,-1.8951628,5.6412187,1.6869764,-4.976242,0.38082716,3.4805114,-4.8872247,4.56374,Februari
-308.01956,120.61379,-11.832947,50.55107,-1.4672824,14.446707,-0.013840437,2.4682243,5.3845387,1.0224738,3.5673788,8.415348,3.8390198,0.18525635,2.338521,-2.6601427,5.207935,1.7614543,-4.4239526,1.1632848,Januari
-317.32828,124.33841,-16.91181,46.18533,-1.038004,11.694823,-2.776797,1.2556018,6.65375,-0.85389334,4.0259814,10.953018,1.0319368,0.7069787,0.12434269,-2.3889196,2.362716,4.2287283,-7.0107374,0.90768474,Januari
-317.47757,125.538086,-15.211601,47.18337,-2.579982,12.340752,0.19087024,3.3294632,6.697304,-0.5451973,2.2086236,8.730586,1.1592476,0.6026295,-2.9874365,-2.3640165,2.4708002,3.5975158,-5.320666,1.5816503,Januari
-302.41672,120.58858,-9.622649,48.039463,2.0276954,16.148521,1.556942,6.3612614,9.668152,-0.5500406,3.8382998,9.206743,4.2538323,3.6842837,0.06951642,-2.8459594,6.247688,1.1513284,-6.613238,2.5827837,Januari
-301.34238,126.07989,-5.13823,53.46545,3.46752,18.865149,1.7919418,7.3096313,6.4707117,1.2038735,3.1631854,7.8535295,0.8506868,4.0936437,-2.3965073,-4.669211,2.6436617,0.32739413,-4.843558,-0.31303436,Januari
-331.45068,120.90945,-14.706993,47.408936,-0.4135524,16.046574,0.83466756,4.887594,7.126117,3.0982516,7.947864,9.497331,1.4163669,6.047908,-0.79626787,-2.3794699,2.015744,0.17513838,-2.645085,1.4966108,Januari
-323.17685,119.61378,-14.951533,50.538486,-2.2813437,14.886375,-1.3147073,3.5731487,6.215207,0.73832804,3.8583045,10.342306,0.10734025,2.785407,0.4965237,-6.0047483,2.1834092,1.621164,-3.9997866,0.44994918,Januari
-300.51306,123.109436,-9.850946,53.59856,-4.0037055,13.361393,-0.31104973,1.2808627,5.31319,-2.3397765,3.95373,6.5861406,-0.37166652,1.9578023,-0.16294022,-6.0439634,4.1946845,0.7152408,-2.5585692,1.9223443,Januari
-316.6158,117.553856,-18.257343,45.656143,-6.220431,14.307241,-1.7607086,2.9196486,7.7317357,2.4582038,3.357394,7.7003903,4.450378,1.2708685,-0.82820624,-5.1110415,4.4362087,4.432463,-5.742937,3.249042,Januari
-319.61368,118.25128,-15.509105,45.505928,-4.1915092,11.985867,-3.1537385,2.8941994,6.8340836,-5.149323,8.423409,7.461614,-0.51033807,4.7147036,-2.462295,-4.29127,2.4486494,-2.4236586,-1.3401374,3.48973,Januari
-329.46094,120.28075,-10.165671,47.133816,-2.089928,12.620763,-0.6218245,1.6820129,7.9568934,-1.7668709,6.132464,6.656878,-0.56960076,3.4910097,-3.6098256,-5.0875864,-0.46500346,-1.1489835,-4.1633124,2.7365065,Januari
-312.30765,121.355064,-16.925444,50.735157,-1.9194973,11.075201,1.7579732,2.6453097,6.2016444,0.8914861,2.6642573,9.348292,6.3343167,1.3126116,1.4729644,0.43898445,4.212771,3.4030383,-6.221959,1.4695921,Januari
-320.66757,117.33083,-14.187626,46.011852,-4.7475724,13.143252,-3.3133907,2.148239,7.624744,-1.5140952,6.6717324,9.180852,0.18275134,3.1498306,-2.13179,-4.7062554,2.7182305,-2.3442802,-1.9493705,4.212321,Januari
-323.65765,116.775375,-12.803493,45.57345,-2.9194424,17.155228,-1.5095496,5.221911,9.26655,-1.1223537,9.633886,8.7499695,2.5647926,4.1447253,-1.906276,-1.2803574,1.5528096,2.7880132,-1.0972561,4.186823,Januari
-310.0444,118.97538,-8.947035,50.19284,-1.3004957,17.681005,-0.7324638,6.334214,9.839117,-0.20583561,8.031436,8.042022,2.035179,2.9391713,-1.4455831,-3.7908275,3.506435,1.1921011,-3.229423,4.2787127,Januari
-306.14587,121.46219,-10.677043,49.412384,-2.4425445,16.572247,0.8746788,6.1388073,7.634525,-1.6435628,7.694632,10.267459,1.9235178,6.5561914,1.6999731,-1.970091,3.5118833,-0.17007408,-1.7159992,4.082538,Januari
-315.16446,118.74038,-12.857297,47.64375,-3.0117397,16.622728,-4.8615813,4.808078,7.9526114,-0.31749487,8.115492,9.257977,1.5522672,5.7069225,-1.933779,-2.8065138,2.575456,0.7793231,-0.1411408,2.5656388,Januari
-316.40485,118.51946,-11.424969,48.20728,-4.4638386,14.449697,-3.9111722,-2.104702,6.905153,-3.9790313,7.0510693,9.952556,-1.8741579,5.1600795,-2.2593422,-6.512278,3.2871914,-3.5473096,-0.31818086,1.7378051,Januari
-316.1711,123.367065,-15.712418,49.824986,-2.2280552,15.089717,-1.6577396,-0.4134167,5.3968086,-1.9624038,5.997915,9.816701,-3.2612197,1.9697037,-1.7276331,-8.951177,0.8557732,-4.426729,-3.0138547,1.2812588,Januari
-309.6063,123.57736,-12.232766,48.090637,-1.7754135,14.18569,-2.243592,5.188064,8.441316,-5.1221,8.186985,11.881372,-1.714785,7.2103534,-2.7976878,-6.627502,4.881452,-3.2408724,-0.3135748,3.219451,Januari
-317.2105,129.94022,-10.158197,51.602814,-0.9848711,15.690213,1.0658144,1.4862872,5.8685145,-1.0322031,4.541775,9.918243,-3.5220325,0.54573905,-2.5128736,-7.4512706,-0.43019018,-5.348015,-5.0003943,0.92236006,Januari
-308.6352,129.72316,-11.7879505,56.539154,1.1297221,15.038697,0.9964894,1.3398137,7.423528,-1.696916,6.3101697,10.660521,-3.5236785,1.9027281,-1.6079937,-8.967808,1.0325809,-2.8445837,-4.3513937,1.8775502,Januari
-312.9639,122.20584,-14.458641,50.28762,-1.7287332,13.177116,-1.0301046,2.307436,4.8225036,1.3280174,2.1626947,8.1063175,4.9896703,0.87996024,0.35664275,0.8049321,1.2993644,5.2418947,-5.1385727,1.8493493,Januari
-309.44873,124.911736,-14.822711,48.940964,-0.8258916,14.050563,-4.77538,1.148444,5.80686,-2.9833066,6.7127347,11.262559,-2.1285427,3.781117,-1.5147713,-7.2836156,0.2448627,-1.9037869,-0.13431567,4.4320188,Januari
-309.77417,114.0957,-12.156458,44.747932,-5.673756,13.34372,-5.1374426,0.51758426,5.4453144,-4.4306307,9.127862,8.17346,-2.3402913,6.080803,-1.2913023,-6.247902,4.1901627,-3.1733277,0.50840867,1.7472507,Januari
-318.59528,116.145065,-13.600076,44.994427,-5.554452,11.908563,-3.162845,-0.09923659,7.4470263,-3.7239118,9.210067,8.860408,-1.8138119,5.72195,1.3180317,-6.917533,3.6053522,-0.67021054,0.37196752,3.220234,Januari
-317.18393,114.331055,-16.172789,46.689713,-4.0231676,14.97284,-1.2304465,-0.18152797,6.160508,0.313948,6.4053006,9.471773,1.0635743,3.0411842,1.4070283,-2.9985986,2.573173,-0.08212567,-1.0970476,3.830784,Januari
-319.33908,115.825935,-15.327425,47.919945,-3.1793494,11.061637,-3.0578928,0.80468893,4.1021748,-4.4383907,8.057599,10.17172,-2.6055772,4.244678,-0.7637991,-6.134557,4.1294465,-3.309966,0.35770258,3.8466878,Januari
-321.038,111.895584,-9.682187,44.508545,-1.365922,11.938223,-0.10916657,1.478389,9.793094,-4.284683,11.498829,5.650868,1.5880708,7.3661737,-1.822532,-1.5840691,0.007859118,-2.2944374,-1.7713032,4.4582124,Januari
-302.20486,113.10564,-13.849734,50.74102,-3.6536558,11.648509,-0.0056171925,0.4718188,6.674065,-1.535999,9.816862,9.522199,0.4091012,7.8114066,-1.5074776,-2.4011805,4.700205,-3.9699287,1.7873948,3.633417,Januari
-319.0534,112.64988,-13.180742,48.549435,-4.2821903,13.509212,-0.41262758,3.4007308,5.877931,-0.9184247,8.981192,8.750888,-0.20587304,4.675056,-3.5281274,-4.549083,3.460883,-3.9064918,0.7565705,2.2589736,Januari
-314.61386,114.22279,-11.133424,48.719772,-6.5578218,15.128962,-2.6362596,3.0045633,5.8125563,-3.0187254,8.529937,7.367583,-0.13848914,3.4713163,-2.746592,-3.924158,3.130813,-3.7866914,0.37133753,2.2779775,Januari
-317.92548,117.9157,-6.8006177,51.792614,-0.49507716,14.736939,0.8668938,2.356315,7.575208,0.98293996,8.727558,10.969459,1.0235567,5.4621067,-0.9588039,-4.2506423,2.0104578,-2.6755745,-0.7583821,6.3308983,Januari
-331.8988,119.18757,-13.673479,40.60201,0.034761608,15.550886,2.6095154,7.705166,5.43449,3.2144287,3.500508,6.5981655,3.7077281,0.5732483,-0.63685846,0.37655783,1.5393422,2.4800858,-5.470206,0.82084376,Januari
-312.65097,117.78899,-8.16751,52.26916,-1.7962158,16.273567,-0.72595453,4.5941978,7.129341,-3.7247353,8.707879,7.6244426,-1.0128893,2.862577,-1.0673732,-5.608712,-1.371331,-6.1134305,-3.209321,1.4161223,Januari
-311.73953,114.70132,-16.777412,46.05831,-6.8693395,12.954951,-5.390631,3.8785553,3.1714618,-4.133642,7.70581,6.325793,1.1911929,4.5393248,-5.911236,-4.5380197,7.541059,-3.407117,-1.8777846,-0.015192045,Januari
-324.70697,113.85448,-15.479969,43.856506,-5.876397,15.274077,-2.2285008,2.8107715,6.136846,-0.95786804,5.824462,8.404936,1.2975804,2.4166803,-0.49100506,-4.937179,2.566531,-1.5255585,-1.2416861,3.699604,Januari
-318.46344,117.870285,-14.244069,47.435978,-6.844542,15.109112,-2.9048617,2.0936058,6.306034,-0.21182671,6.9052324,8.820704,1.3451344,3.6455407,1.7028897,-3.3393614,3.5088115,-0.32667616,-2.1420295,4.24488,Januari
-327.72623,115.48193,-10.452234,51.059883,-0.30337724,17.16398,-0.20206313,3.2199435,8.900791,2.1897159,7.988491,9.9352455,2.4616148,3.5370364,1.1391538,-2.5949836,3.0787647,0.5317015,-0.2261233,8.060856,Januari
-299.96622,110.715965,-19.647331,49.16714,-7.1541457,14.418697,-8.412599,-2.610494,6.949417,-1.1589066,8.94642,7.6298695,1.5689439,3.9999304,-0.8967091,-6.735263,0.40204346,-2.3909352,-0.3189774,3.8595426,Januari
-323.84833,112.90459,-16.141056,45.458443,-3.8019798,11.2366905,-4.7552285,-0.98425347,4.9677067,-2.008676,6.0060253,8.293269,-0.8245703,2.1853433,-1.2403866,-6.0421734,0.3959486,-0.9068419,-2.5387232,4.7314253,Januari
-315.742,115.51073,-15.4694805,47.926857,-1.9104345,13.627208,-1.7282627,1.5925311,5.391147,-0.8028791,7.56987,8.4448395,0.82855886,2.9035006,0.58823675,-5.8055735,2.1093962,-3.9314473,-3.1873245,4.231384,Januari
-300.20737,113.86582,-15.470151,49.143997,-8.847193,12.559803,-2.3891878,-1.0093023,5.9189744,-0.86317384,9.248641,10.015998,-0.79095215,4.780879,0.47269696,-5.5526376,1.0808206,-2.5988524,-0.830352,3.3401306,Januari
-318.01996,117.49314,-14.491789,45.58019,-1.2325555,13.273729,-1.4611388,0.77626944,8.418004,0.31196046,10.689045,9.627556,-0.22450817,3.2999582,0.68753886,-4.0411453,3.5477927,-0.3685555,-0.4626501,6.0260863,Januari
-298.69745,122.78966,-18.546833,52.187683,-1.9958637,13.396924,0.6106401,2.7827985,5.540425,-1.0403048,3.8260083,11.101901,0.46769404,-0.54890275,0.44556728,-2.8312352,4.432212,1.3436844,-5.7791967,0.7538552,Januari
-307.52335,121.38257,-11.137937,51.389576,1.4213804,13.484516,-0.60196316,9.065118,0.85525817,-1.7444841,15.603603,7.875939,0.29015097,6.7146297,-2.8695278,3.43728,6.0488153,-3.2151606,-0.90128714,-0.22371309,Januari
-307.44147,123.77807,-18.67931,45.378902,-4.5814786,13.141841,0.980614,6.1420093,7.7918878,0.2765962,2.5118308,8.69748,3.4261382,3.1292503,1.3116223,-1.7943974,2.7617602,1.3433453,-5.0147467,3.0921817,Januari
-314.40616,123.89609,-17.474924,47.105595,-2.9679017,13.382679,-2.1694322,1.2132589,3.2888682,-2.4286857,1.6508662,8.056068,0.07892085,-1.0712342,-2.1278434,-3.5742788,2.3397062,2.312646,-4.2551217,1.2695125,Januari
-323.28604,122.86718,-18.230526,46.924908,-2.4662542,13.6318655,2.5337317,4.3923573,7.473477,2.1930125,2.0386448,8.023622,1.4031252,0.7478713,-1.5238926,-0.47148156,3.8900483,3.228521,-3.3020666,2.5456614,Januari
-315.3833,121.91611,-15.954294,47.22355,-1.1050315,13.212508,0.56142604,3.1154387,5.6977386,-0.92816514,3.030842,9.813771,1.2134223,2.0133765,0.19355294,-1.4820403,5.573985,2.9428356,-3.0079656,3.7868562,Januari
-375.88504,116.19298,-2.196402,53.315292,8.77926,13.25059,15.017939,7.783134,2.3548822,-6.1080985,6.8056498,7.9443684,-6.8525815,5.056764,-2.6790538,1.7227459,7.866125,6.752761,0.20214806,8.0274105,Juli
-365.02573,121.020874,-2.241414,58.142544,9.141057,11.727744,11.626875,11.709611,4.295338,-5.6233625,4.522257,8.405049,-6.4292865,6.9116187,0.2334459,1.9207524,2.807246,2.7292051,-2.3268127,2.7049928,Juli
-373.67618,114.37198,-4.93261,52.466595,9.873687,12.154904,11.441555,10.636745,4.088512,-5.653527,3.743134,8.376832,-7.2894874,6.6651316,0.75885224,2.3129776,3.9538693,4.375927,-1.7126255,4.1755276,Juli
-366.00363,114.20073,-7.648265,59.102295,5.9634256,9.091217,9.878484,7.6939864,2.2326498,-8.766689,5.6192026,8.669754,-9.51771,7.918202,0.35239077,1.0668821,5.612838,4.6655827,-4.3687124,2.302995,Juli
-385.52432,113.55402,-3.3380914,49.88366,6.7287016,10.778265,8.387909,11.305552,2.7328603,-8.224327,3.2011223,5.052389,-8.427232,3.2365475,-0.9318777,0.2040285,2.7461548,2.5957744,-3.1755283,-0.21523899,Juli
-365.9494,116.42175,-6.4190826,51.886074,4.385187,9.649353,7.146381,6.321208,2.7514687,-10.4852495,4.430943,8.366773,-7.090202,5.980833,-0.018490685,0.33805215,3.057628,3.9257252,-2.876936,3.5455637,Juli
-370.41827,118.08202,-1.6257545,57.592476,6.1328235,12.160017,13.9596615,6.3001804,1.6995499,-9.81623,5.2473407,10.211593,-7.0407133,7.9371796,1.9875822,2.639177,4.8133826,3.4241796,-5.4225416,2.5405824,Juli
-361.14435,116.51966,-4.9162765,60.034702,6.303664,11.774081,9.596246,7.8059125,2.4066033,-8.590714,5.3280764,8.607268,-8.053817,8.147932,1.4133822,1.3084818,5.487885,4.8317633,-2.799438,4.82313,Juli
-373.9349,116.71628,-0.50762904,58.60263,7.6130943,10.979301,11.297352,7.898049,3.4551861,-8.6448555,5.13632,8.682335,-9.682899,5.5294995,-1.1831533,2.4429064,4.1896095,3.3197954,-4.1985393,3.1687605,Juli
-366.39435,121.294205,-2.0804775,57.953636,6.6563783,11.444317,10.036474,7.949039,3.6900644,-8.074955,4.4302244,10.342737,-7.7125826,6.45145,-0.09101207,1.7846072,4.4716115,1.5675377,-3.6270006,1.3530917,Juli
-366.712,119.02525,-2.1699228,59.38222,7.561817,12.328351,12.131756,9.992109,4.686852,-3.7409775,4.814689,8.761428,-6.765548,6.4986577,-0.39311033,3.123486,5.343994,2.7742307,-1.489022,3.9355135,Juli
-376.51636,114.02777,-4.3951983,48.31888,7.8736467,9.826158,9.766156,8.532794,3.4270988,-5.542124,3.1173978,5.8458557,-4.710372,5.342898,-2.5452669,1.5175439,5.566747,4.661936,-5.617398,3.7306092,Juli
-360.11337,121.29548,-0.94498354,63.625237,7.70406,13.705741,10.683647,9.119257,4.696471,-5.673405,6.0225687,8.673094,-7.77798,5.867147,-0.4455033,3.1149404,2.5297763,-0.2866794,-2.9057405,0.65062785,Juli
-373.03983,117.25636,4.3673553,58.239685,13.885732,18.415754,17.730143,15.275035,8.749931,-1.6801856,5.8095474,9.678219,-4.175115,5.5828943,-2.7188718,3.1453166,4.2595224,2.9290268,-2.5314674,4.670545,Juli
-367.4801,121.79029,1.6247847,61.08693,11.648458,13.172491,13.399919,10.033765,4.5409055,-2.93095,6.4430027,8.269531,-4.9887533,2.3064096,-2.934422,0.31805193,2.1395593,0.36048573,-3.5966918,0.92603004,Juli
-376.4904,119.33504,-5.469996,55.914783,10.333542,12.996444,13.125248,11.431576,5.96138,-5.313405,4.907942,10.394831,-6.0775266,6.1115594,-0.94660836,0.9314766,4.4645367,3.5456994,-3.406594,2.0466042,Juli
-371.98022,119.49859,-0.1484051,59.336353,9.532663,12.068814,12.8327,12.005168,5.1338935,-5.4207897,6.460143,9.957711,-6.376433,8.448921,0.32387197,2.0972023,4.838294,3.2082956,-2.250313,4.919016,Juli
-372.65305,119.35238,-0.055399776,55.611965,9.27301,13.041318,13.635605,11.29057,3.249626,-6.572765,2.8427067,8.749794,-8.028561,6.152386,-0.15519957,0.644589,4.2678356,5.880606,-3.8512564,4.816492,Juli
-375.71912,120.58154,0.92206776,56.948566,8.304117,15.73869,15.627436,7.8465056,3.7932878,-4.042412,3.2129512,7.2296376,-7.6092143,4.879131,-0.7436509,2.129991,4.1738157,2.695882,-2.9776402,2.9484797,Juli
-365.94592,122.10748,2.5475273,61.215595,12.137488,14.6007395,13.246585,10.597505,4.7416234,-6.203299,5.0258303,9.610558,-7.4867196,6.086744,0.89642733,0.10620864,3.8466384,2.5304263,-2.3815985,3.8934946,Juli
-367.46063,121.27628,-2.735707,56.210243,8.375878,16.711811,6.164682,6.568155,3.8679447,-8.76861,4.8349743,8.728367,-7.865537,5.091629,-2.5788946,1.0406781,3.6895137,0.64480895,-2.92435,2.5169408,Juli
-376.76553,119.377335,1.6669903,56.0482,9.30505,15.606473,9.306681,9.499141,5.667485,-4.4515643,3.3480003,10.046087,-5.1855745,5.642891,-0.8939092,2.3211882,2.5297134,2.1048682,-2.8308225,1.8910654,Juli
-370.7233,116.184746,-1.8787949,52.617294,10.364482,11.746769,11.422974,8.7627325,3.3977394,-9.470041,2.0055206,3.722984,-7.1639643,6.081408,-1.0359685,2.744853,5.816485,4.924876,-6.6184397,3.7912414,Juli
-369.4433,119.29415,-1.6744608,59.732178,9.161761,15.927402,12.5454235,11.220597,5.381278,-5.686198,3.8004608,8.939938,-7.1618547,4.137996,-0.9734634,1.0473756,3.5635943,3.118947,-3.2665982,3.6037173,Juli
-362.1463,119.85089,-0.62075883,58.55341,9.044028,16.9111,9.712142,8.987475,3.941924,-8.342856,7.303658,8.889752,-7.3183045,7.895339,-1.0162966,0.78034925,4.164173,0.32102793,-4.53729,2.4810472,Juli
-360.49445,116.55188,-1.8837998,58.798534,7.9137697,13.90024,11.867162,8.439091,1.5872982,-10.09705,10.864201,5.823097,-7.5867467,5.34033,-4.055979,2.3846517,6.4328885,-1.670499,-4.304228,3.191642,Juli
-373.3004,118.78108,-3.8031278,52.07694,6.986973,13.809724,12.534962,11.456781,4.524746,-3.8689225,4.1715674,7.778214,-5.3386908,3.5076368,-1.8630487,1.7936295,3.4153059,1.5843406,-1.9085183,3.78033,Juli
-359.08054,119.81943,-0.8165796,56.748177,10.510465,14.27026,14.215452,11.192835,4.338417,-6.9331064,6.834345,4.542927,-7.3823166,4.9240613,-1.4245027,2.9199688,5.9975924,0.35846478,-3.6477726,3.8862398,Juli
-349.74408,125.3646,-2.5237427,63.02268,14.785254,18.688366,15.745841,11.081438,5.4568343,-3.0530612,8.322708,9.420346,-4.557613,8.492612,1.154592,1.7434938,6.787761,3.2642176,-2.0104496,4.535997,Juli
-370.00204,118.29409,0.68715227,60.43448,10.1786375,16.261835,14.623826,13.800086,6.640879,-4.6948895,7.5348725,4.317328,-6.718968,6.105971,-2.4815922,1.9525146,5.0259914,1.1924022,-1.7120842,2.6559932,Juli
-364.44705,119.70375,-3.0231137,60.317417,8.48859,12.606993,14.573064,9.713667,4.532063,-6.3407636,5.8500495,7.543921,-7.4849105,6.512876,-0.16696057,0.42316553,4.9202733,2.6825845,-3.5004816,2.7756996,Juli
-370.80685,114.86037,-4.9366856,56.056324,7.100108,12.133472,11.742273,11.080123,5.8436055,-6.3218036,7.435736,9.332308,-6.3191996,8.530177,-0.83303964,-0.46818495,6.5937943,1.4512203,-6.541301,3.3184998,Juli
-367.99667,113.28525,-8.556019,57.79718,4.4783835,10.077908,11.008945,10.220447,1.7818445,-8.623072,7.012301,5.725396,-5.6695876,8.042757,-1.4888724,2.4220405,5.425257,1.6668208,0.35054374,2.6648793,Juli
-344.21207,124.21485,-0.01835982,66.61933,9.202183,15.231957,17.955164,10.903767,5.437758,-10.391429,4.026398,7.2915573,-8.887963,7.8308992,-1.5900767,0.3081372,5.3226504,1.4560254,-7.0308595,3.0047529,Juli
-369.97324,112.30312,-5.304887,57.41628,2.174099,11.572064,12.578676,9.75417,5.196141,-7.6488214,5.0529766,8.397798,-7.857968,8.528873,-1.0797724,0.90009815,3.8326313,3.1708193,-4.537952,1.6881732,Juli
-373.03818,115.35351,-8.73606,55.155903,5.589798,9.3413515,9.245837,7.9641447,1.9272953,-5.8454494,4.0257845,7.9285517,-8.905633,5.5711026,-1.726683,-1.1454107,4.035172,1.2987816,-4.2149954,3.7060204,Juli
-365.16995,114.43112,-7.6072836,59.608322,3.5836833,9.876543,10.834489,4.9487677,0.1466156,-9.165306,5.012896,9.243436,-8.131425,5.6955338,-2.3374858,0.14690556,3.6590984,4.2406163,-2.5145338,2.6736846,Juli
-376.0075,109.11324,-4.7404437,56.928417,6.057343,11.631797,13.364595,7.720997,4.9945655,-6.6331687,3.0131721,7.205581,-6.9596467,5.549178,-2.589934,-0.30855832,3.2256215,2.990624,-1.5807567,2.8855186,Juli
-376.23883,114.76351,-3.4472709,55.269035,8.719285,11.133489,13.564646,10.033617,2.1776478,-6.5415106,1.8148947,8.441819,-10.009148,3.1020372,-2.9208336,0.23908421,3.5313861,5.0857596,-1.7220217,2.1471417,Juli
-372.03928,113.26379,-3.8716943,61.179157,9.6222,13.790343,13.292602,11.017852,5.1761117,-3.8608725,4.2828164,6.951991,-7.905119,6.597088,0.4855069,1.937208,4.099632,2.7549293,-2.6766944,2.833826,Juli
-364.42923,116.424095,-3.682802,63.729088,10.623766,13.745626,12.859901,14.727884,10.122408,-6.7791805,5.206578,13.315422,-7.086632,4.9647717,-1.1606187,2.9247344,3.5839362,2.721413,-1.0848973,5.2785163,Juli
-366.2208,114.72164,-3.5681276,61.209724,7.567394,17.025036,12.837109,9.072663,5.745725,-8.107231,2.7579007,10.260887,-9.894767,4.6253996,-2.3609283,-1.159686,2.1600678,3.3332705,-4.0804114,3.8600051,Juli
-373.39795,113.74528,-1.8384374,57.375614,6.6620965,15.595375,14.133423,11.713668,6.3753505,-6.024577,4.841719,8.127502,-6.5056343,5.269331,-2.3750267,-0.22663702,2.2021062,2.9222355,-3.5563428,3.2163522,Juli
-368.4016,114.67696,-3.8402684,60.414272,9.964255,14.482235,14.058068,10.600842,5.321553,-6.357837,3.6226828,7.13186,-7.7122064,4.5478625,-3.9705129,-0.57551026,3.7809246,2.097413,-6.026777,1.2289462,Juli
-355.44183,124.395874,-0.04188752,62.306824,9.019623,12.283848,13.949854,10.408946,1.6354935,-8.889043,5.550125,7.5463486,-8.583239,7.0183077,-0.46531773,1.4601495,6.1739063,2.6533988,-3.1824222,4.1496964,Juli
-358.8739,116.2686,0.116918266,65.45293,6.162632,16.441809,14.212585,8.1322155,4.312041,-9.759256,7.5261703,8.944632,-8.4818325,8.382971,-2.0031688,-0.4659387,4.0109043,2.4016733,-6.1940966,3.0955465,Juli
-363.01468,114.60334,-7.460499,55.991184,2.7529178,9.835965,9.903457,6.585706,0.5093995,-11.3952465,5.649232,8.840204,-8.63148,7.333219,-0.87764573,-0.048454892,5.3958354,3.2381516,-2.0915928,4.86584,Juli
-372.33032,119.784805,-5.0068135,53.558056,5.8871775,10.797268,11.320613,8.080074,0.71371853,-8.540688,2.7792337,7.1398034,-7.1072564,3.7613688,-1.9236526,0.7080108,2.9768758,2.980683,-3.4112961,2.4487143,Juli
-369.09335,113.79765,-0.28396168,59.37439,9.331917,10.404096,10.978058,8.290838,1.7139207,-10.632067,3.6408129,5.962342,-9.156103,5.9474754,-1.3904855,1.2312828,3.433555,3.5099633,-5.5257215,3.1096318,Juli
-366.92447,118.075226,-5.5243783,58.79585,7.8350344,10.283039,12.459606,10.051844,2.872325,-7.2203875,6.5981803,8.902247,-6.7658772,8.620297,0.9743081,0.9641612,3.8017364,3.2805905,-3.706517,2.3926723,Juli
-447.2449,99.254906,24.957594,55.741398,10.670168,10.950613,11.165241,7.302953,3.0528142,-6.7618704,11.431204,6.0752892,-2.4364092,6.4581246,-3.049157,2.1305852,3.5157225,-3.3997009,-6.6121874,3.4346502,Juni
-460.49268,93.6025,25.326468,62.434734,6.884755,7.853862,7.297543,-1.0484041,-7.6509714,-15.061116,13.441159,10.04908,-8.364567,8.300342,-4.476409,-2.0390823,-0.96383417,-4.272268,-6.856954,-0.07381942,Juni
-459.29214,92.250404,21.52581,60.988087,6.0368185,6.181115,8.929514,1.8364254,-4.367847,-13.588662,15.046648,11.442502,-8.231116,8.074902,-3.4803436,0.6286152,1.3929832,-2.7099457,-8.041203,0.22080122,Juni
-477.3317,93.70109,26.393995,55.7222,10.25418,9.090415,9.114038,4.4249067,-4.343041,-9.367527,9.805087,8.272739,-7.606546,6.1492367,-2.3321342,0.69312155,1.9384689,-4.825905,-7.9110994,1.8833044,Juni
-468.28214,94.7297,27.631788,56.748917,11.810967,9.091938,8.872259,4.874362,-3.9412832,-11.522116,9.665477,7.3634677,-9.947189,6.1674414,-2.9350498,1.4473158,2.5134642,-2.5207508,-5.3164806,0.5831083,Juni
-429.68738,99.72084,22.263287,67.73971,8.766837,9.851906,12.502484,5.032299,0.3257965,-9.961979,12.218396,12.842889,-5.1314025,10.022821,-1.9448708,1.025865,4.095074,-1.3473548,-7.072369,2.3942144,Juni
-450.29498,100.36979,23.35875,60.729256,10.592799,7.2071495,7.789055,5.501467,-2.0134313,-9.143088,8.837188,8.257344,-8.39951,6.192904,-1.2063351,-0.27662674,2.8327572,-0.7570103,-3.9657261,4.091478,Juni
-446.55325,102.80864,20.659407,64.274635,9.697005,8.890453,15.267638,6.25246,-1.2740157,-10.204484,11.789316,9.537188,-8.0340185,7.9934087,-1.1247096,1.6312487,3.2777593,-3.857086,-5.700326,1.6052742,Juni
-449.3733,99.51793,23.030947,59.277725,4.6062894,6.3457737,9.659641,6.669873,-2.162828,-10.248816,9.717143,2.9485083,-11.3382,6.3231974,-2.8048935,0.7498696,2.226939,-3.0717556,-6.5773954,0.81523335,Juni
-453.79083,97.4313,23.79255,63.032383,8.364643,9.166387,12.449948,7.008614,-1.4078462,-9.796197,11.48711,9.13785,-8.756092,7.5740566,-1.7776542,2.7038488,4.5536013,-0.8472893,-5.1902213,1.0001636,Juni
-464.46475,94.28078,23.872501,62.37692,8.277035,8.534857,10.007839,4.900342,-3.9870095,-9.182458,12.214674,7.2684493,-5.37597,5.8025374,-2.88007,3.870342,0.40085936,-4.0892887,-4.3464165,1.5117112,Juni
-446.44388,105.09627,25.504396,55.42996,8.949292,13.595212,11.230632,9.172287,6.259916,-5.2113504,10.463138,8.546868,-3.9531617,8.398123,-1.2411832,2.8428586,1.1594523,-1.204802,-6.7493668,1.380789,Juni
-413.12213,111.43572,18.727682,66.11643,12.326558,11.464367,18.304916,5.5945435,-3.092521,-0.35222882,14.234038,7.1063213,-5.774062,7.3786726,-0.95070624,6.855279,0.25172806,-3.0925498,-5.535659,0.26360902,Juni
-396.1075,111.941475,15.726572,67.56291,11.06047,11.798795,16.537685,5.7616425,-4.6269464,-3.646464,12.73643,5.735758,-7.047071,7.615024,-1.6043478,3.635251,0.7129375,-3.7922552,-6.754695,1.1555877,Juni
-392.53714,112.93026,16.450838,72.397606,8.686692,10.514322,18.32475,5.250981,-2.6483083,-0.25898612,18.957159,6.808152,-6.3912563,9.357168,0.3259964,2.3328185,1.3686904,-2.8555613,-4.1302447,-1.5533413,Juni
-382.11237,115.78875,13.329719,67.15969,7.689878,10.9261465,14.352887,7.4568667,1.8392944,-1.9551678,10.986889,3.592977,-5.015753,5.24002,-4.693774,3.8717,-0.91381216,-4.9251842,-3.494886,3.1697054,Juni
-388.35754,125.5407,19.723755,76.27208,16.39768,12.92553,15.225225,3.800231,-1.6492907,-2.8095005,10.543195,1.8331305,-9.328798,4.0090556,-2.3638735,1.9390053,-3.2827852,-3.5094209,-3.8797092,-2.4492612,Juni
-421.30212,107.867,16.49816,62.997143,6.8152614,12.911758,18.33376,7.114201,2.0529332,-1.3217791,10.101803,7.4610887,-0.09684658,10.116134,-2.2477539,2.2397704,0.9975698,-0.49508512,-3.8742614,1.4801595,Juni
-457.1583,101.05877,33.34834,67.37613,12.463752,13.919614,13.273086,1.2648649,-5.270815,-4.7534323,12.6503315,4.6560836,-5.005685,5.364187,-2.166374,2.6376288,-2.156788,-4.3031673,-5.465258,-0.6750756,Juni
-462.37857,96.67858,27.96694,63.923542,7.4645276,8.976826,13.586611,0.5082742,-5.2190504,-4.537761,11.309332,4.9882526,-9.188199,5.9166985,-1.680742,3.7239668,-0.9166926,-3.2358668,-5.686991,-1.6414704,Juni
-459.65186,88.50815,21.75226,65.9349,5.0841937,10.219993,15.151053,2.2483199,-4.679304,-5.5704856,14.83756,5.3238115,-6.7518415,5.919429,-3.383446,2.3523407,1.3010204,-0.73142785,-2.651504,-0.46623072,Juni
-451.8558,96.20795,21.804834,65.56243,5.0406632,8.144524,11.549717,1.6310658,-4.1418214,-2.7184637,16.107826,3.12133,-8.019381,6.0472975,-2.6888447,3.3541248,-1.8242981,-4.5048304,-4.4088945,-1.4547294,Juni
-457.48175,102.69537,26.603962,57.224854,12.073634,15.061022,14.733421,9.93179,3.7203567,-7.5409784,10.025739,10.976177,-1.4447557,10.6567955,-2.5544035,1.9092215,3.8071544,-0.26456824,-5.95248,2.1881602,Juni
-436.94302,101.01156,21.76686,67.70601,3.9717543,5.426203,12.862907,-0.22240835,-5.400046,-7.1708,13.511311,6.541167,-6.9973865,8.169065,-1.9527935,1.9349182,-0.3673135,-2.8280902,-5.6374593,-1.0820576,Juni
-451.36115,100.61498,20.377707,62.25323,10.430649,9.732531,12.668207,2.503778,-3.310223,-1.217726,16.97084,6.154243,-5.4752474,8.046797,0.46552002,3.0285866,0.30783147,-3.3528142,-4.5689616,-0.48422098,Juni
-438.5576,102.32205,19.944586,62.42479,6.823657,12.350378,13.00479,4.9142985,-2.1772544,-2.497938,15.237214,5.4279675,-3.5242229,11.132759,0.18959996,3.9270506,2.1765947,-1.131859,-0.8588799,-0.7026202,Juni
-423.86487,106.16366,16.37121,66.56558,7.4570885,11.635071,14.034983,0.48351762,-2.9750488,-1.945185,18.654316,4.1835074,-5.173507,11.789278,-1.7811649,2.1322246,0.3979431,-2.412157,-0.7481304,1.8630768,Juni
-434.05008,103.23612,18.504137,66.96392,8.2830715,13.120562,14.104258,5.201011,-0.48842755,-1.8085554,14.179604,5.1474934,-3.0446107,7.8106894,-1.3898668,2.9604192,0.76229787,-2.524832,-1.8952107,1.8998063,Juni
-423.14374,100.752686,18.26223,71.95537,7.7387867,10.257633,10.349717,6.072899,3.3967686,-0.27725673,15.168716,4.856357,0.30097306,9.393484,0.69360757,4.6316867,2.4934192,-3.221754,-3.1066794,2.684394,Juni
-431.82574,96.22897,13.113453,66.58277,6.867849,9.929184,9.3689575,5.2107353,4.317233,1.0231522,11.784263,5.83642,-2.8896112,5.8145742,-0.57473665,4.656597,1.0082715,-3.456925,-1.5352247,2.4348595,Juni
-452.30447,95.954796,22.268265,66.772575,10.69309,7.735014,11.850607,2.924667,0.10203394,-0.820014,13.911115,9.248702,-6.2367826,7.008715,0.085148744,2.879623,0.9658542,-1.1660181,-2.0425956,2.056766,Juni
-446.8895,95.325066,18.515188,65.71051,5.4069924,8.835333,7.7984,5.214345,2.0653868,-1.826489,13.006408,5.2434154,-2.8665094,6.3945665,0.4150638,5.532616,1.0682514,-3.600678,-2.2868927,1.5400864,Juni
-452.14166,97.54563,21.599707,66.40373,6.6518426,7.0244694,10.496995,3.705045,-1.2907268,-2.5370889,12.97347,6.4895196,-4.715998,7.5938206,-1.6668454,3.9712324,1.0968515,-2.5831077,-1.4742129,2.1080716,Juni
-458.50592,93.832405,22.396267,58.977432,5.4984193,11.349333,10.435301,3.2049005,-2.3869221,-10.688998,11.85745,9.21843,-5.641153,9.462865,-1.5825851,4.174789,4.700094,-2.5787106,-9.078135,1.5088978,Juni
-433.44058,95.30068,16.79714,64.84213,2.9995031,8.083077,12.045905,3.286198,-3.30699,-4.685807,12.512301,4.985581,-6.0551863,8.480925,-2.0267522,3.8787987,0.6263706,-3.508861,-3.318466,0.8978392,Juni
-432.07104,91.335236,16.00633,71.87252,3.6751435,9.835054,13.488866,1.9283122,-2.5325267,-5.241265,15.959629,6.275999,-6.3927703,7.9759645,-2.6402502,4.189801,3.9696732,0.858378,-1.9720107,0.2896811,Juni
-409.6892,104.64316,15.752705,70.04389,-2.0457525,4.5425167,15.842895,-1.0060248,-9.624413,-10.354475,13.79902,3.0441132,-6.766584,8.532634,-0.11446918,2.4349155,-0.72931206,-3.259921,-3.0152826,-0.61894274,Juni
-437.6097,104.193405,19.535519,67.90559,1.0890809,3.6867754,14.173161,-1.0982585,-12.6638775,-11.66616,14.820357,6.354268,-11.51736,8.709617,1.1762782,-0.68805325,-0.03400027,-2.6754134,-4.062696,-3.3701494,Juni
-439.71155,94.75381,17.77605,66.24343,3.4609227,6.8511434,7.4874773,-4.7277784,-7.7468467,-6.2453246,13.888175,4.019699,-8.289804,5.6759787,-3.331073,0.18275614,-2.0783272,-4.7479506,-5.604618,-2.227087,Juni
-459.2692,86.53184,19.488861,62.933968,3.5995688,7.961304,8.146376,-1.0315135,-3.5164797,-5.869095,14.1003475,3.077969,-7.6593485,5.108494,-4.0884805,1.7550998,-0.61901474,-2.7914872,-4.7170396,0.046729863,Juni
-446.94055,94.85707,23.531267,66.895195,2.82934,5.859344,7.554617,-3.6124544,-8.905854,-10.86765,13.727209,9.088773,-9.4353075,5.098611,-3.3073695,-1.1865616,-1.0901873,-5.299352,-6.2807255,-0.92149544,Juni
-416.07513,106.29811,13.287348,64.198105,-0.1900786,6.7803516,10.347437,0.84681934,-4.3228292,-7.310036,12.214663,5.3661456,-11.326662,4.327549,-2.7480638,3.0369868,-0.5923887,-3.9835145,-7.5235443,-3.5940368,Juni
-410.67188,104.602974,14.249346,72.13306,4.3143926,7.7655334,8.873531,-1.362364,-4.390535,-7.3975224,13.866724,5.7527313,-9.682947,6.24972,-1.4966804,2.9315767,-1.6720461,-1.17638,-6.562213,-2.0874407,Juni
-430.84076,98.03403,15.166775,67.282616,3.2690718,8.316368,8.603855,-0.14426206,-4.8348784,-7.303402,14.421599,3.3265786,-8.380823,6.5488973,-1.9628977,2.8468552,-0.2780408,-3.2553294,-5.220709,-1.1883243,Juni
-435.18967,97.199486,19.853687,60.10919,4.6410832,9.563666,8.705527,-0.36878583,-4.5855923,-12.993799,11.568426,8.57156,-6.359392,7.281126,-3.873822,0.74365735,-0.7773303,0.30597463,-7.9139557,2.7853928,Juni
-445.99353,97.4817,17.409327,64.21815,6.36936,8.660529,10.114158,3.8420649,-2.3638122,-6.491579,14.6653385,3.074751,-7.712587,7.419731,-0.3733974,2.76285,-1.5201362,-5.712285,-5.350036,-0.9446776,Juni
-461.67673,91.59573,25.052893,57.42327,7.215196,6.7078724,9.057975,-0.35895693,-4.8607697,-10.382726,12.755351,10.550244,-7.033378,5.9115295,-4.287334,0.30111194,0.8284394,-3.7097974,-7.998652,2.0443823,Juni
-467.53098,86.71352,21.10383,55.244953,10.8337345,11.370784,9.953601,3.0008652,-4.7698054,-9.942993,12.68245,11.082381,-5.925724,8.278492,-0.21686046,1.6631198,0.66299146,-3.4228017,-4.9218383,2.2282798,Juni
-458.77353,89.23566,19.878288,59.76481,9.382682,10.539962,9.393699,2.0419374,-3.3957658,-13.635148,9.750032,11.999789,-6.5301495,9.496967,-2.1246328,-1.1040269,0.11152901,-2.1096442,-6.423046,2.124366,Juni
-470.1075,87.877304,21.258005,56.252254,7.552601,7.8513813,9.538677,2.1465986,-2.4085047,-9.73605,11.338447,8.455833,-7.1798387,7.2660437,-2.5502353,0.7150543,3.1328268,-3.299087,-9.474816,-0.8835257,Juni
-315.55096,121.06382,-28.851997,37.8278,1.5000288,10.547708,0.19727612,2.7224963,8.503577,5.977119,7.264164,5.880489,1.7149776,4.08823,-3.0866697,-9.050191,4.169383,-2.63969,-0.71174014,0.90150696,Maret
-332.8155,126.95223,-17.584742,41.020187,2.5765402,15.189028,1.6936338,9.091642,3.817357,6.842327,10.53597,4.460674,3.6391284,3.0237763,-5.4073267,-4.6981707,-3.9576755,-3.899036,-0.39257875,-0.7362253,Maret
-332.54373,130.085,-16.48029,41.00211,7.727422,16.61661,2.3638256,8.794058,6.31827,6.3310966,6.8194823,5.4443192,-0.99784786,2.8338792,-5.0966434,-6.8997254,-1.8465103,-2.4322534,2.1737516,-1.1928958,Maret
-324.61102,131.97423,-12.148611,45.193882,8.498866,21.986647,2.4044013,6.2243176,11.334238,8.263431,4.5657554,4.3227186,-2.5734665,-3.5905366,-4.2102847,-8.617169,-5.8447328,-5.482269,-3.0524983,1.9467798,Maret
-335.8703,120.17932,-22.02664,32.759266,1.9811558,16.157707,-3.3332224,7.608236,10.526166,8.029114,7.7129955,6.090684,0.96842295,0.79321057,-1.3896885,-6.208121,-1.2548715,-0.9576433,2.4879894,2.3274426,Maret
-348.51132,117.4472,-20.567335,34.85307,1.3581356,16.175873,1.1028943,5.230656,10.924557,8.084191,7.9684567,6.376292,-0.782935,0.63459665,-2.1950228,-3.818418,-2.7684927,-0.7826638,1.5852501,2.4241138,Maret
-332.3339,119.86806,-22.288506,37.91392,-0.50916696,17.789106,1.0162781,5.292069,10.900736,7.8200583,7.447408,8.4778805,0.46092916,3.2326798,-0.4877559,-4.409942,0.03945708,0.803393,3.692518,3.04824,Maret
-331.29532,120.025085,-22.900442,35.76246,-1.4677819,18.416824,-1.8425066,6.074235,13.390704,7.336054,8.142519,9.104425,0.8770429,1.5592494,-1.8624309,-3.7496293,-0.048329204,0.34100497,3.9128006,1.9634496,Maret
-334.05545,119.66875,-23.386566,34.947514,0.92451084,15.8038845,-1.0069116,4.3421073,11.687216,8.370819,7.9189334,8.774908,-0.72122306,2.7184968,0.83637685,-3.880739,-1.1329223,-0.9412395,2.567777,2.9586182,Maret
-329.16495,122.82052,-22.32482,37.715374,0.69099426,17.908447,-1.8801626,4.490818,10.134663,8.870788,9.872744,8.477189,1.5649278,2.4316936,-1.9149079,-3.6170514,-0.12902552,2.3016367,3.5764067,5.175764,Maret
-334.58514,120.25625,-23.918957,34.55431,-1.0629346,18.767563,-2.8616183,6.254561,10.827916,8.558762,6.762997,6.5021696,1.8235022,0.6717637,-0.9488662,-5.194452,0.16234857,-0.6635947,1.5419098,3.3297737,Maret
-339.7211,119.08947,-21.874516,35.69171,3.7772753,14.527009,1.4271778,6.593595,10.378131,10.174674,6.510502,7.81146,0.45052132,4.7282825,-0.32235014,-4.9971046,0.07899957,-0.83347625,3.8147051,3.2353685,Maret
-341.18994,120.273186,-19.662964,34.911922,0.46941602,18.429764,-2.9485157,7.0756493,10.748998,9.594973,7.874275,8.402674,1.0636061,1.2467846,-0.3134335,-1.7074821,-0.7091402,-0.1260715,2.4685318,4.055943,Maret
-336.05295,122.18206,-16.944212,36.11192,0.913683,19.319418,1.4747306,8.63049,11.832387,10.021586,10.437777,8.829559,2.263528,4.4479804,-1.5087842,-2.226911,0.07247319,-1.081831,2.3492846,3.2354186,Maret
-333.29807,120.576,-16.049435,35.919132,2.248037,18.651453,-0.06620365,5.5569816,12.258803,10.045388,10.096056,8.597877,1.2831205,2.403963,-0.35439804,-2.3309624,-0.57465225,-1.0995724,3.0112565,4.375252,Maret
-320.86646,122.514015,-23.156208,36.09977,-1.044629,15.684539,-4.024377,0.8517851,9.434876,8.558074,9.519393,7.8776774,-1.6515862,1.1138873,-1.5089313,-5.2683992,-3.0167534,-3.0623863,0.29702166,4.2247005,Maret
-328.42053,124.013725,-21.157248,32.853,-1.3204995,14.897743,-0.14598447,0.9702129,9.604306,8.214652,11.130002,6.525327,-1.1626793,1.5686373,-0.54334307,-2.804575,-2.5095842,-2.2857714,1.7255595,4.515293,Maret
-343.53375,121.32204,-18.426876,34.939896,1.4723965,15.751133,0.23983467,6.3583655,9.529271,7.794677,9.347747,8.033788,0.5764132,3.0224047,-2.3967426,-2.9053583,-2.6099348,-2.0261269,3.8615625,2.3480124,Maret
-316.79324,127.415474,-24.184685,37.56485,-0.9807138,18.879143,0.41094688,3.580127,10.143011,11.555279,9.904663,8.583369,0.5488596,0.9221414,1.4668655,-4.361128,-0.33437988,-1.2329925,0.45430878,4.466535,Maret
-341.44974,123.85236,-13.894893,38.32439,2.7118013,18.015717,2.2645113,4.489907,11.456553,10.00408,9.9180565,9.967759,2.0421484,1.908599,-0.31866995,-3.1795902,-1.6377767,-0.94048893,0.9141782,2.064577,Maret
-332.04584,121.88168,-18.6505,35.114075,0.48759526,16.420864,-0.2917146,4.5581136,11.588307,8.497036,9.512849,6.075698,1.1821822,2.587004,0.82775414,-2.5075135,0.94151956,-2.0918481,1.0803286,3.3283467,Maret
-337.528,120.35169,-19.323683,34.03227,-1.8456907,14.996024,-0.93311423,1.8478427,10.5814295,5.1042013,8.95967,6.942067,-1.9647076,2.3304205,-1.4972568,-1.24742,-1.4450492,-3.584233,2.6539695,1.9266094,Maret
-329.41733,123.08634,-23.235771,33.161015,2.7008052,14.268738,0.54692256,2.2824328,9.455794,8.519018,6.2763796,7.2325993,0.19331202,2.3055549,-1.0041609,-6.101139,-0.8168462,-3.1467237,1.8909694,3.4620879,Maret
-344.28455,124.918655,-20.847738,30.909117,1.866763,17.222418,2.1525683,4.4076076,10.073554,10.965499,9.558558,6.456806,-1.2220253,2.0166783,-1.7819337,-3.2021031,-2.18055,-3.2106595,1.131317,3.6409886,Maret
-325.1849,126.27674,-17.458273,38.658943,1.002833,16.471617,-1.8392686,5.0405774,11.300945,9.829275,12.809253,9.2093,0.5194086,3.6830478,1.0336283,-3.5110111,-0.740481,-3.9451573,2.6353092,2.7778943,Maret
-318.54108,130.8088,-17.072456,43.088642,6.210036,21.745916,0.66964847,6.672624,11.756709,8.6317835,12.113212,8.342266,1.6072608,4.548027,-0.22888437,-3.518471,-1.9248784,-4.050995,1.7580914,2.7052028,Maret
-332.27887,130.14102,-8.56711,46.217545,5.6320577,21.767601,0.740915,6.7500105,10.669923,8.046779,7.7885156,5.7009187,-2.5811586,0.016661515,-2.7380354,-4.846004,-4.004315,-3.5976212,2.8378067,2.3630574,Maret
-321.57043,128.40106,-15.122528,41.81178,3.307576,19.124798,-1.3736438,3.2600164,9.636722,6.8133955,7.2668495,6.355165,-3.1836436,0.31173667,-1.3865252,-6.013221,-4.2880807,-4.4339933,0.6518933,1.1254638,Maret
-327.6674,123.33293,-22.885311,35.970528,4.498999,14.67506,-1.9166964,5.1809893,7.1054087,5.061002,11.42546,6.727348,2.175739,5.548794,-1.6803459,-4.3555737,-1.5818379,-3.4902902,2.249132,0.14813896,Maret
-327.7435,124.09787,-18.102354,38.934948,-0.40834188,19.236156,-1.3517026,3.6488364,10.197139,8.052643,10.431813,7.456797,0.8961969,0.9283905,-1.2606684,-4.9686346,-3.2111926,-4.797863,0.8721254,2.167447,Maret
-330.5999,124.89588,-21.905735,38.110455,1.2689514,14.897362,-3.2047234,2.3807964,7.5482864,4.888525,10.886044,5.2490425,-1.666427,3.9176977,-0.75412774,-3.4950905,-4.5030665,-4.640929,-1.0611242,2.5562596,Maret
-330.18857,123.58365,-23.55084,34.230186,-1.2079165,15.174548,-1.098579,1.314255,10.131713,5.659641,10.040559,7.424925,-2.011149,3.219877,0.35516417,-3.4655068,-2.0527525,-3.6689258,2.066586,1.848315,Maret
-332.13297,121.55221,-22.945808,34.370995,0.021584881,14.120625,-1.009673,4.867571,10.474866,7.6477966,9.791171,8.024205,-0.55015254,4.061197,0.8448953,-4.2460237,-0.031590477,-2.4946225,2.2065575,0.54606825,Maret
-334.17334,121.09262,-22.265461,33.501328,3.912073,16.146305,-0.3745507,5.7935886,10.883882,7.545411,8.399774,8.3822365,2.6823697,2.641796,-0.2646094,-6.156445,2.6630058,2.5857506,-0.31662095,1.6002703,Maret
-330.6148,123.84572,-21.272915,34.563824,3.2183769,14.821407,1.2084196,5.4891357,9.6050625,8.843641,10.475394,6.229171,-1.0156156,2.0653548,1.2313366,-2.7299154,-1.4669356,-3.1433847,3.2485323,3.7297733,Maret
-318.42877,126.78905,-20.343037,41.96994,1.6525652,17.695797,-1.1488866,9.135165,7.654148,8.139582,12.1339245,7.068553,-0.25984702,4.6175375,-0.08590193,-2.3110747,-3.721129,-3.8282483,2.3446991,0.20045951,Maret
-332.74036,123.69693,-20.530066,39.267593,2.7400632,15.435568,0.9987002,6.0514665,9.437245,9.095408,9.263704,7.5990987,-0.6584322,2.3644187,-1.1328782,-2.3128016,-2.206147,-1.4796124,1.8869835,1.1063284,Maret
-347.32635,122.86431,-20.148252,35.653114,3.613824,17.48538,-0.5227055,8.120986,7.503215,12.507291,9.864724,6.0667534,-0.56943685,2.693788,-0.2896985,-0.3769157,-4.559443,-1.7907336,2.692459,3.2715964,Maret
-347.22552,123.17592,-20.56543,35.071457,3.7930272,14.169728,0.35068417,7.679405,8.60458,11.333355,8.488661,7.078558,-0.20531029,0.82938045,-1.0800174,-1.8372211,-4.7824545,-3.2569113,0.16845083,1.8674088,Maret
-341.64502,120.95112,-20.413198,36.522675,4.6210713,14.091941,5.2372427,6.883872,8.404211,11.027081,8.550241,8.0140505,-1.017691,1.3299394,-1.560741,-0.42430544,-2.2694814,-2.2749777,1.1992403,2.9306793,Maret
-341.81744,120.2571,-22.460028,34.714752,1.385801,13.210863,4.1663084,8.445814,7.640694,7.8375697,10.581506,5.133702,-0.34594,5.170222,-0.55383754,-0.5188843,-3.2654135,-2.460725,1.7178818,2.0722754,Maret
-353.91168,122.1274,-22.462175,32.497025,4.588641,14.50168,4.7426085,7.1386485,9.986861,12.617386,10.308153,8.589252,0.94089234,4.6106405,0.80469763,-0.19260003,-1.8753294,-1.5483392,1.8014448,2.7114644,Maret
-346.498,120.50163,-18.89364,37.955822,5.476657,15.332375,2.2691932,7.902017,11.104191,9.534181,11.014119,4.81668,2.219118,4.4528594,-0.3875285,0.50306964,-3.4863422,-1.8148801,1.52793,5.2510376,Maret
-336.79498,123.237946,-24.492584,33.79606,4.277793,12.9140415,0.4686082,2.0270226,7.3748693,10.781682,8.47556,5.3718214,-1.5879182,2.6045609,0.49283648,-4.8223205,-4.607287,-3.404934,0.5525763,2.4313495,Maret
-342.4706,120.26694,-20.12343,31.165386,3.9874957,15.127994,-0.9364056,7.7292643,9.841168,8.914166,9.435749,8.150422,2.4944801,4.1177793,-0.15359643,-3.1208458,0.5967401,-0.03287006,3.7350926,2.2953353,Maret
-341.2648,122.363495,-21.844648,35.466297,3.886117,14.651679,-1.1980792,5.3676476,8.713163,8.454907,11.391639,7.123689,-0.88868403,5.3761067,1.782967,-2.0043132,-2.919703,-3.2731698,0.85537314,3.6722107,Maret
-340.40347,120.86842,-20.648668,31.73311,3.0184033,15.701979,0.5265845,6.4530816,10.716991,10.158506,7.300328,8.646115,2.7462153,3.8293657,-0.076675184,-3.9943173,0.44758812,-0.54008675,4.411293,3.5055861,Maret
-342.5019,121.69843,-21.772484,30.698082,5.180292,15.1809845,1.7375445,8.265861,9.677321,9.699392,8.567931,7.494026,2.5603518,3.219894,-0.3924354,-3.9275334,1.6461669,-0.4592475,4.4938483,2.6492245,Maret
-334.58002,119.95471,-19.664837,36.911346,-1.2751852,16.886736,-0.22904782,4.4168477,8.958805,8.307497,6.829839,7.8217945,0.39948076,1.1199504,-0.76857823,-5.2983074,-1.204899,1.6148618,2.72343,3.3967,Maret
-347.88748,123.85324,-15.89704,35.755306,4.4223166,17.98893,4.061326,10.632679,9.552688,10.3975315,6.8959875,8.469402,0.5944138,1.0689467,-3.493003,-5.4104996,-1.5917959,-2.7285283,1.8946269,0.43908203,Maret
-406.17972,82.0949,17.052673,70.93284,-8.080973,10.120635,10.291201,4.199316,0.09760901,-14.607571,23.466993,0.63061315,1.7931737,7.230074,1.8325318,1.8666826,1.2152997,-3.7655551,-10.784393,-2.6954722,Mei
-437.54037,86.79397,16.137032,68.291916,-0.24565665,6.8871627,12.158475,4.226383,-3.7201104,-9.833488,17.695644,2.7156322,-0.14586861,7.2437377,-0.75771403,2.5470924,-3.1054082,-6.2854486,-4.906959,-1.504608,Mei
-429.41714,96.07911,12.353554,67.37982,0.0068934383,10.399705,14.01787,3.3516295,3.2434752,-2.849266,15.157772,6.915336,1.4379323,6.407009,1.5024927,3.099642,-2.5042813,-2.277982,-4.192439,-0.93616295,Mei
-418.5482,97.02063,17.76177,68.96521,-1.7323023,8.651941,14.057538,5.4728327,1.861671,-6.617737,18.494345,3.3751082,2.0094767,7.898134,3.59324,3.8924575,-0.82470775,-1.08435,-4.051283,-1.3671303,Mei
-419.55832,94.17313,19.060806,72.66318,1.8267573,6.5815425,14.753822,7.081003,-0.16710755,-4.5768623,19.520557,5.720211,-1.5882812,7.7085876,1.6576358,3.9805048,-0.5017653,-1.5610309,-2.6640475,-0.8135416,Mei
-413.0337,104.34598,21.15107,72.4176,0.39637804,4.7994113,16.655931,7.7840652,-0.42641702,-3.2119079,19.365788,8.6024065,0.43147296,7.074413,1.6575289,2.162832,-0.55858874,-0.8742102,-4.1294384,-0.863496,Mei
-404.69092,107.00671,14.425697,66.676994,-1.5896941,5.9525304,14.547928,10.857127,2.8387663,-2.4696074,16.91968,8.089943,2.24049,5.048316,-0.21421777,1.2270358,-1.7680708,-2.9200795,-1.0885575,0.83640915,Mei
-389.46832,108.88523,9.943246,64.88261,-3.3060822,5.574713,16.770437,11.200699,-1.2811762,-0.68761015,11.076615,3.7380102,-1.9364374,0.37542817,0.21683691,0.34571692,-4.984346,-3.9414072,-4.5429025,-3.4582272,Mei
-394.9086,102.13122,10.187614,67.9044,-3.3791823,8.252303,10.550415,8.1065035,-3.638782,-5.5147133,17.617325,1.608849,0.95166385,5.924939,0.1431212,2.3547492,-4.2636466,-4.631964,-4.0123467,-1.0665299,Mei
-426.66324,90.70478,17.5043,65.51712,-2.8795693,4.5513463,13.681342,4.5841784,-1.5273845,-6.117031,16.059189,5.596787,0.0073724496,5.613594,1.7148719,1.8910406,-3.5211594,-3.2125072,-5.976181,-2.1978607,Mei
-430.19388,94.069214,17.839699,68.90313,-0.13881382,5.5064087,9.357584,7.142006,-1.351803,-9.554295,19.92726,7.797627,0.038113493,7.1823745,2.654799,3.7867527,-1.1600984,-3.4506025,-4.8445086,-0.934249,Mei
-442.90115,91.422264,22.76303,63.29269,2.241099,8.557283,14.93062,7.479019,-0.30635473,-6.179233,20.069536,5.770496,3.7918024,10.495058,2.8031082,1.718601,0.80690587,-1.4594251,-5.864621,0.2833444,Mei
-442.2107,97.55651,20.918373,64.9207,-0.061681323,7.7731543,12.47195,6.6513557,-0.41057694,-8.120621,18.988941,9.350814,1.3664763,8.294066,0.52304447,2.1079042,0.07470055,-2.060886,-3.9739864,0.42183274,Mei
-455.73526,90.64822,21.718557,63.70459,2.28644,10.778546,15.358508,9.349395,-1.5605239,-4.689635,17.516668,5.8049936,2.5634484,8.923687,1.8987764,3.0377698,-0.3536166,-2.1668873,-4.755034,-1.7790678,Mei
-434.20932,97.41859,15.723396,65.452156,1.9057429,7.0389824,14.796159,7.6726723,-1.5828437,-7.650493,15.358526,6.945652,1.7498375,8.687047,2.7519875,2.5235295,-3.3135939,-6.722541,-5.3198586,-2.3505206,Mei
-445.70108,90.745544,16.690289,59.771698,2.644663,9.268296,9.741097,10.551715,2.9407399,-5.3329134,15.03037,3.3527598,0.76944613,6.30755,2.4741657,4.73338,-1.7749146,-1.103634,-4.690374,-1.5247318,Mei
-447.54126,97.85242,20.586678,64.92641,6.9565897,6.2708206,11.467619,10.128224,0.25440925,-7.3427877,14.399709,6.485118,2.1188512,8.02582,1.431543,4.604788,-2.7538037,-4.9093614,-3.8985584,0.39978054,Mei
-450.2558,101.8423,20.153801,64.03664,10.954749,8.120688,13.806835,11.523773,2.5628128,-5.0639296,15.872035,8.678334,0.73403186,6.2193093,2.2070148,3.4468708,-1.8790512,-3.932241,-3.8037581,0.4468486,Mei
-438.5044,98.10235,19.484026,69.50539,3.4019063,7.199446,12.242693,10.043913,3.1007912,-7.2480583,16.140377,6.1118355,-2.3329093,6.7479153,0.4126829,4.829567,-1.3815242,-4.1941824,-3.8237343,-1.2567918,Mei
-432.7761,96.931244,19.249594,66.26565,4.9734235,12.208793,13.932583,8.603315,3.8303385,-0.5155647,14.055872,3.372092,1.0144076,7.121895,1.1151022,5.033921,-0.0047163037,-0.7826319,-2.6312027,-0.53293717,Mei
-437.059,97.43771,21.445374,67.881,2.382146,8.693392,17.22934,10.264641,-0.3535783,-5.1728854,15.610347,5.3814893,0.6961683,6.8089867,3.6264112,4.129316,-2.4440885,-2.7317684,-4.697895,-2.518077,Mei
-430.52444,91.76135,12.459709,63.314224,1.3190352,6.6336594,14.48558,8.049402,2.462187,-0.8591242,13.58318,5.406693,1.8113838,5.1529064,2.2813098,4.887324,-2.2855453,-3.302604,-6.3060837,-1.5168887,Mei
-425.78168,93.23078,16.008926,64.01512,-3.416263,7.659674,16.101263,5.713214,-0.9392257,-10.450234,15.833426,4.352698,2.2932353,7.569818,0.62363505,2.1544542,-1.1809907,-6.4614105,-10.651787,-3.8695767,Mei
-469.94583,93.79253,23.76825,57.247204,5.4739304,10.93679,16.114935,9.948136,4.1957417,-0.0021957918,11.465768,8.020779,2.630964,6.8231273,1.9999038,5.9116178,0.83471245,-3.5789263,-5.01839,-0.4174447,Mei
-441.71176,93.096054,20.76983,68.198425,1.3847617,8.722559,14.578995,4.919865,0.6011535,-2.6671557,15.95178,7.839009,1.8901439,7.5497193,1.18791,4.1220374,-1.4028645,-3.708815,-4.454625,-0.09041751,Mei
-464.0899,89.65039,21.80596,61.71691,5.7540073,11.187223,16.574411,10.521775,0.11512424,-4.0731974,17.160772,6.331693,0.90104526,7.9563427,2.5384045,4.7217574,-0.8590355,-3.8453572,-5.069962,-2.4077199,Mei
-456.91455,95.44679,23.295246,62.4385,6.8557906,9.536968,17.036592,9.044944,-3.2012165,-4.6573477,13.853256,4.9686,0.43361753,5.6560416,1.189074,6.25661,0.34563112,-5.2596984,-6.7959685,-2.3801441,Mei
-442.37573,93.73997,24.574911,72.77445,3.7481732,6.9575043,15.28885,7.6490984,-2.1576502,-5.9425735,13.252307,7.083662,3.1138954,5.8524094,3.197089,5.29306,-2.529163,-4.735922,-3.9901721,0.78739417,Mei
-456.0351,89.00962,20.117067,64.548,0.43980274,6.683726,14.559941,5.5561066,-3.8467662,-3.6157691,14.044153,6.4946246,2.1417274,7.1389327,1.3896294,4.8579063,-0.9529584,-3.1109023,-2.8583448,-0.8901,Mei
-455.6554,88.50044,20.594683,61.29447,-0.5387881,10.220414,11.075955,8.323138,0.44752544,-1.8175164,13.396807,4.3609233,2.6972542,5.592214,1.6296718,5.8776665,-2.0414543,-3.064669,-4.5671773,-0.5957191,Mei
-472.76608,81.64955,21.531828,54.833046,2.494947,8.943662,14.994078,9.537773,1.9295578,-0.7147162,14.164333,4.602067,1.5142928,6.982844,-0.09185654,2.100235,-2.9440656,-2.8476737,-4.4827166,-0.7151324,Mei
-470.91055,84.569725,21.141712,55.53352,2.5957794,9.227545,13.800299,7.0694475,-0.9394537,-0.42457312,12.136751,4.2249556,3.2257621,7.0380125,0.21335468,5.0976934,-5.4271774,-3.9948983,-3.7600121,-1.9771583,Mei
-457.40756,83.906784,15.304559,56.198303,1.2032157,12.019923,11.070324,2.2400045,-8.4067745,-7.512353,18.908203,9.353359,-1.7135459,-0.30113685,-0.075700544,7.3005643,0.30209857,-5.795603,-9.231162,-1.0580057,Mei
-448.62915,79.68091,18.07157,59.116802,-0.009436024,8.646941,6.831218,3.6368818,-5.4079647,-7.341178,17.142832,2.477324,-0.4026628,3.9066107,0.45744842,4.4363823,-2.7707055,-8.232345,-9.737454,-0.5354165,Mei
-450.13458,87.793915,18.36414,65.77895,-0.816169,5.172556,9.509925,1.9340701,-8.404506,-11.003659,18.457193,7.6419353,-0.26697916,3.8394716,-2.1290128,0.784046,-4.36409,-4.414159,-7.353986,-2.3603077,Mei
-446.52847,89.416306,17.71972,63.014732,-2.9681172,3.1929667,11.166533,1.6547412,-7.006074,-8.710418,12.731711,4.9140115,0.91486084,5.129453,-0.16920903,1.7897851,-2.4776106,-6.20139,-7.639063,-1.848508,Mei
-442.2461,88.36441,19.588585,70.37054,-0.6312619,4.1400385,5.2098885,1.1419742,-9.920333,-14.096275,19.44369,6.014037,-1.7082372,6.9731283,-1.5682803,3.8927755,-5.6238513,-7.12931,-6.104659,-2.5444841,Mei
-459.12015,86.59803,16.265343,60.00111,1.1460533,4.151395,5.1286645,1.8245695,-6.3835683,-9.156818,13.30734,5.2045608,0.5354105,7.5324,0.25683343,1.9255668,-3.7828758,-4.8868,-6.8596234,-1.917988,Mei
-462.98932,87.09387,17.265774,59.98164,2.5708356,8.921605,6.8604665,3.3110008,-3.2821238,-7.651389,13.919867,4.11162,-0.671642,7.646036,0.22757292,2.5808277,-2.2219608,-6.2934847,-4.6284866,-0.11408964,Mei
-440.12622,90.8571,11.677225,61.977287,-2.2373621,5.002314,5.927416,1.4633906,-5.338529,-6.942014,15.976105,4.5866284,-1.3634927,7.6041503,-2.0190473,1.5149966,-3.4622097,-5.545224,-3.9434783,-0.8276879,Mei
-454.1379,93.33616,19.9017,62.334347,4.9489512,6.908297,9.021129,3.596058,-0.16350174,-4.8905077,14.901988,9.161234,-1.9424458,6.094243,3.1670427,1.6318876,-1.1560599,-1.9494345,-3.9007273,-0.1537253,Mei
-461.6397,92.16647,20.891626,59.50591,4.309012,8.854625,9.817082,4.4956923,-0.6736379,-6.002966,13.5953245,6.0915217,-0.4027817,6.9413967,-1.0197474,2.3387966,-1.1403446,-2.7112665,-4.19954,0.29079765,Mei
-446.0872,93.95323,24.12298,64.516685,0.15730536,4.0235715,10.27197,6.242266,2.1149049,-3.8018878,15.335362,6.0273933,-0.60064423,5.2914357,-1.2696259,5.1654177,-0.13641429,-3.249252,-6.315223,-2.212055,Mei
-441.76962,98.95007,22.760012,66.98828,6.7903123,10.996733,14.410215,10.203643,3.2010365,-4.879387,14.195035,10.018362,3.6258478,7.245189,1.2066307,4.057367,0.19604252,-2.1006033,-2.967268,1.3287724,Mei
-451.9631,83.311874,22.471416,63.576344,2.7424512,8.021111,15.183133,8.122646,-0.5225115,-4.9013596,20.458395,5.104634,5.222369,8.536441,2.7193627,4.2996683,0.36555463,-1.6654775,-3.7616005,-1.8805065,Mei
-431.77908,96.68271,14.063931,60.60085,2.0271828,7.7911153,12.421566,7.125471,0.7729697,-4.7843676,11.531812,6.2964735,3.812451,6.5266137,-0.29387113,3.3000686,-0.6757073,-2.1417303,-4.8259325,2.2858791,Mei
-443.59512,94.8286,25.494598,64.40974,-0.81402034,14.852118,15.370535,2.4586627,-5.2277102,-2.7047226,10.595693,0.84328866,3.7009437,9.354439,1.006559,5.202973,-1.0918665,-2.7647476,-6.141857,-2.0283859,Mei
-445.16678,82.8497,21.108524,64.30803,-0.008009518,6.5357494,13.227131,2.2431564,-4.823485,-12.501164,14.294323,2.6956382,0.48768407,6.449918,0.13744728,-0.57762897,-2.6223235,-4.2910304,-7.325429,-1.4062986,Mei
-450.74387,82.29238,18.699966,63.043274,-1.0823168,9.644859,9.554441,4.601448,-4.002476,-5.493837,14.517656,4.5671773,1.8460085,5.9959397,-0.5250724,1.5965279,-4.119087,-4.236345,-6.4366446,-1.4242929,Mei
-465.42374,78.94265,21.645033,64.409096,5.3307137,8.246548,10.262401,4.150669,0.091608435,-5.5934777,13.906791,3.3173711,0.6164064,6.8428907,1.8389039,1.0248499,-1.1523228,-4.37573,-6.455569,0.06777629,Mei
-355.1175,128.67352,-8.283659,38.766228,4.689606,6.112066,4.2804317,12.839762,0.8973303,1.5810792,14.124544,5.2432437,0.8229426,6.7994676,-6.81839,-1.1772014,2.5172422,-2.973923,-4.1081414,0.28616884,November
-358.18475,122.57902,-7.298543,41.58961,1.8705611,7.119984,4.2517304,13.113048,3.1063957,3.4783125,10.192188,2.887896,-0.9183971,6.647441,-6.432076,-2.4451315,1.1580826,-3.69047,-1.8655457,0.046507474,November
-358.9682,126.10867,-9.57771,38.30695,1.3567404,5.3118486,4.8981996,12.591962,2.0079641,4.8232226,11.660703,2.287191,0.24646309,5.8834457,-6.8553696,-2.3731055,0.5795908,-2.8434827,-2.2164865,0.41462487,November
-343.90756,132.57619,-13.178828,42.509937,0.5533459,1.3319228,3.153976,11.732239,0.14021538,6.6113114,12.774307,2.0216765,1.34452,6.939785,-6.5281763,-2.4888387,0.9872686,-3.781716,-3.2143826,-0.66859996,November
-332.46655,130.33255,-11.664471,46.094666,0.54406196,3.4073098,4.4416404,11.343054,2.6632347,7.5629334,13.869175,1.7006173,0.9460173,9.311935,-4.624499,-2.6933835,0.77936757,-4.7341285,-3.4477088,0.9128182,November
-346.28006,127.896385,-11.991928,41.22576,2.0081167,2.8541367,7.218437,13.795513,0.52502733,6.957078,13.836152,2.481584,1.4883668,6.943673,-5.531411,-1.0863092,2.9333115,-2.902073,-4.7913613,0.46757117,November
-354.88617,125.313835,-17.330454,37.733246,-3.8079045,2.388719,7.6298795,12.276829,-2.8369877,5.8688745,9.375246,1.5378984,1.2589822,1.8266577,-7.6313915,-1.5306774,-2.146702,-2.6188376,-3.8429437,2.3007352,November
-339.60678,127.73057,-13.832374,41.699783,-0.888845,3.4441159,7.3540616,13.248826,0.25648755,6.5158296,14.381857,1.103579,2.1781032,6.4827423,-5.0434237,-2.682258,1.7349496,-3.1654303,-3.6413298,1.3840462,November
-352.67142,123.472275,-13.005305,42.3006,-0.5572128,3.1110442,6.2532744,12.200632,0.20561168,7.355893,12.764977,-0.19112176,0.10545552,7.17968,-5.451602,-2.099954,1.8673862,-3.1531763,-4.886296,1.240157,November
-351.8259,126.978874,-14.438072,38.903824,2.4447029,6.066666,4.352434,14.187269,1.7546641,5.929055,13.403217,3.9415088,-0.7404819,5.680546,-5.4292464,-0.63337046,2.3467898,-2.108695,-2.012181,1.4468371,November
-354.0883,127.99896,-14.746297,38.471474,1.790872,2.6697786,6.109294,12.653767,-0.55522203,6.839248,10.818454,1.5809102,-0.07152825,5.593869,-5.131832,-3.0334442,0.045445736,-1.4288278,-4.327392,1.5261791,November
-363.3108,124.07813,-11.023472,37.71999,6.1072736,9.230554,6.2874613,14.061508,0.22071546,4.1628523,12.354849,4.377128,-0.2951853,2.8779368,-6.827695,-1.142832,1.1243721,-2.2365239,-3.3265653,-0.15998615,November
-345.01865,131.04199,-17.486675,41.69139,1.8065165,-0.10159597,3.9071639,10.817279,1.6757511,7.6236916,14.714174,3.6183536,-1.3749622,5.8984737,-5.2499847,-1.1475043,0.8326462,-2.8585727,-3.5442,-0.46039435,November
-331.24,132.93535,-18.961926,43.577988,-1.1656369,-2.1058562,3.4775937,10.376084,1.1053413,6.4534755,15.448498,4.0263352,-0.44580916,7.091259,-7.0035586,-3.177119,2.3160102,-4.5984116,-4.5816383,0.31736878,November
-330.6808,132.85638,-20.524137,38.434223,0.3104415,-1.3340081,1.6613247,10.107975,0.689406,5.162815,14.214786,2.2973495,-0.5089087,5.838924,-7.5928082,-3.36081,1.5267746,-5.3703866,-5.1690683,-0.5415229,November
-341.6827,131.85286,-15.833725,44.46352,0.22275358,-1.5001831,4.9304514,12.48846,0.7768367,6.987193,13.276199,2.4022713,-1.5282906,7.803607,-7.0271587,-3.1637752,2.109954,-4.0714784,-6.1192856,0.7715379,November
-349.7967,127.389145,-12.1308365,42.544006,-0.21809538,1.7583764,4.5101695,10.756526,0.3094481,8.792093,12.742574,2.0717943,0.47275233,7.2044196,-8.197866,-2.2472441,3.6055214,-3.3865926,-4.3905563,0.17808037,November
-338.44708,129.12134,-15.312922,47.33022,1.3137513,-0.9876912,5.2435985,9.711822,2.3785853,6.788228,13.728936,4.9759717,-0.3414559,9.358254,-6.6928973,-3.3946607,2.4477656,-4.810401,-4.7383265,0.103248455,November
-329.4976,134.39455,-13.068166,46.477165,-0.6629989,0.40558955,7.75453,10.246818,0.2181466,6.9586873,16.14116,3.789771,0.5515493,7.3447747,-7.57161,-3.3033688,2.7784824,-3.16026,-5.1189075,0.59930444,November
-338.85217,133.4125,-12.329948,47.145203,2.2762551,1.2046131,6.3639054,12.618401,3.0331302,9.155787,14.228697,4.1333094,0.4087054,8.606127,-6.2238326,-2.7494984,1.2912161,-2.7841308,-3.7155604,-0.8760209,November
-338.8353,132.7306,-10.826033,45.011166,-0.28011748,1.7110468,3.8097548,10.165465,0.7996416,5.3234024,14.078502,2.1295474,-2.1024506,6.5143094,-7.4057946,-4.2972407,2.1096725,-4.015424,-5.6945114,-0.5810751,November
-339.7275,131.62903,-11.23172,45.94575,0.25199962,1.9859266,5.517168,13.160301,0.44438964,8.6038265,12.202857,1.8997283,0.2953333,7.627142,-7.327278,-3.79555,1.6009815,-3.8838649,-6.1052394,0.92757624,November
-348.9412,130.04602,-5.8415365,42.60364,3.149177,7.806872,6.509645,12.985272,1.9984659,2.670959,12.216705,6.0031614,1.4428942,5.5356874,-7.932013,-1.0065898,2.8181138,-3.3361003,-3.8240561,-0.18247584,November
-332.07623,130.97455,-11.261874,49.296013,0.57872885,4.752677,7.2491274,13.432625,2.3474178,8.120691,14.419072,2.093749,-0.6884337,7.0808578,-6.8052163,-5.696535,-0.07690894,-5.0738044,-6.836731,0.08031805,November
-339.45792,136.03725,-10.0473175,45.122253,4.669526,4.6488934,7.8204513,16.217918,4.4696255,8.292207,14.351332,4.5981026,-0.3914674,7.045707,-6.2758646,-3.851664,1.1204498,-2.5081084,-4.314481,0.28996617,November
-351.11444,133.74052,-8.366538,43.233734,2.4893737,4.3424697,5.319016,13.377284,2.261665,7.6205454,10.917936,2.6014185,-0.40340245,5.923387,-7.29751,-3.2607002,1.2093006,-2.6335232,-4.0535502,1.1181427,November
-349.52588,128.47804,-12.19207,45.57786,2.2169108,4.8862753,7.6240044,13.226978,1.9068457,8.971372,13.61495,3.338152,-0.9825879,5.945647,-5.833409,-1.7931349,2.281709,-1.2426558,-3.2732918,1.406845,November
-344.0664,127.76693,-14.4386425,44.802334,-2.2776585,2.386576,5.379553,12.695421,0.6540253,6.3786416,12.4932995,2.8114696,-1.1284255,8.410613,-7.9804096,-3.9409938,1.4384724,-4.4599767,-6.8244166,0.5479681,November
-346.2662,127.8718,-13.343471,43.37464,0.22086497,3.1201155,7.7316446,11.5940275,0.6150269,7.087475,10.217503,2.161119,-0.41270915,7.1137486,-5.4363008,-2.8612201,1.9762583,-3.4372294,-4.8628774,0.48283753,November
-343.06564,129.13394,-10.604038,46.55981,4.0756993,2.2240973,4.438513,12.759369,2.3578491,7.5991898,13.959408,2.6879,-0.4747347,8.474943,-7.0346785,-1.9832013,3.8598342,-3.1204267,-4.427989,1.2245231,November
-342.84924,127.45903,-8.618191,47.16379,-0.20598555,1.3103607,6.7889066,14.731396,-1.2537303,8.994932,12.6305065,2.0777535,0.2152828,8.126103,-6.3669906,-0.21866858,2.0829492,-1.6096271,-6.24144,2.092145,November
-346.70026,128.10313,-9.401583,44.037407,2.2486908,3.0999687,4.5571823,15.365807,2.079778,7.208103,11.444632,3.2836583,-0.15186898,7.6263123,-6.412164,-1.5221423,3.4689443,-2.5843909,-4.8844733,2.7649739,November
-336.82925,131.13943,-11.17322,41.159756,1.7324017,-2.0746963,2.3225641,12.162607,-0.42608845,7.310823,12.834243,3.1749122,-1.7741832,5.955868,-9.420762,-3.2153707,1.9339442,-6.80093,-6.0355477,0.5085739,November
-352.26987,128.18605,-9.409882,42.391056,2.8739135,6.2359943,7.4008093,13.708296,2.9098058,3.0479455,11.385091,5.4339457,0.8330836,5.575325,-7.6351795,-1.0243716,3.6228595,-4.1011724,-3.9940202,0.67218727,November
-340.2615,126.90743,-10.90326,46.78019,-1.3921343,1.4365102,6.2670836,13.114883,-1.4685856,7.7579427,11.814339,3.4008563,-0.6789575,7.546501,-6.741519,-1.7426484,1.3827481,-3.1173306,-6.543611,1.729048,November
-341.39642,125.27105,-14.024133,44.65391,1.9281627,-1.81769,-0.46554515,12.794999,-0.6575723,6.691803,12.949388,3.0010412,-1.7748876,6.591344,-7.549323,-2.9704537,0.07297576,-4.02795,-6.5151663,-1.1595573,November
-335.24203,133.86061,-16.549053,43.748173,1.4287536,-1.1412652,3.9840875,12.560233,-0.96470916,7.527599,15.111131,2.3392012,-1.3214303,7.359765,-5.253403,-3.9618478,0.52413994,-3.7994869,-6.207127,-0.26451764,November
-333.3821,131.56114,-14.557242,44.439564,-1.9288868,-2.9785008,1.4066548,7.647803,-3.0792522,7.322388,13.751886,1.848007,-0.8203397,7.607635,-9.837402,-4.5351787,0.6450379,-4.7407165,-6.1939397,-1.5943387,November
-341.36304,132.05157,-16.21177,45.59361,0.48719606,0.5323211,3.5935524,11.034248,-0.5333341,7.148337,15.956242,3.3951387,-0.90929866,7.7767024,-7.4390693,-4.229223,1.3742393,-4.1910114,-7.180179,-0.8464826,November
-346.65833,128.75247,-10.667222,44.276657,2.5784142,2.65461,4.335904,14.078037,0.5842437,6.5155954,13.888078,3.6258714,0.4486854,6.979486,-7.0440645,-1.8866926,0.13777684,-5.7474527,-7.0606446,-1.7137855,November
-340.21536,133.11795,-12.977774,46.65097,-0.18339092,-0.23256157,2.1428924,15.151,0.44500932,4.666036,16.432596,2.7300165,0.45097214,11.655874,-10.200128,-3.1170244,4.3098965,-6.463756,-7.4914565,0.0639925,November
-325.44644,131.85728,-15.085203,49.187424,0.051580604,-1.4169747,2.3376281,11.261712,2.094891,4.5950375,13.729253,0.58613294,-0.8097595,9.416268,-9.887792,-6.7594266,0.2419655,-6.392252,-7.6520042,-3.2128034,November
-338.12067,131.4192,-9.451955,48.006012,2.9575984,-0.68314654,2.2507493,12.176025,1.1621548,5.939439,15.305746,2.755875,-0.34584135,8.859213,-9.429962,-3.405972,3.694396,-5.8765707,-7.0099993,-1.3476781,November
-326.5296,129.69075,-20.26651,41.614513,-5.0203395,0.5502459,6.0905237,11.2036705,-2.2145553,10.030406,14.34778,1.1070553,1.9901954,5.553285,-7.316301,-0.24847907,-0.51970136,-3.9868708,-5.733523,0.49380487,November
-348.39728,124.130905,-10.822415,42.431133,4.027169,9.42412,4.6009583,13.045566,3.4248931,5.3630877,14.835411,4.3954186,0.30555862,6.037731,-4.7808723,-0.032047164,2.767983,-3.5152936,-1.4069985,1.5104405,November
-330.10645,128.44891,-16.573965,46.458042,-2.0004075,0.901505,4.194104,12.993468,-2.0361865,4.998437,15.478519,1.8154244,0.50501865,7.3320584,-9.570104,-0.7129049,1.1023107,-6.7942033,-5.9167423,-0.055792164,November
-348.30862,127.582634,-7.1626263,40.87531,2.538686,9.20843,6.175122,12.7795315,1.5320976,6.664177,9.789619,2.3546069,-0.6622266,3.2957706,-5.5860996,-0.79946136,2.084139,-3.047229,-2.5336294,1.9321926,November
-341.10007,126.74235,-11.024505,43.57787,-0.6714054,5.8848696,4.7536864,13.681636,1.7479346,3.6058204,12.731522,0.9190314,-0.43476662,6.146671,-6.30753,-3.563144,1.8090932,-2.4316578,-3.101302,0.039114207,November
-355.42065,127.59684,-9.858118,39.70939,2.4075098,3.301167,4.407607,11.97471,2.3295612,5.4769263,9.278734,-0.35758778,-1.6937859,5.045672,-5.593778,-3.3331916,2.5288198,-2.3595333,-1.8758519,0.94765395,November
-360.80334,125.14785,-7.989724,38.405483,2.1059515,9.002852,5.535921,12.959949,3.3293028,6.292694,11.349736,1.3090926,-1.1132929,5.669897,-6.836311,-1.4519382,0.5834273,-2.8350563,-0.4508232,1.4546343,November
-377.35815,127.18561,0.1389616,35.094673,-4.6774764,12.884931,10.310292,15.408539,0.36466664,4.515648,10.814001,3.6958325,4.470145,5.4699297,-6.700804,1.880291,0.42917386,0.88287115,-0.18291855,2.4761992,Oktober
-362.21042,132.76634,0.54864395,33.429554,-10.277513,8.214178,7.556448,13.286712,0.7431755,2.8874288,13.522268,6.1709027,3.0668051,7.795862,-8.086256,1.6448879,5.1012416,-2.5587564,-3.716856,0.23140633,Oktober
-373.1345,129.74608,-3.0770311,30.936398,-5.8932257,7.879137,6.985555,12.285769,-2.2868266,2.5722625,12.854888,4.616547,2.1799483,4.404672,-6.606011,-0.646598,-0.27957574,-1.0895174,-4.643727,1.1833087,Oktober
-364.74124,131.73131,-1.7800473,32.627316,-9.412826,6.5980496,6.1096134,12.065319,-2.666425,4.981554,14.657091,3.4033194,3.2780108,5.0883217,-9.689894,-0.056220822,0.2192347,-1.3370267,-3.4030464,0.74703324,Oktober
-371.41693,124.34951,-4.247405,31.670233,-7.231292,8.708853,6.7723083,12.849645,-0.83209866,2.3632684,10.748532,4.9326425,1.7981694,3.183764,-7.297764,2.2947705,0.3353778,-1.4968054,-2.0729623,0.4803002,Oktober
-378.12152,125.47898,-1.9839288,33.06974,-4.0565243,11.467297,8.191562,14.181912,1.4434468,4.8481154,12.908469,5.792834,3.0188024,4.7951493,-6.0906096,4.0985165,1.1689368,0.1562677,-2.765229,1.9217131,Oktober
-369.86935,127.5575,-0.13792832,33.32246,-5.315203,13.040721,8.8062105,12.368335,-1.0826839,3.9781036,12.432742,4.2101398,3.2539284,4.1222844,-7.6728196,3.6310291,1.1730348,0.26597196,-3.9485824,0.6784466,Oktober
-369.44797,124.15138,-3.7323093,32.957752,-7.110279,10.02616,9.413571,14.862354,-0.98375475,3.3345764,16.231848,6.309308,1.2365235,7.5372143,-7.1769276,0.29884025,2.8025022,-1.7264938,-1.2243695,1.8149298,Oktober
-366.21118,127.31783,-4.8261967,33.004158,-6.67029,10.768462,8.403597,12.491351,0.09235066,6.6395454,13.958226,4.610419,3.0395112,5.0361934,-8.366703,1.8023814,2.9113216,-2.4375389,-1.5896235,1.1815495,Oktober
-359.19748,133.3644,-5.064581,33.03648,-8.617042,7.489746,9.036792,14.043441,-1.1558794,5.474403,13.963594,1.5187948,3.0405557,5.395354,-8.04222,1.8995416,0.76862645,-1.18743,-4.0460434,1.3498429,Oktober
-369.16672,132.67352,-0.3066409,33.711884,-6.408779,10.577479,5.730605,12.105288,-1.0526241,3.7395313,14.080421,4.9795,2.2619543,5.068036,-9.649058,1.8846977,2.7136757,-3.4876103,-2.8348746,1.8386564,Oktober
-377.36194,129.74872,-3.5267684,30.102226,-4.293229,9.626199,10.743082,15.124605,-2.8618748,4.7340093,10.024471,4.525715,3.9674885,2.9470725,-5.2942634,0.7926718,-1.6255245,0.6152897,-4.458379,1.0223037,Oktober
-359.4662,134.75493,1.4441228,33.09773,-8.003489,10.993043,6.769864,16.027454,0.4763984,6.0872116,14.688521,1.7189554,4.443579,5.6896477,-8.493471,2.678076,-0.15025954,-2.2156506,-1.8809637,1.7923049,Oktober
-356.17853,137.61104,-4.4162674,35.88416,-8.145446,8.708835,8.471712,12.80867,-1.2397281,7.917436,14.609892,4.1471133,5.091832,7.6219244,-6.101858,2.4086235,0.7363807,-0.31114846,-2.0667164,3.9904466,Oktober
-373.01355,125.07533,-2.2103448,33.821465,-7.6740212,10.762461,7.7075825,13.22368,-0.23998047,4.3769984,11.522948,3.0844662,4.620313,5.2224336,-7.2359805,1.2249197,-0.7871535,-1.2528168,-2.314579,2.5614722,Oktober
-357.26968,132.49275,-3.9855783,31.236095,-7.5978875,10.663417,9.269886,13.116155,0.14195646,3.6136143,13.796183,3.950973,4.3705134,5.9117794,-6.3458652,-1.96617,1.7328733,-2.1902637,-2.7805007,2.6478877,Oktober
-355.27588,135.21838,-0.19918133,31.936218,-10.035224,10.494029,7.00415,15.45767,0.124397345,3.7958744,14.822208,1.3723577,6.404276,4.9927335,-8.24057,0.89314103,1.7598476,-4.4579854,-5.645481,0.9136822,Oktober
-353.31186,136.8037,-5.267736,33.252056,-9.2555485,6.913599,8.331574,11.867833,-2.5827637,6.689924,13.950163,2.9560573,4.46873,5.2936406,-8.219636,-2.5999417,0.42908123,-4.905705,-5.678753,1.3664707,Oktober
-361.41928,136.66943,1.3254331,33.06492,-7.310602,10.772458,8.290026,15.96292,-1.7226262,4.3086967,12.453056,3.1517365,4.763108,7.394591,-5.8447356,0.42700946,0.58895636,-1.8610057,-2.3813436,2.1772506,Oktober
-357.5237,135.21907,-2.4966068,35.315838,-3.7668824,11.002909,9.953798,12.603647,2.6027746,6.627012,15.502683,7.529708,2.4203854,6.5443435,-8.3935795,1.2947924,4.959837,-3.08469,-1.5437506,1.1874496,Oktober
-368.97443,129.0913,-2.8133366,33.382526,-4.673126,8.513877,7.6452847,11.932273,0.19306047,4.149932,13.319848,3.706141,2.1716337,5.395507,-8.35405,-1.4283093,2.1562588,-2.6473281,-3.721501,-0.8256968,Oktober
-360.7936,134.56721,-6.495132,30.90167,-9.0306,7.068876,7.415196,12.810046,1.0053269,4.577498,13.475159,4.2641463,4.053697,5.4527097,-7.1249375,-0.5664959,3.0663223,-0.9272184,-2.681683,1.7742138,Oktober
-376.0494,126.0813,0.34543598,33.665375,-5.109821,13.427547,9.89076,14.095668,1.8247781,5.093222,11.8860655,4.873393,4.6724052,5.1098003,-6.062387,1.8312651,0.39782846,0.42511946,-1.2728566,1.5787247,Oktober
-376.60602,124.61716,-0.5377177,34.436176,-5.158753,11.582294,7.6593623,12.970089,1.0793983,4.908987,12.279823,3.1824415,3.8547232,6.373468,-6.299411,0.81421137,2.4794023,-0.60786533,-0.98332334,2.5911815,Oktober
-360.8155,129.68231,-1.7644424,35.834167,-5.0709724,11.411412,8.840914,14.043035,1.7856668,7.723852,15.995236,5.1306224,3.3102782,9.514942,-5.264734,1.0764948,2.7558217,0.1321226,-1.0366524,3.2149038,Oktober
-351.49402,136.0506,-3.0140724,36.962193,-4.475701,12.967637,9.502001,17.236101,2.7520206,6.309106,17.330536,8.655512,5.626839,8.707186,-5.4505844,2.5754511,4.318351,0.7441759,-4.182027,2.6811893,Oktober
-348.6149,136.4396,-3.2489471,31.84669,-9.580545,7.675265,8.963047,14.749084,-0.82504505,3.6343443,17.193628,3.9353535,7.4559317,8.007934,-5.203799,1.6383977,4.2863383,-1.123342,-4.2750607,1.929449,Oktober
-360.5772,134.76047,-2.8197908,32.713654,-7.4241395,7.988188,6.32281,13.343562,-0.53690404,4.1125317,14.735172,6.6474724,3.8537245,6.6758795,-6.2859216,1.1727442,1.8003502,-1.6461138,-4.4627814,1.9789158,Oktober
-359.6304,132.68744,-3.2978094,35.07271,-7.665433,7.3690133,9.929959,11.7176,0.5488634,6.5140963,13.69323,3.9635468,2.9590197,5.8203077,-8.922479,-0.15186463,4.0774994,-1.7159859,-2.6229038,2.1756659,Oktober
-354.16888,131.70648,-2.099866,38.47956,-6.514623,9.000638,6.9628873,11.950048,1.7513622,6.087514,15.589207,5.719997,5.7087097,8.2334385,-5.3583927,0.36587757,3.6559486,-1.6868075,-2.2957702,2.743109,Oktober
-343.42685,134.72438,-8.707318,38.8003,-10.808353,4.2033496,8.205098,10.637525,0.31319636,5.46628,16.03177,3.5538096,4.869216,6.0231795,-10.975623,-0.4959908,2.3438773,-1.583732,-1.8548945,0.7615003,Oktober
-351.37625,131.14374,-4.6374226,32.525326,-9.406824,6.030023,7.5717,10.420038,-2.3657598,3.960659,15.73934,4.766262,2.238114,6.4796205,-9.352192,0.5979081,4.77948,-3.3597012,-3.363999,-0.20162603,Oktober
-349.19867,131.05533,-6.3790903,35.464077,-10.248946,5.5822444,4.949991,11.533103,-1.384805,4.359006,17.54533,2.4052126,1.2815374,7.9007215,-9.31254,0.11512575,4.167362,-5.75671,-4.8296275,1.5432901,Oktober
-376.80457,130.2579,1.1602901,32.331078,-6.8550344,10.782172,8.717837,15.115808,1.015067,4.2630053,11.8675,3.6732204,6.0835686,6.2627797,-6.981062,2.0470219,0.37852064,-0.08160448,-0.7942374,1.7934225,Oktober
-359.92047,132.23947,-1.1913025,33.50647,-7.876055,7.626849,6.6899166,9.524891,-1.9303019,5.528964,14.625043,4.9825554,1.9718204,6.146579,-9.553823,-0.19327104,4.742646,-2.0504918,-2.7564263,1.9533198,Oktober
-340.07327,138.56564,-2.0114763,32.75302,-12.406244,4.747498,2.1789632,9.627143,-3.2794833,3.1091373,16.691587,4.812918,2.5916407,8.215789,-11.536846,-0.7073627,2.5214431,-2.9924579,-4.6266427,0.5152657,Oktober
-339.28427,137.85135,-3.788696,32.8291,-12.286564,6.8975067,2.589307,10.103583,-1.5652355,2.2759216,17.286304,3.8659632,2.9896498,8.496655,-12.40895,-0.16451772,5.0054274,-5.4034896,-3.5705748,1.2008759,Oktober
-337.5149,138.16025,-5.6198826,34.7124,-10.739658,2.929692,4.355636,10.528641,-1.8447781,2.6840425,15.386747,3.2754912,2.4221115,7.151632,-10.852789,-2.891225,3.8761408,-4.3846827,-5.4852467,-1.3912513,Oktober
-343.30423,138.28021,-5.58226,37.707153,-8.76639,7.5418215,7.6400313,10.392467,-1.9784123,4.2187314,15.916405,5.4513702,2.8974454,8.382817,-7.746862,1.7224394,5.6113358,-2.9170225,-2.6996217,1.4207326,Oktober
-339.85214,135.54787,-2.2009304,40.818184,-9.446545,7.7057924,6.390686,9.726692,-1.7284473,5.054623,18.416042,3.7975993,2.971074,8.293649,-9.919717,-0.2019456,4.8904333,-5.0419807,-4.669449,0.09318564,Oktober
-356.10425,134.46172,-4.403285,35.58648,-8.850941,6.82017,4.4134064,8.90533,-0.77578235,3.5231209,15.940252,5.5567493,1.6772166,7.526351,-9.308135,-2.5786963,2.942485,-2.6553175,-4.4672384,0.61520475,Oktober
-334.91248,138.32555,-5.6768637,36.76417,-14.144123,5.5033326,2.1474755,8.601864,-1.0633616,-0.17041457,18.828194,4.2358866,1.8568316,8.658594,-11.520206,-2.4797134,3.4096522,-4.8373666,-5.72349,-0.6980938,Oktober
-351.4872,131.60799,-1.7429605,36.513523,-11.45823,8.000463,6.9024854,12.023556,1.9845768,4.5268006,12.598141,5.9795074,4.0169816,10.645383,-8.026477,-0.18850678,3.8317132,-5.463352,-5.6454597,2.3804395,Oktober
-339.2489,132.96376,-9.463949,36.873333,-13.037137,5.1086564,2.7247012,7.460163,-1.743147,2.9256997,18.998554,4.230454,0.87482196,8.150837,-11.0370455,-1.8942981,3.298316,-4.866627,-5.966052,-0.8800469,Oktober
-370.9824,129.12944,-2.064939,30.433472,-8.468099,10.180426,8.502338,13.098734,1.1712729,4.037468,12.5952015,5.6652617,4.1190133,6.577061,-8.221017,0.77649564,2.7899287,-1.7676829,-1.9020847,1.8214998,Oktober
-345.20706,129.88815,-5.439625,40.335926,-8.194106,8.71845,6.277034,10.214992,1.2852747,5.82782,15.08113,4.4149237,4.214985,8.791309,-8.943177,0.5353419,4.04884,-3.877592,-4.1062355,0.90011543,Oktober
-367.45007,127.91987,-2.3135045,31.161795,-7.2408166,11.2020645,9.002431,13.068569,1.254134,3.456996,13.367147,4.6842957,5.715108,7.056156,-6.595484,1.1163201,3.4814425,-1.8946357,-1.8213212,1.7393509,Oktober
-371.98032,131.53484,-0.15136082,30.882645,-7.9350524,9.328094,7.6263404,12.759798,-1.9081011,0.80114806,10.767742,4.3706484,3.0919757,5.0000334,-8.0838175,2.1924703,2.075383,-2.0540743,-3.093175,1.4862256,Oktober
-369.98538,129.53703,-1.8519732,34.266624,-5.58717,8.102286,8.600516,12.454384,-0.6764778,2.8248107,11.500386,5.7103143,2.9809577,4.476547,-8.591669,0.7969322,3.1175385,-1.6572684,-4.1051955,0.86510926,Oktober
-370.79764,130.14606,-2.3273563,34.62952,-8.269432,9.658035,8.257953,11.211335,-1.372898,4.3380785,13.519959,5.246838,2.5141313,5.3403144,-9.435417,1.0592412,2.5633137,-2.1011345,-3.0553052,1.0458419,Oktober
-349.12335,125.23781,-6.402994,37.466873,4.310212,2.3051596,4.896443,14.133378,4.1536584,6.222495,13.328528,3.2827106,4.239732,8.870228,-7.967138,0.26764947,3.428596,-3.2820544,-1.9127668,3.0828106,September
-349.90244,122.20117,-8.151198,39.892365,0.4282368,2.4172847,0.5210583,12.523606,3.6421402,2.9162536,13.2068405,1.086678,-1.5374877,9.708085,-10.863047,-5.6164665,3.2155886,-4.782855,-5.401612,0.70618945,September
-341.99026,123.183556,-4.804881,41.9252,4.137298,-0.33029243,2.3579328,13.094388,2.3707995,6.1345277,13.93094,1.6738046,2.2874124,8.92514,-10.832136,-3.886055,3.330978,-5.931336,-4.0805864,-0.1766814,September
-341.86902,122.26379,-1.5857928,41.243023,5.8452387,1.6284788,2.1767855,11.383402,1.7983996,6.003201,14.177625,1.0957613,1.8706542,10.445539,-10.810753,-3.937057,3.7924788,-5.148107,-4.126902,-0.4334878,September
-351.31174,123.66455,-3.1746404,41.8886,6.0457582,1.5254326,1.6222875,13.563607,3.2765799,6.118308,12.962357,2.0228698,0.812685,7.0533295,-10.537651,-5.0018287,1.5985296,-5.003554,-4.3186755,-1.1987108,September
-333.61957,127.66243,-2.2215428,41.521397,8.670219,-0.92642254,1.4004543,14.190733,2.7113113,5.1096253,18.125748,6.514419,3.2517235,10.113865,-7.891164,-4.835712,2.2830124,-4.2167387,-5.421016,0.5163413,September
-333.0658,131.81392,-3.8003852,40.97221,5.348703,-0.80560505,1.7310982,12.318463,3.3289518,8.5099535,15.724451,2.255149,1.248883,9.997185,-8.149524,-4.889439,2.972306,-3.4204557,-5.93009,0.4595792,September
-338.1182,133.6883,-11.76673,47.416256,3.8566275,-1.429207,3.9702785,10.299568,3.4895415,5.478017,15.141725,1.8033931,1.4563278,10.418531,-11.50716,-6.4453387,5.2795415,-5.363193,-5.4228473,0.8766663,September
-329.29428,124.45797,-2.1134896,45.500687,2.7226834,-2.6921773,-1.2309521,11.257691,1.8595368,4.4413295,14.974195,2.138807,2.3529558,13.287004,-10.659423,-4.0578413,5.340644,-6.6019926,-4.930047,0.2213271,September
-335.00308,123.047325,-2.1647007,37.457092,1.4115843,-0.7102929,-2.168249,12.355948,2.1337569,4.9956613,16.341503,4.0926332,2.0614018,7.840273,-9.7048025,-4.612165,2.3841906,-5.245365,-3.4833496,-2.183698,September
-326.80045,126.69272,-3.7820933,48.45816,6.1535497,0.9610661,2.2276661,8.383627,1.0748346,2.0476682,14.797058,1.2300378,-0.07866538,8.999621,-10.459081,-6.3080564,4.021862,-6.869702,-4.257897,-0.18065806,September
-345.45944,118.57449,-6.7850723,39.119465,1.4137746,4.938381,3.019988,14.757445,2.9731803,4.0088162,18.056694,3.3612192,3.010591,9.189238,-8.948476,0.37372807,3.5050921,-6.4706163,-1.5401468,2.0501363,September
-331.63736,124.05637,-7.6731386,40.855995,4.9323816,2.570839,4.8768272,10.312104,-0.57277703,8.284977,15.026787,1.3043132,2.3087583,7.604413,-9.606482,-3.5043182,0.7028079,-6.586898,-4.1273546,-1.200006,September
-343.7549,126.03724,-1.7763698,41.3842,4.321785,2.1685634,3.9420357,11.525203,-1.5972527,6.510874,13.852972,1.1323981,0.9868298,8.510115,-8.759637,-2.3004377,3.0131571,-5.1468453,-3.7324367,0.6520537,September
-336.06555,127.06743,-6.843614,43.697388,3.8578362,0.09846183,3.4331968,13.642859,-0.7487165,7.1010656,15.569238,2.5032022,1.2904351,8.617005,-7.5949874,-2.2883344,1.8164592,-3.4507258,-3.6578138,1.3888015,September
-344.33273,129.63948,-3.431713,43.94022,3.4281244,3.2420342,2.639589,11.227091,0.7132319,5.622962,14.187809,1.4041877,1.4663246,7.500109,-8.503775,-3.5670943,0.3369313,-4.0097103,-4.096265,0.47327825,September
-327.58133,129.14697,-5.3634095,44.39538,3.0733805,1.4972221,3.8440056,12.605237,-1.1618536,6.979939,13.756139,1.488936,2.4354463,9.149087,-10.552068,-3.2614343,2.494607,-4.3791394,-6.267976,-2.0834758,September
-333.65967,129.19153,-2.5896735,44.761135,5.1910825,3.2918785,4.889691,13.523853,2.3039417,5.6540465,15.312565,2.339756,1.1999657,7.105833,-10.3282585,-3.7230291,1.905033,-5.2403955,-5.0596657,0.28932098,September
-327.84503,133.13353,-1.8259782,48.300358,2.017874,-0.9835178,5.4543023,10.682754,-4.295968,8.170022,16.11092,1.7546906,2.2519014,8.192951,-7.7462244,-0.40728644,-0.6267405,-1.2950577,-2.8237507,1.6877829,September
-338.83627,129.48035,3.1137025,47.709057,9.233587,1.4424778,2.7340975,14.119661,2.7330244,3.6573272,12.360799,2.1504457,2.6347606,9.744109,-8.967655,-2.35121,3.1839447,-2.4764073,-4.7426825,0.028865203,September
-328.52884,130.03339,-1.3792666,48.13659,6.761949,0.66478765,3.1129093,9.883065,-1.1204989,5.9919133,13.135801,2.2746196,2.6957448,8.1153555,-9.147499,-3.1345825,3.1974792,-5.475864,-6.4098916,0.26711905,September
-334.03918,128.69609,-1.1186169,46.981136,7.6785946,1.5967048,3.574,10.643194,-0.11216713,5.496822,11.797726,0.7328941,0.90619934,7.6485667,-11.059942,-5.154887,2.6383421,-4.2844296,-3.9614167,0.18643852,September
-348.36557,119.89251,-5.43388,37.951984,1.5028557,0.24494301,1.8012862,13.00568,2.9116335,6.0928063,13.472287,1.8676649,0.47057593,7.832882,-11.633397,-2.4386694,4.5694823,-5.56477,-2.0377803,3.2842078,September
-329.19275,136.11981,-0.27397043,45.702175,7.683435,2.0853312,-0.3286047,9.178743,-1.8858472,2.4207423,14.040483,2.030511,-0.16572654,7.204227,-9.139047,-5.421532,-1.0665716,-2.8719156,-5.085864,-2.4534552,September
-324.72,135.86482,6.418324,46.268997,9.219403,4.7493896,3.0565698,13.21292,-0.09765015,2.815341,11.190825,-1.1505862,-1.2834202,3.387631,-11.43855,-5.6280565,-0.9643232,-6.227258,-6.516602,-3.2401774,September
-299.40228,141.81566,4.000777,51.10463,10.467791,2.2465856,1.2612666,8.4470005,-0.585996,1.4979899,13.996278,-1.4225577,-3.350559,3.6859703,-12.566619,-10.9882345,-2.0506098,-7.7303853,-7.964753,-2.2177231,September
-316.9465,143.0011,3.5720017,55.924343,6.7542887,-0.90651125,1.2661669,8.477184,-4.724237,0.46786156,10.099885,-4.6170087,-2.425295,5.930192,-13.703666,-9.0961485,-1.4406545,-7.33629,-7.5760427,-2.965868,September
-340.98874,133.73425,-6.4534683,46.809948,5.0984807,1.7055944,3.5672767,11.567961,4.5090566,3.5173304,12.026489,-0.6015806,0.28592297,9.177994,-10.349319,-5.072352,4.03317,-4.1460247,-5.2335963,0.8304344,September
-346.51053,123.65565,-4.492521,47.933826,7.2151093,2.7428148,4.726687,13.465882,3.6666722,5.6244025,13.238733,3.338932,1.8613044,9.34047,-8.604677,-3.7219064,3.6756697,-2.3409815,-5.2545733,0.40694705,September
-332.8514,130.41808,-9.056084,47.699677,6.8081517,1.8456013,1.3797901,14.203447,5.1879783,2.9597363,12.605104,5.6220746,1.4288679,7.146344,-9.437747,-2.8971007,0.8769734,-7.770458,-5.3447924,1.5886316,September
-335.27652,123.457146,-3.132966,44.342564,3.5194185,3.7916164,5.069885,13.434857,3.3318975,5.105001,13.75664,3.4216766,0.7777636,8.457194,-9.108963,-4.829618,1.9323909,-3.3388066,-4.551087,-1.1286193,September
-355.2412,124.01613,-8.245228,40.785652,6.050409,4.7225676,2.3715436,13.012063,4.613661,2.6286144,11.195636,2.984886,1.1165127,8.357998,-9.542462,-3.2423055,3.1697674,-2.630176,-4.6366787,-1.6131712,September
-349.98328,126.909904,-7.1149025,40.862488,2.8663967,2.8399172,2.812982,10.523949,3.3844285,3.4070628,13.315492,1.6545495,-0.5570261,9.69016,-9.584898,-5.193754,3.9461026,-2.7768,-4.156191,0.9508897,September
-354.02612,124.00852,-7.692913,37.671696,2.41507,1.4804069,4.150646,13.229014,2.239392,7.335289,15.372306,3.0366986,0.904421,7.6440105,-9.338753,-1.1386366,3.5942671,-4.5593443,-0.7913828,2.8226583,September
-348.25055,122.51356,-9.397008,38.886574,2.7695715,1.5087807,0.2827102,11.964699,3.3800073,2.2757003,13.461492,2.8072212,-2.0231087,9.995385,-10.133264,-6.7448993,4.2387915,-3.1051145,-4.488802,0.648839,September
-355.5529,123.371735,-7.639411,43.02724,4.8215427,0.8234638,0.6619828,12.656012,3.5342667,3.2285886,14.451151,2.9544654,-0.051974397,10.364386,-8.426034,-6.2001185,2.893078,-1.7639748,-6.148331,0.39328685,September
-347.00595,122.46205,-4.1219807,36.497993,6.374188,0.7702031,1.2404989,11.697644,3.6100454,3.2611737,15.646642,3.9879012,3.5385263,11.435027,-6.818499,-3.701015,3.8745835,-1.6924194,-2.5066054,0.47633916,September
-356.57184,117.77468,-5.09244,41.284035,1.6987385,2.2104437,2.6552637,13.624336,1.5724392,3.0748568,14.285768,3.2234085,1.2657453,7.613782,-8.423818,-3.433582,3.7529907,-4.0264983,-4.020937,0.53751916,September
-346.8667,125.52485,-9.983501,40.395096,3.2179334,1.1312134,0.88582397,13.612411,3.0576706,3.3717136,15.879621,3.698674,2.716194,8.658846,-10.249134,-3.9942694,2.9023595,-0.7827928,-3.8161871,-0.12778974,September
-356.037,121.95152,-1.7186875,41.576443,5.770425,0.351956,-1.9985734,8.904948,4.041235,3.0019958,14.987206,1.4823716,1.222854,9.183285,-10.240022,-4.342167,4.812668,-4.263256,-5.5397935,-0.399573,September
-354.05533,123.56157,-3.4262424,35.49533,3.3501282,1.5863883,0.47417948,12.825842,5.348519,3.519069,15.659481,4.828008,-0.81004727,7.758235,-7.980608,-4.9716277,2.22143,-2.526857,-3.5905964,-1.3235242,September
-345.4202,123.40124,-6.462667,41.558495,2.9498777,-1.7820566,0.18213229,12.14239,3.0442126,5.552585,15.434668,4.7769485,2.2275183,10.902556,-7.690122,-4.7047153,3.0709796,-2.4456842,-4.9172125,-0.12852362,September
-360.62366,123.27057,-3.3306777,40.67493,5.2801824,1.1077638,3.033479,12.037179,1.2118707,5.1978054,13.246515,4.3546762,0.12805605,8.914078,-5.7080326,-5.434509,1.9876721,-1.7157383,-3.7723012,-0.3964913,September
-336.5937,126.15375,-4.7308087,41.804813,3.0170732,-4.117585,-1.1807266,14.618911,4.6071157,5.491032,17.66293,6.3595133,2.7201724,11.1715765,-6.7517633,-3.695935,4.4626966,-1.6972151,-3.1884692,0.7335675,September
-355.02255,124.32939,-6.6579633,40.204388,3.4445226,0.8962928,5.5746536,14.224046,1.2882596,6.7075,15.699034,4.2818613,3.6400852,8.757024,-7.1490307,-0.61245054,4.5183606,-3.0586648,-1.9398191,1.8040462,September
-356.18408,124.957054,-8.006487,37.076378,6.171293,2.79326,2.4470568,12.286385,1.7176718,7.3630247,11.922403,6.0209036,0.08946834,7.469674,-3.8936527,-3.1148987,0.40465084,-0.48621982,-4.170784,-0.22931218,September
-343.93716,123.5502,-9.253254,41.98294,-0.5913528,-0.34949845,1.7727779,14.669088,0.67549855,3.0941825,14.28577,0.26662838,4.134468,10.821157,-10.265049,-2.0770202,3.4674687,-5.6288247,-3.6899414,1.7367973,September
-338.547,126.23666,-10.288928,41.654324,0.35148284,-3.3426619,2.5367982,11.297878,-0.27723682,5.145601,15.916226,1.0975797,2.75812,10.327407,-10.420118,-3.5396812,3.904921,-5.8791823,-4.285929,0.6578827,September
-343.18167,119.92319,-9.683443,41.42527,0.20750904,0.44253325,2.0955677,10.874908,2.1842892,4.5442805,14.52982,2.7176294,-0.3434466,9.231689,-9.996192,-4.3793707,4.515602,-5.1581335,-2.7654314,1.5626366,September
-348.26962,122.115005,-5.525636,38.321556,-1.4647226,0.5953078,2.1708524,11.73126,1.1820885,6.4173703,13.6719265,0.3013266,1.8956438,5.943991,-9.093647,-2.8089383,0.81683755,-3.6029918,-4.34941,0.89390546,September
