mfcc_awal_mean_0,mfcc_awal_std_0,mfcc_awal_mean_1,mfcc_awal_std_1,mfcc_awal_mean_2,mfcc_awal_std_2,mfcc_awal_mean_3,mfcc_awal_std_3,mfcc_awal_mean_4,mfcc_awal_std_4,mfcc_awal_mean_5,mfcc_awal_std_5,mfcc_awal_mean_6,mfcc_awal_std_6,mfcc_awal_mean_7,mfcc_awal_std_7,mfcc_awal_mean_8,mfcc_awal_std_8,mfcc_awal_mean_9,mfcc_awal_std_9,mfcc_awal_mean_10,mfcc_awal_std_10,mfcc_awal_mean_11,mfcc_awal_std_11,mfcc_awal_mean_12,mfcc_awal_std_12,mfcc_awal_mean_13,mfcc_awal_std_13,mfcc_awal_mean_14,mfcc_awal_std_14,mfcc_awal_mean_15,mfcc_awal_std_15,mfcc_awal_mean_16,mfcc_awal_std_16,mfcc_awal_mean_17,mfcc_awal_std_17,mfcc_awal_mean_18,mfcc_awal_std_18,mfcc_awal_mean_19,mfcc_awal_std_19,mfcc_tengah_mean_0,mfcc_tengah_std_0,mfcc_tengah_mean_1,mfcc_tengah_std_1,mfcc_tengah_mean_2,mfcc_tengah_std_2,mfcc_tengah_mean_3,mfcc_tengah_std_3,mfcc_tengah_mean_4,mfcc_tengah_std_4,mfcc_tengah_mean_5,mfcc_tengah_std_5,mfcc_tengah_mean_6,mfcc_tengah_std_6,mfcc_tengah_mean_7,mfcc_tengah_std_7,mfcc_tengah_mean_8,mfcc_tengah_std_8,mfcc_tengah_mean_9,mfcc_tengah_std_9,mfcc_tengah_mean_10,mfcc_tengah_std_10,mfcc_tengah_mean_11,mfcc_tengah_std_11,mfcc_tengah_mean_12,mfcc_tengah_std_12,mfcc_tengah_mean_13,mfcc_tengah_std_13,mfcc_tengah_mean_14,mfcc_tengah_std_14,mfcc_tengah_mean_15,mfcc_tengah_std_15,mfcc_tengah_mean_16,mfcc_tengah_std_16,mfcc_tengah_mean_17,mfcc_tengah_std_17,mfcc_tengah_mean_18,mfcc_tengah_std_18,mfcc_tengah_mean_19,mfcc_tengah_std_19,mfcc_akhir_mean_0,mfcc_akhir_std_0,mfcc_akhir_mean_1,mfcc_akhir_std_1,mfcc_akhir_mean_2,mfcc_akhir_std_2,mfcc_akhir_mean_3,mfcc_akhir_std_3,mfcc_akhir_mean_4,mfcc_akhir_std_4,mfcc_akhir_mean_5,mfcc_akhir_std_5,mfcc_akhir_mean_6,mfcc_akhir_std_6,mfcc_akhir_mean_7,mfcc_akhir_std_7,mfcc_akhir_mean_8,mfcc_akhir_std_8,mfcc_akhir_mean_9,mfcc_akhir_std_9,mfcc_akhir_mean_10,mfcc_akhir_std_10,mfcc_akhir_mean_11,mfcc_akhir_std_11,mfcc_akhir_mean_12,mfcc_akhir_std_12,mfcc_akhir_mean_13,mfcc_akhir_std_13,mfcc_akhir_mean_14,mfcc_akhir_std_14,mfcc_akhir_mean_15,mfcc_akhir_std_15,mfcc_akhir_mean_16,mfcc_akhir_std_16,mfcc_akhir_mean_17,mfcc_akhir_std_17,mfcc_akhir_mean_18,mfcc_akhir_std_18,mfcc_akhir_mean_19,mfcc_akhir_std_19,zcr_mean,zcr_std,rms_mean,rms_std,label_bulan
-101.098595,56.740738,133.43558,12.469339,-7.5923553,13.707764,34.117653,9.890968,-15.401535,16.99569,9.313096,3.79379,3.9746704,8.935498,10.73169,7.70971,9.523436,7.988112,9.229001,10.211404,17.333015,12.655787,1.0456388,4.2949343,-7.145458,5.4861293,6.1667514,8.447277,-6.25888,1.9651011,4.270689,2.8664463,5.4273515,2.653606,-2.9491658,4.741359,-1.4306444,3.155704,1.7565749,2.9893878,-101.33177,27.885519,88.560265,33.85761,24.805899,11.609268,40.562843,14.07703,-0.06260469,6.369941,21.655651,6.8204074,-1.8932966,7.982548,8.293628,9.886938,5.781531,11.513505,-10.553469,6.8905473,9.145177,4.258075,0.76884127,3.8100145,-2.6907802,4.363537,14.29756,7.3512664,-11.259202,3.3426936,2.971004,3.9491458,4.3823857,4.732185,-4.4314046,3.0069969,-1.2565693,2.5956655,0.6854011,3.0678892,-61.43689,28.80637,82.32134,48.50548,13.208903,23.86558,40.456726,17.01073,-2.8682237,8.27729,18.312305,7.111,-9.223463,5.505069,7.1354284,14.254797,0.33371753,10.656667,-9.205653,4.1743994,16.362774,4.9807167,-2.1474376,3.9402785,-3.2195687,5.660313,18.764805,9.377741,-4.064908,3.89692,3.6482577,0.71757287,7.3169556,1.8571174,-3.2679381,5.1447062,-3.814001,3.044989,1.4239434,2.6383648,0.10545247395833333,0.07065217469625426,0.17589165,0.08062178,Agustus
-69.82512,43.349327,133.7352,7.9320717,-12.3816,24.76103,40.7374,11.457061,-18.336157,17.330297,14.470541,6.086108,3.8374083,5.9557376,5.4435906,7.161041,8.10304,9.313076,7.008539,19.518534,25.09153,9.513728,-6.4232864,7.9005795,-5.4416385,4.06609,10.4336605,5.1854587,-7.5610213,2.268637,1.1293275,3.8152251,5.790055,3.2975132,-6.077987,5.51514,1.1099564,4.8991914,1.4868728,4.0886545,-91.524895,48.65502,101.41236,39.6088,15.627357,23.118082,41.000576,8.554163,5.228239,9.564178,15.0981865,12.783198,1.0629405,7.489616,5.972243,15.364505,-0.75445294,12.815601,-8.714048,6.1385474,16.620834,8.408474,-1.5429271,5.2489166,-1.3291634,4.699078,16.354109,9.078859,-5.8385286,3.8475993,2.6282308,2.808974,7.403279,4.237807,-4.5172315,4.425648,-1.5862538,5.250778,-2.3292506,2.7973464,-99.13439,21.93648,51.52075,27.155708,33.108337,9.128092,26.539299,3.0619602,4.5876455,2.5223646,24.12864,8.965369,5.4305873,8.574994,19.567204,11.216785,10.621449,7.869669,-6.161652,2.1776435,18.511808,1.9873394,1.7372836,3.6612642,-2.516682,3.337257,6.7201023,6.7846017,-9.086994,2.3299277,3.8087626,2.7659454,8.870708,4.2630014,-7.309766,1.8366103,5.398882,3.7524028,-3.3126457,5.482668,0.09554036458333333,0.054300055955733506,0.17640679,0.07930763,Agustus
-81.832855,72.6252,130.8251,10.690924,-24.053164,19.38799,32.286194,10.648774,-21.961573,19.758097,10.787081,5.572149,1.2710607,7.0808682,14.615352,8.501202,6.625384,5.3957286,12.63591,7.633632,18.564182,10.746233,-6.7565026,8.713882,-7.2680726,3.3683646,5.7556405,5.719739,-6.2118397,4.55396,4.690955,3.6821868,1.9403375,3.8154323,-6.8030806,5.9182444,-1.0375757,2.696043,0.23492102,2.393959,-108.65297,30.743319,95.71086,29.644464,24.649574,12.30674,44.088226,8.340998,4.4471807,9.71319,16.363562,8.493907,-0.28083342,11.72191,8.46602,9.70897,1.9366643,9.525262,-12.309225,5.909789,13.7149935,6.0920453,-0.578297,4.6343555,-3.1120658,3.1120489,12.891996,9.273944,-8.096172,2.6703198,3.7552724,3.3708344,5.916936,3.2785513,-3.8006196,4.593834,0.12008091,3.990417,-0.9706294,2.3588974,-92.189705,29.956846,83.18774,51.093483,18.49805,21.035728,28.070887,11.326694,-2.411202,5.245764,14.245004,12.357135,-2.5200841,10.015012,8.572073,11.6059475,0.14244443,14.890436,-9.862504,3.8132913,20.121208,8.989632,-4.8684087,2.833028,-1.3429555,3.6519747,12.085623,7.8719983,-6.0107574,3.4191923,5.789223,2.7396803,8.574241,3.6461105,-5.8426976,3.0765877,1.5409878,7.9358425,-2.1993637,3.0275064,0.09601814516129033,0.0586424985682039,0.16049677,0.079417124,Agustus
-93.82752,64.12343,131.72498,15.254348,-9.763116,16.498064,34.6039,5.6691513,-6.6900516,15.944871,9.67838,5.0274196,-2.28983,12.713297,10.785484,7.2603755,6.0719,6.628872,7.4803567,8.7198305,15.084931,11.949058,-2.2516258,10.907436,-6.605797,8.723348,5.002237,5.179677,-8.503724,2.2759392,-0.8667235,3.777725,-2.05673,2.347235,-2.1975605,3.5707872,-0.57474506,1.8275318,-1.1489486,2.3178334,-83.89315,26.877117,93.402504,45.089264,19.858994,10.745102,39.143917,14.6602,4.5979023,5.4886413,19.558079,8.827489,-4.471823,7.014481,8.374531,11.499664,1.6107126,7.4147243,-11.145902,6.1758914,9.355363,5.1174526,-1.8126646,3.0968633,-4.968636,7.6941676,17.968912,8.828578,-7.8941364,2.4559815,2.1252553,5.519143,6.097448,3.4211147,1.2817962,2.837468,-1.8789202,3.8967295,2.7076597,5.2469907,-88.69503,27.678007,42.666782,29.914106,25.21623,9.193041,25.130081,6.399124,3.6161525,2.6249058,21.002253,6.1360736,-2.3811965,6.9795647,19.35983,8.989523,9.778803,5.0938153,-9.39926,4.1017823,16.093863,3.8618078,-1.5993482,4.168094,2.5827777,3.1258497,8.9326105,7.200498,-9.304467,2.778329,3.7700012,2.703908,7.184405,4.077689,-3.7073917,2.533385,4.040776,3.116306,1.0030893,2.7278347,0.1279839409722222,0.09960025107475824,0.17546095,0.09864307,Agustus
-144.53015,67.85336,116.378296,17.509333,-5.3766394,5.2594013,27.911709,5.6390066,-2.485397,19.360622,16.45187,5.2016635,0.9244165,13.482798,14.784916,4.571735,10.109577,3.367062,7.5589094,4.2054844,9.357172,12.693347,1.8374068,9.013058,-1.060084,3.8627667,1.6142439,3.4297757,-8.379084,5.770476,3.0402362,2.1565678,2.3586893,2.5210533,-2.2972455,7.5157676,2.5019488,2.8960197,2.3599327,3.9720442,-115.018715,33.77528,99.3846,40.629486,21.157133,12.251246,35.405037,11.471953,5.6436234,7.3931265,20.236671,6.7957172,0.76800877,9.424251,11.268682,9.706383,2.3490713,8.424516,-9.226286,7.8021555,11.981378,7.807875,-0.17669207,5.1811376,-1.0877607,4.749966,9.243964,5.7541018,-8.805015,3.194644,2.057301,3.6802459,5.5274224,4.6251154,-2.0101821,5.0011077,1.6244433,3.3453553,0.6755416,2.8051493,-103.63594,31.351284,64.80536,46.32796,22.96589,13.975263,29.120731,12.445365,3.7418792,4.876159,19.369123,8.183131,-1.8734406,7.650116,15.657748,13.439938,2.001043,10.069433,-1.8341054,4.629656,18.037039,3.888937,-4.137171,2.8803596,1.9888393,4.7104645,10.5234,10.908771,-5.911887,2.9492493,4.209224,2.2375054,6.1217966,2.8129225,-4.088177,3.4708922,4.3162937,4.376236,0.11919764,2.7113204,0.10007383765243902,0.07891851733534844,0.13694836,0.08683667,Agustus
-101.7392,68.805885,129.55681,14.72804,-7.779915,11.935259,31.754196,7.319525,-10.949359,18.4742,13.179725,5.296916,0.60031885,11.847061,13.806773,9.55869,8.693837,9.087803,10.145863,9.054615,14.502622,12.348503,-6.249784,8.680163,-1.0556986,2.386231,5.843826,5.76059,-9.855041,5.5209713,4.3080688,3.7726095,2.296983,4.6441584,-2.5333157,6.4135437,2.9475915,2.9649844,-1.1999886,3.0104206,-104.43174,30.788546,93.401245,40.149998,21.64399,13.208145,39.68257,13.639447,2.235108,4.992898,16.93862,4.2915897,-2.8134062,6.4620905,5.4118333,8.640572,-0.1441149,9.621371,-13.219265,5.877659,9.972486,5.1275973,-3.827873,3.0135784,-2.3937852,2.9954576,10.73938,6.5833025,-11.146175,3.09487,4.4176135,3.8993099,7.877871,3.7993944,-2.219752,5.0210423,3.3648224,4.699161,-0.68000627,2.2700765,-90.191505,20.109556,48.760067,37.729492,30.58465,8.071269,27.929718,6.9357347,-0.7704646,4.0765924,25.64897,5.5513725,-1.5093769,9.372018,18.195269,13.116691,8.769931,8.255335,-9.747756,3.0881867,16.578505,3.18592,-3.1367028,4.9753437,1.3544067,2.0370352,10.17001,8.526863,-7.2564178,4.420886,9.012567,3.1738598,6.839615,2.657773,-6.9336514,3.4809842,10.104785,3.2025447,-4.7423425,3.084234,0.12013075086805555,0.09547084628536089,0.16477291,0.09003611,Agustus
-126.732796,73.32728,124.657936,14.19709,-11.030506,11.994882,29.910076,2.8744724,-6.6897554,18.485455,11.39901,7.3260674,4.7953258,10.473778,15.915598,4.323398,11.763525,3.3747997,12.540744,3.8885567,12.855777,9.808895,-1.3945928,11.033156,-1.2360654,5.87477,1.0560596,4.153,-7.6280317,4.398839,0.99873406,5.9569144,4.162258,2.8275652,-0.026824128,6.804202,2.2552824,2.6127017,3.3726249,3.6341274,-105.8305,33.800964,101.52487,38.99241,19.610878,15.781129,41.220932,9.696581,0.12550315,6.6123476,17.387547,9.758059,-0.58035666,8.654837,7.9717374,8.714861,2.9830735,8.142425,-12.978574,10.204531,13.159385,9.048248,-4.04699,4.8631115,-5.0879827,4.5480924,10.940751,5.6359143,-12.568213,1.6737695,-3.3853974,3.007515,5.2419505,8.635393,-2.8771853,5.249768,1.5029832,5.0994115,0.11839139,2.290115,-93.68217,29.511751,76.38661,51.873302,21.898357,13.5456915,33.243027,9.995165,-2.3326452,4.910369,13.96085,10.305552,-6.479768,4.507047,8.538662,13.070241,1.7005732,10.026866,-13.792053,4.460707,15.097734,5.045717,-5.745975,4.8445983,0.92326075,3.3863163,14.000332,9.109148,-8.354273,3.4098487,1.6665949,2.3433414,10.016428,4.066308,-5.638056,2.054661,0.7199201,4.3201814,-3.16058,3.5130866,0.10680803571428571,0.09536802602254188,0.16520754,0.08944812,Agustus
-99.52299,75.50494,133.02007,16.484232,-5.834494,12.0885,29.635174,5.25987,-16.400799,18.604015,8.755756,5.276916,2.6059058,7.617086,9.5433235,8.023119,9.779129,9.531153,9.8220005,8.00438,17.759186,10.271302,-5.1371126,10.410009,-1.8103771,3.8565962,5.582931,4.7174077,-10.015856,5.654203,3.2148051,3.6453147,2.2139227,2.1300666,-3.190731,5.9894123,3.869199,2.3290522,1.5656353,2.4563117,-107.689186,28.091457,90.300964,40.050945,27.633703,9.941428,44.460518,11.623195,4.39935,2.5389478,21.15627,5.406777,4.1972485,3.8068826,7.959517,7.751868,5.398164,12.535103,-14.342461,8.083714,7.9033675,3.8480878,0.7806477,4.4200144,-5.059188,4.333276,10.1330385,8.710689,-13.450473,2.2958632,3.2252338,2.4199584,6.5963144,6.276976,-4.819105,3.4196594,3.2140357,4.093535,1.5923151,4.1957355,-70.45926,28.350489,71.74932,61.578045,19.631584,16.694038,37.53625,9.284785,-0.21609913,3.5296423,14.906662,9.874332,-7.2622957,7.111825,8.863309,15.01243,-1.8031245,13.416475,-10.322772,3.5627322,21.036278,5.2568517,-0.43040463,3.7393596,0.24014778,3.9172,14.688492,6.6925178,-7.4674134,4.607583,5.268979,1.8526926,7.815209,3.4431772,-5.406863,4.0929255,3.4005778,6.1273193,-3.428933,4.572574,0.11791204637096774,0.11043578229273014,0.18509336,0.08427316,Agustus
-136.78296,69.40006,122.93557,20.14737,-8.979484,8.648562,27.065222,4.2031174,-10.815985,22.57572,10.248046,6.50055,4.7929683,9.392629,15.712185,3.0774333,9.047672,4.54856,7.7611356,5.7635946,14.232181,15.318522,-2.537795,8.40715,-2.8199637,4.583497,2.7169166,6.61969,-8.833771,4.7608037,3.7733557,2.5907357,4.2866316,3.1381443,-0.4566112,4.62945,1.6778508,3.6802878,3.2754552,3.3526285,-119.15533,25.349037,100.22847,41.78082,24.347132,9.68967,41.79314,9.815516,4.6970196,6.6686625,20.71116,7.659576,0.50330836,7.6093044,10.6827,8.724191,5.5080633,10.564009,-10.19583,6.158224,11.2487955,7.6970644,0.5866758,3.0681386,-1.46463,5.4951315,11.257183,5.5657296,-6.581035,3.0351758,6.2633243,2.6219902,7.3508363,6.351008,-2.437398,2.5780218,1.6019032,4.0486817,0.72323376,1.4414494,-108.94344,22.749506,71.65239,51.41895,24.833529,11.876027,33.556015,10.78953,-1.1982371,4.435879,24.28317,10.267342,-4.0681634,8.355446,14.058679,13.7426815,8.728278,9.839083,-11.246085,4.8747983,14.864646,4.7733765,-0.62993276,4.535584,1.6370629,2.8079026,13.604127,7.1600356,-6.6885533,5.4786797,3.4430602,2.446494,6.540181,1.3887122,-6.8304853,3.328412,5.352393,4.7550683,-1.2448545,4.4513364,0.10147879464285714,0.08647179793798686,0.14080861,0.07844408,Agustus
-137.84505,66.86784,131.97673,17.704784,0.86523294,11.116091,33.829243,7.2126503,-3.2761202,18.90444,12.960795,10.050428,2.897151,8.883627,14.46197,5.7123904,8.909202,5.96553,7.7741857,8.400706,13.784019,13.583228,-0.73233396,6.1213126,-1.8233371,5.25749,6.1531444,6.1774807,-5.8928947,4.450485,4.3335896,2.9157488,2.209407,5.4005046,0.21470444,5.1667957,2.7127717,1.3140146,1.0225872,3.3330672,-120.22608,25.250484,103.13906,43.20209,22.392004,12.846194,38.85017,11.353919,3.1624086,4.2326717,19.874502,11.854926,-3.800689,8.241151,6.1509337,10.644789,0.88817245,8.986626,-11.868141,5.783516,12.07931,3.832084,-1.3901935,2.4791152,1.2494713,4.7654996,13.871575,7.7893143,-4.504263,3.9934287,6.455707,2.8999417,5.794727,2.9879026,-1.5459872,5.0322084,2.3578131,6.6679025,-0.92906195,3.895277,-136.8835,48.65356,64.553764,37.677887,20.618324,19.033892,29.694126,6.651521,2.1849976,7.1638384,25.05638,4.7085605,2.316604,8.664344,19.694601,5.913485,13.194956,5.5157337,-4.2835093,9.444245,10.502783,6.9259014,1.1759351,3.8396437,0.9525881,2.7726293,5.8354077,8.26744,-10.60797,2.460983,2.5642462,1.191834,5.7467837,4.1491356,-0.40240067,5.1119013,5.3658166,2.8367732,-0.6366428,4.28909,0.0892894847972973,0.07326507262841352,0.12921861,0.069068864,Agustus
-103.439964,65.78251,134.01987,13.007391,-8.500308,18.170696,36.196762,5.836719,-9.387693,15.403823,9.019285,9.385881,2.5028872,9.969039,16.93127,5.251392,8.980162,5.8939757,9.324408,11.106851,17.655993,9.855,-6.3983126,9.9325,-1.8817627,2.5021563,6.751467,6.413837,-10.726427,6.389822,2.518793,3.6279025,3.6152968,1.5911655,0.7840624,4.2857685,-0.76172864,1.9844463,-2.2631342,1.2171465,-109.12644,29.962688,93.86623,35.79135,21.868011,9.21587,44.201283,12.292825,0.6676548,6.818073,20.724194,4.299846,-0.40367144,5.3745203,6.6568933,7.784554,11.253629,10.780752,-11.951434,9.102973,10.843431,4.092661,5.544295,5.4604077,-7.030471,3.7180054,14.64316,4.776885,-6.3797684,2.1715877,3.1903832,4.249586,11.927763,2.8910968,0.96739644,1.8458841,-0.18504383,4.95362,5.1555166,5.4900103,-86.51972,19.177494,70.18812,51.347458,28.433203,9.790939,29.393389,11.682538,0.9315611,4.518969,21.327705,6.971806,-3.6788824,7.3047185,15.297784,14.5477495,6.9717712,8.837538,-11.827831,8.002926,15.0448885,4.9414744,-0.9669371,3.274708,0.926498,3.4007163,11.141183,11.695243,-6.008882,2.2063725,4.4042554,2.4141984,7.257246,2.0052738,-1.8692772,2.9027433,4.483245,6.8408494,-1.5485061,4.397854,0.08461441532258064,0.05950083761181283,0.17383693,0.07479377,Agustus
-97.15045,66.505844,135.0607,12.501748,-7.728582,16.52329,34.59107,7.062654,-14.1093445,18.878036,11.989401,5.565292,-0.72803056,7.0430565,13.016287,5.5711236,8.076284,8.512795,8.15589,12.568446,22.881062,12.624533,-5.101772,5.56964,-2.0516098,3.5941515,6.5471816,5.444973,-9.219065,2.7307146,3.115925,4.1939673,5.7408776,3.9166505,-4.5541387,5.696037,2.471656,3.4938455,3.6902938,3.228889,-105.11745,31.91862,92.71365,34.693535,26.726603,12.9847975,39.85914,11.191687,2.4272156,4.0546474,22.345795,7.3501487,-0.19125709,8.096275,9.098555,10.691763,5.7847276,11.616255,-10.08787,9.237349,15.018362,4.2063513,-0.48868418,3.5026586,-0.7761532,4.859175,16.994062,6.1557517,-7.569623,3.775919,0.9113318,2.6725144,9.31226,4.573471,-3.4610963,3.8517187,6.234393,2.0801797,-0.20097618,4.5248494,-77.88771,31.68546,83.3991,54.696575,16.81518,22.482517,33.748432,11.945711,-5.2367163,5.4280224,21.120214,9.814839,-4.5176134,6.987128,8.371887,13.814919,-1.4511917,12.311808,-10.678202,2.7162964,23.283253,5.2682214,-3.3041139,5.1026244,2.3228061,5.3611946,16.53173,8.9972725,-3.3477268,4.9711843,4.153478,1.256592,9.914404,1.5359966,-4.531587,2.3501515,3.916964,5.2309904,0.21057048,3.456391,0.08564453125,0.06226094622804563,0.18814397,0.0837574,Agustus
-118.18852,69.39498,132.65405,14.200531,3.0702362,14.079714,33.965725,7.3435464,-11.352622,21.53878,14.115729,5.3904285,0.3261631,12.103462,17.658424,6.7932353,7.095844,7.9725566,2.0525513,10.428262,10.795325,9.814175,-0.9475593,6.7814064,-2.5585365,3.929738,6.146906,6.4633603,-8.449852,3.4127166,3.540396,4.1531916,5.6621714,4.6455736,1.0033901,6.24113,3.0352075,2.8776593,0.21344957,4.433903,-104.04604,28.718851,99.1446,48.497272,19.903608,11.576639,42.04344,12.550216,0.512817,4.7405796,18.45882,5.132878,0.30566642,10.275941,7.173248,8.692816,3.6300874,10.69838,-9.400063,6.618127,14.234055,6.2646675,0.66495246,3.6742659,-5.0078077,3.8842237,13.081076,6.110694,-2.7408476,2.131515,5.1132946,1.329354,9.95821,4.0164347,-2.5598228,3.2627769,5.711405,4.044154,-0.23344006,2.7024977,-113.59885,41.191616,57.784794,32.42974,25.208437,13.690077,29.338676,4.6681547,1.609182,2.8495193,27.43974,5.785254,-2.4568925,9.575241,23.170591,12.464573,8.348248,4.960607,-4.189912,7.4284263,15.696231,7.327885,-0.13194352,4.9475956,6.4004116,2.937269,8.6057825,8.213995,-6.3519883,4.003585,6.884895,2.5222456,6.3756986,3.6563427,-1.6319667,3.2120693,9.50064,3.5608778,-1.3178827,5.2086854,0.08417672821969698,0.0524647390615733,0.15923466,0.073640324,Agustus
-130.27902,76.42817,123.28195,21.286009,-12.719367,14.100564,26.847864,3.8535218,-9.858989,20.312511,14.529781,8.941031,9.305276,12.954875,17.457579,6.1198473,12.08009,4.198525,11.036428,5.393843,8.480546,12.60688,0.1702547,6.600643,-2.2448819,5.8688693,3.0723197,6.233544,-5.1666884,4.2492676,4.572781,5.151255,5.8311205,2.3944063,0.7438379,4.2526574,3.7198713,3.1509645,2.0795243,3.6633024,-122.00294,30.691875,101.35973,43.941036,24.775024,13.406028,38.301315,10.618953,0.47713253,9.688315,19.600677,6.2711463,1.7776688,8.679727,13.947399,8.98433,4.4123464,10.770345,-6.2340426,8.3068075,13.132241,6.5099497,0.15039268,3.1410549,-0.3995677,2.572245,11.566303,6.007547,-7.016791,1.4688252,6.2907977,4.318864,6.493352,5.332406,-0.77463037,3.6602652,5.417181,4.726467,-1.642408,2.3057039,-100.50937,33.692654,88.55455,53.890305,20.663866,12.642903,32.461628,8.503016,-0.56287533,3.2906408,20.18775,8.376356,-7.092645,6.939024,6.7409167,13.929643,-0.8326662,10.404233,-12.38258,3.6979887,15.549734,4.4307027,0.8059375,6.4682236,5.989609,6.6311135,15.390427,7.409382,-6.0020156,4.242721,5.1267614,2.973589,4.3782544,2.7662182,-8.32033,4.2898736,5.734616,5.254365,-3.3418882,4.268165,0.07769590435606061,0.05098000886448561,0.16149883,0.08133514,Agustus
-105.85607,71.68287,132.39575,13.990893,-11.386166,12.167531,27.501293,5.443408,-18.080654,18.357487,15.67548,3.5494914,-3.9898264,11.065665,8.3801,5.6678286,11.598192,8.572297,10.453655,8.353408,14.737286,11.390307,-4.8022957,6.5674996,-6.0043178,4.8469152,4.496607,3.5940676,-5.9988194,3.4917972,-0.32022208,6.698259,1.7124695,3.6592617,-1.6593375,3.4281964,2.533782,2.5829046,-0.10688954,4.1580257,-122.36548,25.487694,97.76407,41.650375,20.494574,10.885726,42.17248,11.375557,2.011521,3.8829386,18.754082,6.2921457,-1.5026405,5.4409328,4.2207,9.743559,1.410891,12.160648,-13.734711,5.733177,13.140098,5.7182016,2.0428033,2.1763945,-5.8802586,4.672927,12.879668,5.0875177,-5.3920026,3.666293,0.91570383,2.527429,10.043331,6.097644,-1.5347053,3.205666,-1.4907074,5.0682607,1.2647675,3.04206,-117.395164,32.492985,70.22134,47.559155,19.052053,12.372872,32.690453,7.162172,-7.385676,4.0603337,23.394394,9.303895,-2.388097,7.5679955,5.260601,15.602086,10.207829,13.291104,-9.883086,4.2338862,15.632454,6.1623144,3.626701,4.4937024,-1.1288495,4.7808404,12.926181,6.7344174,-5.3623147,4.889168,2.5669258,4.2739286,9.891788,3.8132172,-6.3707027,3.896252,4.9783688,6.2799816,1.1910995,4.6250405,0.10769473805147059,0.08411237540294983,0.1507327,0.08818054,Agustus
-128.77396,79.868164,131.78615,20.01948,-8.599633,9.155338,27.759916,4.303301,-12.88133,20.283766,14.643474,5.261255,5.9887576,8.578158,18.196375,5.2694507,9.249194,5.750399,12.584782,6.5684547,13.798764,10.709226,-1.8397614,10.058471,-1.7202874,4.5346737,2.6177263,3.9726624,-3.0410728,4.2437205,4.196079,3.3109212,3.6327746,3.342454,0.054478247,6.0629473,5.1149607,3.6695433,0.9488507,3.466449,-132.47417,36.633774,97.48761,39.98844,20.99761,12.93359,43.98703,11.824477,1.4842882,6.3792295,21.580322,6.7898164,6.6304784,8.091712,8.766365,7.068127,0.95530534,10.072513,-8.543355,9.268233,9.254953,5.9107738,1.552084,3.6674201,-4.135545,4.3671656,7.814444,6.510019,-5.722048,4.0428,2.9082081,4.284617,8.36831,6.5080166,-1.9446793,4.786177,3.8103797,4.681079,-1.0540197,3.3049924,-97.58172,26.139534,73.171265,57.47983,17.584726,18.26393,36.230103,10.657637,-6.274429,3.6755033,18.534864,9.479717,2.4728124,3.8706906,9.593155,14.33153,-3.390571,15.352916,-1.1595067,3.734885,17.796024,6.5848527,0.3055125,3.827006,-3.6072962,5.0126214,12.929312,6.1770144,-5.058593,7.8254137,9.3537035,5.6222997,1.8192933,4.3068705,-1.6970805,3.7626739,9.894662,9.399688,-4.2359934,2.1560807,0.09022923519736842,0.07508853220308061,0.15871185,0.08761374,Agustus
-105.3446,71.1139,134.60576,16.4589,-10.578258,15.4765215,30.720503,7.1121044,-12.231286,19.396181,8.566281,9.775433,3.8752682,10.1576185,15.10131,5.1449127,6.497238,6.832828,9.76859,6.889725,11.141518,11.524829,-3.4587967,8.379607,-3.1846895,5.2556024,3.65886,5.5921845,-6.2278695,2.9770703,0.3051419,3.6991398,2.7133067,3.34256,-0.54489785,7.1052113,-0.8186984,5.28247,0.81937695,1.8210118,-114.23734,35.412094,98.694336,35.1416,18.416777,14.2942915,44.74371,13.563175,4.0147977,5.4642906,20.78377,3.269954,1.0044283,10.038944,7.474623,9.813594,3.7935972,12.313356,-10.623689,6.7417307,10.465623,4.015557,2.8656318,7.1593485,-4.9516745,4.985733,13.363148,6.9863496,-3.6837108,5.173714,1.7011398,2.335777,10.798837,4.715299,-2.6691322,3.6258526,-1.6278483,3.9217637,1.9706677,2.4032884,-96.19305,35.072773,63.59125,42.270824,23.266174,11.433965,33.109104,9.55563,0.22356881,4.2221413,25.524393,6.947912,-1.758682,9.809136,13.545469,15.17313,12.016135,7.1886396,-9.773121,4.3950686,17.005959,5.195804,0.6829228,5.077078,1.3798087,2.8778431,11.722884,10.131904,-3.4944584,4.878087,1.5833757,2.5257273,10.384373,3.4288418,-3.779507,1.8335001,2.0528605,4.0993667,-0.41046113,3.3989737,0.09334089949324324,0.07100998382974273,0.16837248,0.09672482,Agustus
-117.462944,72.08819,128.40475,14.226709,-6.3287272,13.603042,34.387283,6.613438,-7.5930147,18.424036,16.55432,5.1968536,4.4486337,12.148906,17.17815,7.071817,10.659923,7.542974,14.033752,10.901181,17.357029,13.453029,-0.43027797,7.834783,-0.9265747,3.640851,5.51458,6.2146683,-2.730401,2.3483655,5.7098055,2.5442522,1.7688154,3.007454,-1.8617153,4.9520645,2.7470398,3.7298946,0.055209048,4.231866,-114.15825,30.605198,102.20051,40.719418,19.134398,10.669395,43.359394,10.766228,2.719943,3.8935823,20.243866,7.5096536,3.4137578,7.0131464,11.150249,10.263154,4.6310225,12.097019,-10.613891,9.0052,13.24394,5.8234396,0.21447992,3.848964,-1.4123772,4.4088545,12.989844,8.291613,-5.0544934,4.4846263,2.2001886,2.093964,10.856445,4.1592445,-2.2376523,4.2629886,3.383672,4.9187274,0.51470864,5.172679,-115.69264,41.59344,68.4835,39.140797,23.639135,14.078278,36.99454,7.0268197,-0.6821669,3.1145108,26.644617,9.054484,0.20851967,9.135578,20.912104,14.137016,11.178909,8.669093,-6.1392374,5.1286154,16.289537,5.230583,-0.7379406,4.56986,2.5700767,3.2225947,10.323506,8.322568,-5.9836345,5.2964196,3.4072535,3.752012,9.64412,3.0409374,-3.2969291,6.0844707,5.9261937,3.2975478,-1.6227324,3.0325446,0.087890625,0.06047605248647537,0.15676753,0.0758006,Agustus
-74.7308,47.201996,128.45067,22.009981,-0.87123424,28.016777,33.320835,13.4352255,-12.639895,14.052483,11.307862,2.982917,-2.5556154,4.239679,2.0421715,13.054159,10.189053,9.149859,-7.3557224,12.929018,22.266611,15.309766,-8.7253275,4.359072,-11.162724,5.4568663,10.589642,6.3173904,-8.1745615,2.2891874,-4.56291,6.478597,4.780863,6.3435745,-5.0848937,7.282093,-1.2445711,3.627888,3.0953948,2.2987764,-102.50473,42.23082,92.65258,34.179012,14.760941,19.042023,40.344837,13.694744,-1.6037077,5.323535,14.494587,9.137765,-0.83932465,10.346568,-1.3147684,14.720252,5.166904,9.697598,-10.1389885,7.00182,11.803979,6.057858,-0.0018473068,5.4330053,-6.9026275,5.8362966,13.227769,12.920312,-4.576587,6.1710877,-1.2180663,3.4790175,9.254853,2.8963208,-4.5435452,4.1919966,0.20834549,7.612697,0.81702274,4.9135876,-153.98543,36.931614,78.68403,29.371704,11.227336,18.927364,24.972897,4.112178,3.3848958,6.7510843,25.121147,5.982816,10.323071,4.3763595,20.444998,2.5704398,12.734583,5.687643,-2.5672555,8.742135,8.045101,5.9127693,2.8835437,3.478221,-1.9335259,2.5695803,1.6269567,5.3670154,-6.798966,5.639065,8.317559,4.162529,6.1665316,3.149724,1.0576972,3.9364848,9.049959,6.5120707,1.3409394,2.7074304,0.08901235219594594,0.048024674702077615,0.15423532,0.09723114,Agustus
-99.523735,69.9399,129.63873,18.81337,-14.929933,12.422445,26.866676,7.470461,-15.929092,17.30181,17.755095,5.209972,-2.8932693,7.213086,13.920853,6.7883487,10.554257,7.1888123,13.217859,7.6212897,18.42518,10.084619,-1.7405872,10.510827,-2.7354646,4.233098,2.5474305,5.4791274,-7.6054897,4.5715475,2.755367,4.6024365,4.4948754,4.337929,-2.8339548,7.099308,5.198762,3.8311799,1.3028419,5.194787,-109.21382,31.651691,89.940865,39.850193,24.177069,11.182303,40.445553,12.530517,4.8889384,7.549973,20.210169,4.8659716,3.5814393,7.668105,3.9198778,10.389767,2.4795098,11.267883,-15.036048,8.140341,12.5484495,5.2197733,-0.008768168,4.500941,-4.0529933,3.826967,13.1884,7.43895,-7.398987,1.85706,3.1244066,2.9522028,9.896925,5.5876036,-4.190712,3.242993,-0.85710776,4.3018928,-1.1864614,3.055963,-95.09165,28.220728,65.36649,50.177704,24.07009,16.542528,28.93193,10.563608,-1.0380697,7.2763124,25.423193,8.042125,-1.1970466,8.703099,8.2085,20.915575,6.688698,10.417865,-9.15738,3.8052194,16.80654,5.5790057,-0.16311944,2.8743744,0.3656322,4.04991,15.777417,9.188428,-4.2903743,3.4619176,3.8649833,3.26244,8.21496,2.4653406,-2.8087559,5.445556,5.8454494,7.1312056,0.5485929,4.087292,0.10345818014705882,0.06500516516089905,0.16151264,0.082155205,Agustus
-126.22645,63.73605,115.926506,8.782515,-6.5636973,8.821212,33.149483,4.5773177,-4.370995,20.943672,16.804247,5.5333257,8.436578,11.847049,19.640463,4.7825184,13.706929,4.6898,12.833862,5.416365,11.589204,11.569967,-0.4154466,9.28124,-1.8142544,3.3576338,3.8743534,6.6279206,-7.358238,3.6068454,3.1250982,4.3566213,4.6355805,2.855449,-0.03888631,6.0633364,6.5937963,2.984788,3.221569,6.0052395,-92.739555,33.117542,101.02546,36.599197,22.99211,13.436285,41.52931,11.255538,3.8782613,8.241908,20.181114,6.755726,3.3468697,6.9783645,10.779874,10.181803,8.435848,8.929326,-10.926041,10.534075,14.941692,7.9708524,0.077169575,4.614532,-4.880916,6.5978165,12.78989,7.4121976,-5.376839,2.4199066,4.0426908,4.325948,6.6724167,7.388559,-2.285917,4.1046767,1.7340928,6.706814,2.48473,2.7151823,-89.35445,25.070711,81.227554,46.077217,23.588003,18.24887,32.254696,10.784321,7.0051928,4.845526,21.352018,9.426316,0.6189148,6.5715995,11.385878,13.7724085,5.235279,13.618041,-6.7084756,3.151827,17.629242,2.6852717,-3.0934904,3.4328656,1.0644712,2.2837224,12.795303,10.252367,-2.7555485,7.127138,4.467788,2.3388274,7.2191057,2.3637214,-3.090096,3.103752,7.4359083,6.967618,0.47230476,2.7693362,0.06129214638157895,0.03454935797659617,0.17624867,0.07162793,Agustus
-50.586746,60.69609,135.24638,4.530274,-22.405584,24.183506,36.691326,10.271214,-16.51765,17.993578,10.5329075,4.3053765,1.6086776,6.309377,11.695577,5.042009,7.825612,8.544409,9.362464,12.680399,19.171871,9.963765,-9.570001,8.316603,-3.7225578,2.887445,8.012691,4.426011,-7.0780783,4.8252983,-2.3314335,5.1087403,3.415219,6.306124,-2.6840718,3.7117236,-0.70286113,2.1848645,0.43589535,3.7876534,-85.14037,26.323948,90.30409,30.357502,17.36615,11.766892,47.72511,16.697922,-0.40184784,9.040675,22.188227,5.585175,0.65119916,8.453741,3.2251256,7.633424,3.8785262,12.113217,-14.181333,9.030253,15.908445,9.067454,0.14676324,4.2455916,-5.171109,4.798702,13.439572,7.1174307,-8.525869,3.5981326,2.2389343,1.8101186,7.452867,5.2214327,-3.6838543,2.8758132,2.366155,4.246899,0.12407275,3.1647346,-76.52876,18.004707,62.542187,42.96453,24.870718,12.827905,32.899784,10.561894,-3.343574,5.937535,23.312208,7.35066,2.8595302,9.493996,7.188488,16.08704,5.57179,14.76502,-7.8057737,2.824127,16.4289,6.71355,0.60295993,1.9483696,-4.4583335,1.9358141,12.504352,7.9683776,-6.8589387,5.589397,4.947314,2.6494725,7.030205,4.3080916,-4.0924196,2.3838878,10.359202,6.99408,-0.54333854,2.4558344,0.10662434895833334,0.06967033543577358,0.19813079,0.0914009,Agustus
-100.538315,73.98979,133.32358,20.47983,-12.78948,13.286386,29.01984,5.2142315,-15.554575,18.261126,12.717507,7.117582,6.2625027,11.359999,12.404605,7.8839765,9.325216,6.102913,10.57733,5.8510036,15.295591,10.488296,-2.3907905,6.8909874,-4.6315427,3.2080152,3.367096,5.558855,-6.1526895,3.5441117,4.4388924,2.751105,4.2167134,1.5514224,-3.333693,6.292114,1.0925156,3.9404118,-0.04352627,3.8713264,-100.86816,36.046455,88.85872,41.51985,26.01773,11.5636215,40.254368,8.63116,-2.7912357,3.782826,22.261082,7.755547,1.0085175,6.264036,12.571106,8.488962,3.8630638,11.671617,-6.301819,7.4376483,14.240679,4.7912803,0.07679973,2.5829377,0.87025005,3.2198637,12.780264,6.027781,-9.205103,4.1549444,9.780955,3.101053,5.742876,3.6403608,-1.7436117,5.2613297,4.110017,5.6879025,-5.536451,3.9672327,-67.08754,19.531366,86.37468,56.40266,21.237768,19.646267,33.039314,4.311404,-4.5175314,4.6087623,21.28797,6.2681427,-7.602713,9.601668,4.2074537,13.568912,-5.983871,10.382323,-9.752949,3.8975194,20.042143,5.8487363,-3.9195964,3.3033485,5.1271987,2.3186936,18.598017,7.347886,-5.3856926,3.579837,7.3656754,2.490785,1.6525438,2.44783,-6.659749,3.3746126,6.053957,3.87714,-5.6472673,3.0871515,0.09874674479166666,0.07052553845800684,0.18092404,0.077858955,Agustus
-60.28088,48.657845,136.20465,5.593571,-19.060408,28.127886,37.78319,13.57001,-17.737587,13.298967,12.929605,5.115411,2.279507,9.028163,13.086076,8.584765,8.053046,6.344771,3.3788607,15.718199,14.152164,13.117135,-6.264282,6.6878195,-7.4957595,3.5893202,12.490234,4.8308825,-5.907619,3.636672,1.1000446,3.5645866,8.378129,5.4329925,-3.2396064,4.1006365,-1.6964583,2.1251514,4.7023015,3.5186462,-94.35496,31.35448,96.69165,41.504967,22.074606,11.70126,41.132835,13.622226,5.586647,6.2798567,20.271746,8.225578,2.619095,9.031687,6.200543,11.899467,6.8324175,11.333032,-8.319495,5.803755,10.791391,4.7309046,8.177576,6.6959095,-6.9690704,6.543315,18.694675,7.447623,-6.902893,3.310333,3.6737785,2.4998126,8.123855,2.6698945,0.39696658,5.2133594,-0.9764427,3.1322212,5.8639803,4.798741,-99.5705,22.715096,51.883694,22.415018,27.259712,6.3313727,27.016539,6.2108665,3.4111776,4.448152,24.554749,6.4700365,6.4486995,3.2064075,10.779878,8.275524,15.775024,8.003965,-8.513773,2.1598356,15.9932375,2.3029351,5.2717595,2.9835835,-0.4796622,4.562921,10.87097,5.6459975,-9.276883,3.3858707,1.9924065,3.1255863,9.3035755,4.8368793,-3.289935,3.094935,3.8390641,1.5873121,3.5378509,3.482272,0.08971058238636363,0.05600183281944866,0.18401846,0.08038981,Agustus
-162.81459,82.35793,115.62717,15.160687,-11.61008,11.988997,26.639301,4.521321,-5.042675,20.98164,18.010286,3.0691214,8.0765295,8.166204,21.556175,3.0520926,11.900302,4.1335716,9.639655,5.849906,4.913554,5.903158,0.111987546,10.589969,-1.6444621,3.2664237,1.6497487,4.264066,-5.8882093,3.4194734,5.5473056,3.4475005,1.2099944,3.5514925,-1.6933259,3.638985,3.87068,3.0113652,-0.74084073,6.4515467,-87.585594,42.824337,112.78564,37.616512,12.384308,27.425726,41.945766,12.857725,-5.507435,15.864683,17.313148,7.0624447,-1.1289132,7.781822,5.997481,9.477915,2.3335273,9.169534,-5.1065807,16.350874,19.111311,11.55449,-6.0354214,6.368237,-4.473966,5.087798,13.105216,5.501642,-10.128598,3.724654,4.338795,2.8341982,6.2467556,7.034843,-3.5248015,4.952198,7.340385,4.340514,-4.7124047,3.3994634,-117.17639,36.199615,73.62946,50.01688,9.907809,15.641658,41.00334,9.289131,-8.132497,4.162521,17.151371,8.589762,3.9560215,10.172341,4.1528177,13.894943,2.1644905,14.355947,-4.212555,4.6167855,11.036334,6.2904844,2.661269,5.9865165,-3.5503585,5.4003973,15.609479,8.151646,-2.484873,3.8610091,3.5591364,4.782772,4.30763,4.519689,-1.1197869,2.97393,3.3900833,4.914424,-0.43252015,3.2077222,0.09649299172794118,0.0697840374396055,0.13786311,0.08812939,Agustus
-94.094025,69.71831,134.98683,8.785568,-16.008715,20.968739,32.62822,10.773773,-19.055046,19.495289,10.257014,3.9168742,1.4059631,9.815926,8.51366,6.0782657,8.264282,6.4059253,11.628922,11.017761,16.806572,12.312885,-6.565092,7.815916,-3.8126981,3.7066674,9.150809,5.691487,-8.974999,2.6816764,4.15257,2.3374557,3.59831,4.1281433,-7.2203217,5.249089,3.6372144,4.361401,-1.4922404,4.5849886,-112.323364,32.44695,93.348465,34.91227,18.655159,13.881178,46.470127,9.672117,3.3163664,5.074181,19.304432,6.9809337,1.8683834,4.309422,2.6851022,11.618628,4.75489,12.3174095,-11.863376,8.001444,15.887744,5.2057776,-2.1883028,5.9202857,-7.129094,3.4699652,13.515711,7.309679,-6.560327,3.262535,3.7102435,4.1161513,12.406089,4.2731004,-1.6062258,4.083239,5.330815,2.9230206,-0.28352115,1.4410119,-88.09344,23.256676,54.746933,45.054413,21.098906,15.61939,33.235977,8.742768,-3.4833953,3.779254,19.226067,9.856027,0.74390066,7.5458713,10.719902,13.370985,11.571403,10.461197,-8.917808,2.620471,19.411518,4.912215,0.80216753,5.8422785,2.0414217,4.031374,17.062668,6.9629283,-7.0718646,3.6238887,0.45886382,2.303477,10.762597,1.8468181,-10.460748,1.5559224,6.061279,5.05123,-1.2771709,3.2301593,0.11311848958333333,0.08897238022937211,0.16402845,0.07562466,Agustus
-94.72869,71.563354,138.13116,13.440293,-10.275498,25.28082,34.1459,9.133706,-13.346182,15.074502,13.756669,5.1453223,-1.0302591,11.996189,10.7533045,11.465348,11.689553,10.097858,-1.5118294,12.268698,14.902828,10.850007,-5.123727,9.565342,-8.499319,6.9632115,10.633894,5.8458734,-5.1426916,3.806304,0.49562776,6.5628653,4.528579,4.0088234,-2.4632804,5.5927005,-0.053795513,3.3049643,-2.2865033,3.4640734,-109.98709,28.829397,105.693405,36.75932,14.608178,16.311264,43.623463,11.592633,0.24535994,6.9437532,14.741513,8.493873,2.4555244,8.479016,0.9580869,9.516156,6.422594,12.018436,-13.133512,6.0411863,14.267456,8.154281,1.8174962,3.465345,-6.1992435,8.0807495,19.16847,8.176921,-2.8096807,3.2852457,-0.6125964,3.9547956,8.1616335,5.911827,-3.322412,3.4276884,-0.7879835,4.822252,2.3930233,4.640658,-120.88067,30.039726,63.98026,22.70681,25.232988,11.161034,29.099518,5.5558796,4.116907,3.6544137,24.12632,7.0624332,3.6792238,5.1280475,12.876287,8.695658,15.369106,6.6268578,-9.660412,3.956575,15.678702,4.3005633,1.0911887,4.1179957,-1.681183,4.3538017,11.136306,6.1735945,-5.0860476,1.5708048,6.7730713,4.3085246,9.478297,5.1051035,-3.2009954,4.7174125,5.03459,4.3567686,1.641267,4.102413,0.08283025568181818,0.04238227692514942,0.1556856,0.080021456,Agustus
-86.32333,55.761517,137.83905,6.217451,-5.5923934,21.94477,40.637882,10.598194,-18.00198,19.012207,14.359821,5.5750566,4.856622,8.885072,6.3949585,7.766459,7.0160594,10.028298,2.5018559,15.175955,20.29412,13.317975,-1.8056203,4.671432,-8.653907,4.2550507,11.298852,5.1269727,-4.5914955,2.1702375,4.0629597,4.0463195,6.376351,3.3372514,-2.9150407,3.1383295,-1.1082153,2.2985065,2.7461333,3.5053277,-90.23056,41.77507,106.81184,34.953045,11.534511,21.681883,46.482555,11.78226,0.028944666,6.0402856,20.06231,9.612323,-1.2789298,7.9616413,1.8638008,12.608623,4.6734195,15.333608,-9.798829,6.3444195,21.652563,4.596895,2.3803382,5.8435674,-5.5305314,5.1988773,16.870935,7.2950673,-3.4844573,3.3676212,4.0454516,1.6700624,7.0001187,5.980225,-5.0962024,2.6156747,1.8582441,5.7278285,1.4720974,3.7088616,-123.18566,39.440086,61.29756,32.470085,26.129055,14.043695,30.137756,3.6150959,4.989546,6.045739,27.007137,3.4408224,8.748307,4.9582415,17.332687,7.8191266,17.09203,8.641913,-4.3605304,6.918392,17.806013,6.4663877,4.6857347,5.7378073,1.44026,4.4015956,9.4483595,5.86386,-4.9232883,3.198361,7.306109,3.7718296,8.459028,5.5362144,-5.0764976,5.1684065,3.5613253,4.4421988,0.042152084,4.285495,0.0841796875,0.052893176076638945,0.18076475,0.08180089,Agustus
-74.16678,57.11821,133.78397,11.269462,-11.391881,26.846853,41.273533,12.638358,-17.19998,14.779253,14.229572,7.664285,0.79985404,9.171104,10.704951,8.390827,8.413222,9.424683,7.539378,15.269648,17.919207,8.305818,-9.054397,8.171729,-7.0775456,2.7944303,10.399439,4.1392684,-8.16237,5.189558,1.2545078,3.8226697,6.5588193,5.649382,-5.014783,4.8135,-2.2988248,2.8717353,0.5263329,4.136869,-90.650955,26.539743,104.66765,37.897476,18.250841,17.179014,44.031006,10.5414715,-0.15811019,3.8279037,17.45126,4.8434086,1.2214514,9.9483185,-2.0167265,10.959295,2.0236452,12.832028,-7.4269257,4.7153077,15.346389,7.8563895,1.2634374,5.1186895,-9.516982,4.0890093,16.275484,9.596339,-3.461785,3.3002794,2.8197088,3.043441,9.720025,5.2246137,-5.403245,2.9082623,0.18186173,4.8782234,4.4965878,4.35204,-118.28211,30.522358,68.341385,23.1994,19.656837,11.714962,35.914143,3.4813972,1.3843534,4.54627,24.756767,5.8875766,6.8501863,5.094758,11.490674,8.504661,14.215837,7.533323,-6.0596766,4.878471,14.374832,4.626185,4.0371647,3.8926835,-3.0883248,2.664412,8.994494,3.9476035,-4.466103,2.4117737,4.5900903,4.4169545,9.589097,3.43023,-5.1842213,3.291512,8.924537,4.8465204,2.7838144,2.6645124,0.08888198390151515,0.05314454245856999,0.17649335,0.08584419,Agustus
-95.58633,54.12925,132.27452,9.825211,-7.2686906,18.47362,39.446976,9.411806,-13.529297,15.054851,14.9862175,6.457654,2.4662945,8.910741,6.1845946,8.717591,5.263471,8.576474,5.2136593,15.154442,12.32977,10.047989,-0.35513446,3.4758666,-8.927613,6.6332307,8.493267,5.724233,-6.9200897,5.385299,4.6864166,4.0799336,7.610422,2.6198878,-5.338527,7.1358385,-2.3745785,3.0773013,1.9070278,3.1254332,-77.90513,27.890345,95.07102,42.251476,19.076288,15.52813,40.590393,8.32734,-1.8324711,8.613229,23.197325,4.257454,-1.9749237,6.682898,2.4690864,7.980145,0.77683294,13.85813,-9.48771,4.946523,15.365615,4.423117,1.226077,3.8453653,-4.1535716,4.8142495,19.470203,6.071858,-2.9002383,4.215124,7.348981,1.987039,9.823468,7.0323143,-5.71558,3.2091787,2.6099215,5.555931,-0.41524303,3.0681798,-103.27195,34.462196,48.13722,25.3769,24.496382,8.64458,31.95838,2.4690974,-1.8173703,3.0405297,26.22572,4.815592,1.7654395,6.3420324,18.908669,9.064519,15.080621,7.6408324,-3.69394,4.70061,14.476531,4.846926,1.2682561,2.6284962,1.4722184,2.9685178,7.552078,6.0247397,-10.306819,4.341026,5.773003,1.9921645,6.5369887,5.229253,-5.3038945,4.9673343,6.8409896,3.0464354,-4.1796994,3.3772268,0.10758463541666667,0.07568170042332838,0.17015053,0.082435966,Agustus
-104.379906,75.38663,138.64847,11.490587,-9.572621,19.32175,37.172897,12.271862,-13.317572,21.339117,15.209778,4.9131427,2.421106,9.7129965,13.95904,4.91421,9.553322,7.8370085,10.954935,9.495419,14.657496,8.594626,-1.6632801,7.0349975,-3.2482533,3.3604374,6.8636503,5.363966,-7.7421036,3.4304295,0.9767928,2.4860594,3.0851743,3.3530324,-0.13582325,6.7514563,1.1804259,5.660788,2.8814967,3.8206644,-102.56954,22.370817,100.16757,33.63117,31.050928,13.194268,43.611115,11.7359915,3.7932174,12.338252,25.5439,3.7874079,3.982862,10.813173,3.1749434,9.116063,2.548777,9.259123,-13.567728,5.4668355,8.694264,7.209728,5.7854795,4.968091,-2.8717647,3.7769938,16.418993,7.0861244,-5.604593,4.5956736,3.5541625,3.3987179,10.152231,4.5717597,-3.9177723,2.7408812,3.905315,4.0041494,-0.7913238,2.226816,-81.89266,25.34966,77.81932,52.291,26.040537,21.012989,27.39626,8.78065,-0.5931463,10.811123,21.161617,3.5992787,-1.6120085,10.657761,7.1669097,15.459096,2.5123093,14.92838,-9.43627,2.2064922,16.342117,6.432592,0.50631654,3.5204625,1.5081902,3.7642498,11.780823,7.9230165,-2.8212426,2.643877,4.238263,2.5546858,4.747479,2.7561316,-6.285657,5.4466634,0.5748998,3.7384906,1.4364021,4.5844316,0.08040364583333333,0.05084167537092013,0.18509656,0.07389583,Agustus
-111.12726,64.815445,130.61894,17.135649,-8.564308,10.288543,30.546326,5.185247,-16.241415,19.058113,12.028021,7.2862406,2.1138208,10.342029,5.642513,11.365245,11.713392,8.703144,12.982364,8.638462,15.354648,13.808543,-2.467373,6.2349725,-7.627336,5.4093785,5.0762825,6.949584,-8.290799,4.4874053,2.5423946,2.4681153,4.0535483,2.6737595,-4.2978563,5.2381687,4.2679124,2.9399252,2.8376217,3.8314133,-102.54399,29.354418,96.77063,31.87359,24.765902,11.494002,41.497036,6.697643,-0.22309498,5.225763,22.691404,6.4627314,2.7245133,7.0751543,7.6751966,8.435476,1.8496199,9.944844,-8.104186,5.2208166,8.2361355,5.367994,-2.0405793,4.587046,-3.5531986,3.8057828,12.396669,6.779767,-8.700143,3.1127467,2.6046991,4.2356234,4.008042,4.0150213,-5.820952,3.5843241,3.517509,3.3281422,-4.1214724,2.3570042,-75.88849,24.381332,72.670204,52.900265,23.055481,17.667078,30.886114,6.9088645,-3.7637017,5.795508,17.074062,6.6108413,-5.3994474,8.466621,13.844255,16.881804,4.360156,12.854846,-10.779177,3.8916247,19.256834,5.6823897,-0.2223967,5.6653943,1.2205992,5.785202,14.614103,9.673255,-6.922242,3.8273754,1.565681,1.6183456,6.404294,5.9353304,-8.603571,5.6108646,3.0287232,4.2896843,-2.8012571,2.895927,0.09757486979166667,0.07626728918014905,0.157777,0.07435203,Agustus
-89.87596,75.45474,134.77388,11.049997,-22.364414,17.934086,32.40889,11.735935,-19.88791,14.403033,10.400906,2.5571437,2.7161257,8.907927,10.943059,6.4377923,8.1637125,3.5856607,12.773869,6.516538,17.073614,10.943653,-5.6574516,8.673379,-11.374319,5.6764636,8.803935,5.8367662,-2.0143123,4.5403056,-0.04207307,2.6952882,2.266394,1.7510643,-2.7666116,5.7009325,-0.83180606,3.2140193,1.4480629,1.4567525,-105.69075,27.991158,89.49049,50.792416,22.240906,10.614892,37.570587,11.501095,0.8585076,5.0322056,23.691156,5.1727543,-1.1293682,6.147082,9.588694,10.618968,3.6388388,8.828834,-10.18193,6.0014677,11.867666,5.025504,-2.6320834,1.6406476,-5.21422,5.590732,12.2680025,6.628919,-8.123012,3.1526814,4.3254123,2.1170468,8.609646,5.279144,-3.0131881,5.126594,-1.7825696,4.7028575,0.5700944,1.6220161,-77.5541,38.18942,107.646255,43.91512,5.6315484,24.966469,36.99473,9.897161,-4.9062366,6.3744035,12.114589,11.0613575,-14.826793,6.570907,0.82926685,11.368125,-3.173008,9.049848,-11.717792,3.3749635,18.455349,5.160871,-1.593014,5.8582063,-2.7168446,5.1993866,19.400362,8.630193,-7.2867618,4.2571883,-0.45997354,3.7837133,3.539932,2.5957863,-5.835024,4.200396,-3.8201845,4.4260855,-3.4526155,3.3741121,0.09771484375,0.0633161012730563,0.18154936,0.08195525,Agustus
-99.140015,77.07036,131.60497,17.299534,-9.641374,15.802573,24.787016,8.5722885,-16.095669,14.778999,11.956979,3.600539,-0.9516501,9.300072,10.996899,9.832733,7.1607637,8.948544,-0.32665297,9.441847,18.690825,18.794992,-10.534037,14.269943,-4.4274826,2.1925228,6.144179,5.3004875,-9.019586,4.2822027,-2.072126,3.5131588,3.558479,3.642244,-6.498963,5.5646954,2.6314185,4.1994963,-1.6622146,2.9933813,-124.622406,31.098724,94.11701,36.996754,23.495516,15.863065,39.445484,13.685283,-2.5675905,6.858383,21.154976,6.5955777,2.649539,5.1020937,7.283246,11.439993,2.2806137,11.628918,-13.193679,9.006513,13.545227,5.949824,-1.3410158,3.939159,-4.036179,6.1925683,14.509109,4.4405584,-7.505041,3.6984591,6.909175,1.3996457,7.113075,5.7013316,-1.20946,2.583923,3.2700453,8.784257,-0.9170201,1.8822374,-111.202934,38.045376,72.60902,47.454914,20.48366,17.314552,31.230928,7.5028915,-1.6768712,6.3635755,21.837305,9.526693,0.110049844,4.3695974,15.970166,15.536349,1.6809727,14.016647,-7.58457,4.554909,17.486055,7.5252137,-4.4547396,4.723461,1.0976746,4.994966,8.593423,7.9952416,-10.616666,6.1027985,6.37916,2.203653,2.5776622,3.1013362,-2.0403998,2.056723,5.0678015,7.5776377,-1.307379,3.8191218,0.10174005681818182,0.07323348849281983,0.15404214,0.09207608,Agustus
-120.81168,70.76544,127.43638,18.851242,-17.517841,9.071454,29.567612,6.9353995,-8.480345,18.483736,11.503939,8.39832,11.369905,9.497222,16.919476,8.017947,12.508245,4.129364,18.245123,6.921318,13.304062,8.403729,-0.3473851,6.414079,-2.4015667,3.909063,4.30297,5.577875,-2.6157975,1.5335305,0.77852744,3.070364,3.2153287,5.4900794,-0.18136325,4.1867385,0.5316485,3.4843357,4.7540464,1.178932,-112.67423,32.95295,96.352905,37.901985,22.485298,13.789725,45.73443,11.373083,5.409974,6.5747223,19.594397,7.9501033,-3.3972332,7.8691397,7.223094,10.032555,5.394133,9.141699,-14.123545,6.8562665,11.108096,5.1295,-1.2359166,3.9025126,-5.767062,3.9698377,13.558454,7.7949195,-10.144075,2.9926662,-0.076229736,2.901761,6.415812,7.3231826,-3.26541,2.503388,1.8494316,5.4187627,1.3471273,1.5597855,-85.624695,41.81783,84.339516,47.970177,14.523509,22.137636,37.992435,15.548321,-3.2318327,8.511987,18.319666,11.992534,-5.084254,9.240819,7.1858993,13.893342,0.87105876,12.008444,-9.497792,3.7669322,19.17264,6.7959948,-2.759638,5.3508267,0.71761966,5.792195,16.431559,7.9800453,-3.5641031,4.6979985,0.87150174,1.5749664,5.6610246,3.6223676,-5.8166986,4.7234535,3.1940973,5.523439,-3.8057563,4.072768,0.0924530029296875,0.0692951576096436,0.16675411,0.08294686,Agustus
-93.33335,74.70724,133.25018,14.121867,-14.281903,13.453639,29.43182,12.254646,-16.71443,20.567957,8.717855,6.636355,3.4454033,10.099253,13.250974,6.94582,9.992712,7.3511434,12.185594,7.4227924,17.87944,9.582583,-3.5522041,6.264904,-5.0241175,2.985913,6.4640274,6.1194763,-7.286214,3.6551697,2.5486486,5.0281243,4.431489,2.9206455,-1.7356994,6.1190786,3.1993928,2.9024556,1.903381,2.0721884,-97.51014,30.584263,89.91426,36.466248,25.315311,9.641123,41.80061,9.285389,2.9914467,4.950571,20.25167,7.2308364,-3.1184812,8.371739,10.089273,11.186513,2.9241614,9.610935,-10.066318,7.8908815,13.000354,4.0453353,0.14786014,5.8392625,-1.8463207,3.5252106,13.011106,9.016526,-9.9882345,3.8003764,3.290451,1.906575,6.990721,5.1557655,-6.2469893,4.6738076,3.1526551,3.2705138,-5.831666,2.4426136,-66.65908,31.055067,72.9035,51.502033,19.052116,18.612406,33.580257,14.6958885,-9.532206,8.141711,17.215418,7.53428,-4.332316,8.223924,10.2910795,14.57673,0.025545813,14.063103,-10.99808,4.3037786,22.405907,6.253674,-5.3788548,4.4278,-0.85326076,5.5133557,16.286016,8.397942,-8.496306,5.714064,4.2336283,2.5179522,3.8312669,5.114711,-7.294751,5.2390184,6.1010866,6.8109202,-4.1673136,1.495243,0.11272996471774194,0.08295403243432796,0.17970908,0.088114746,Agustus
-148.11917,78.96459,116.08867,14.34358,-10.984234,11.960134,30.626234,4.594132,-10.06143,25.807922,19.982788,4.438537,5.6202426,12.123552,14.445238,5.201252,12.309119,6.342523,11.340907,4.0093336,9.657356,7.988025,0.9544499,7.179413,-4.5964513,8.302589,1.9174227,5.315127,-4.846221,4.865642,4.711771,5.3123283,4.55398,1.7556658,0.366219,5.5828037,2.2578,3.5156407,0.820421,4.209507,-119.592964,38.82799,101.5938,39.580444,16.185802,14.451618,40.075745,13.992621,-3.2152922,9.949414,18.179403,3.3965533,-3.9363213,8.151466,3.4634273,9.5803585,4.417489,11.407156,-10.780031,8.314592,15.234305,6.9618745,1.3985062,3.1040068,-5.0165195,6.0640836,14.59577,6.443731,-6.359191,1.6829872,3.1834798,2.5022159,6.9604135,4.765724,-5.5638547,3.0002615,-1.9713731,4.3206954,2.185864,5.0351114,-98.36834,35.676514,62.96987,60.486633,23.26338,15.281473,29.559591,4.6747713,-4.225566,2.2051463,24.457315,6.471577,-3.8824594,6.9172306,16.411192,14.74674,10.198923,11.385101,-9.489478,4.2748933,15.623372,6.2864757,0.22606722,3.7197127,-0.23223434,3.3128664,15.779548,7.3874435,-6.9769444,2.298043,4.7413583,2.364398,7.2471766,3.7470832,-3.9942575,6.8142138,1.9694004,5.0692205,1.0517317,6.1805196,0.1159912109375,0.10231688343368348,0.13585186,0.08565203,Agustus
-96.055145,58.91389,133.17009,5.7534585,-8.746152,21.247616,42.02785,9.975592,-11.029854,15.39766,11.602598,5.2393546,-1.103497,6.85137,8.882079,5.964014,6.12251,9.045395,0.4502397,11.034208,16.924517,10.290552,-4.051932,6.639096,-8.921383,5.8009725,7.30526,5.8542128,-9.817881,1.6949573,-0.50797135,4.9461303,5.5282154,4.6262894,-4.4803195,5.5059257,-2.2480192,2.9749298,-1.0330157,4.417987,-107.7084,34.66771,99.273094,31.81389,13.823022,16.76777,46.008812,17.018394,1.6009694,5.8814015,18.32735,9.334443,-0.9793214,8.780501,8.017737,9.446326,6.58181,12.147272,-11.339502,6.028814,13.080304,6.3276854,-1.2008139,3.957383,-6.763212,3.480947,16.784508,8.562944,-6.105382,3.051559,2.348731,3.0830839,8.61744,7.8606825,-2.8926687,2.7683127,-1.100447,6.073224,0.46058235,5.05958,-80.417755,31.210106,63.905483,52.19058,19.636444,22.487629,31.359747,12.067551,-2.0953894,7.820189,17.670956,14.001501,-4.091197,7.706498,10.447134,13.965955,6.2863936,13.408999,-8.547914,1.3520162,19.231749,6.654123,-3.9834223,5.6484942,-2.2057478,2.4472091,13.899472,9.027726,-6.228639,3.7928994,2.7033968,1.5091218,7.0548525,3.2479064,-4.6101336,2.3102803,3.8363953,5.2908106,-0.00945217,4.870482,0.09903231534090909,0.07846765956818269,0.17691204,0.085780844,Agustus
-101.74702,69.27392,137.45264,10.578564,-6.0490594,20.95792,36.766537,9.795868,-9.399402,18.297693,15.961162,4.5829115,-2.3659427,12.652949,10.322059,7.250793,13.452716,10.101876,1.689175,6.6590586,21.064392,14.510142,-3.4212186,7.167936,-7.945869,4.459039,7.4294324,5.516035,-4.6704993,3.717716,-1.4357506,4.6518726,2.6971915,4.452865,-1.0903764,6.2784433,1.9596449,6.324611,-1.3058361,2.117046,-118.125465,34.96893,101.91117,44.427406,24.398527,18.265871,46.461544,8.38132,6.9099164,6.3532057,24.293129,6.7073,0.45841733,8.23692,8.272062,12.643836,4.3013744,13.38821,-8.706351,6.9910665,15.974227,7.475702,0.7052033,4.6429734,-3.3171532,5.5627203,15.231456,6.6282487,-5.368189,3.8372629,3.98143,4.2118254,8.679525,5.0600386,-1.8732,3.644246,3.838005,5.679872,0.7370875,4.0697336,-117.461586,28.050415,53.53235,29.163551,27.465168,9.801206,33.820354,4.5848827,-0.64145255,3.3989303,31.669415,5.966905,2.5087972,5.5729547,20.293123,9.712656,12.015949,9.252571,-5.830739,2.8631506,15.256681,3.9444866,1.2169247,2.6851807,1.6634248,3.2175508,9.915216,8.0086,-8.422179,4.778377,3.4263136,3.0942397,5.6355886,2.3073993,-5.699371,3.356432,9.034869,4.047426,-2.2251027,3.2441056,0.08826013513513513,0.06378496390879174,0.15940213,0.07722345,Agustus
-122.39683,80.918045,132.71825,9.685505,-4.84548,17.05063,42.53507,6.40096,-2.3376167,19.605251,15.080586,6.4718757,7.766563,10.096887,19.416672,5.9865937,15.53402,4.604554,15.768368,3.705589,13.260833,10.875036,-1.6074009,9.896523,-2.230184,4.28741,3.5912468,3.7102132,-4.1677246,3.8061736,2.1147811,4.7789903,1.477283,3.2755122,-1.579619,4.193211,2.2337801,4.520707,-1.3857647,4.2599983,-113.48945,33.238926,116.78269,32.503384,18.117865,14.504252,50.491257,10.227747,9.210517,8.309038,21.71425,7.4572663,5.776575,5.2680745,10.0626,8.129654,8.018214,8.915249,-6.891184,7.229707,15.262931,8.041422,1.7830921,4.668698,-5.8643017,4.844862,11.400554,7.482353,-5.4412384,2.1240213,2.9682763,4.0501304,6.0472736,5.0283756,-2.8971932,3.8934948,-0.12665556,4.683329,-0.7567508,2.8334773,-84.2223,19.65283,95.88581,46.69005,19.423464,24.583588,42.24616,7.130817,3.241912,6.3526177,21.894154,14.168241,-1.758599,7.5595617,7.0138316,13.067875,3.322619,12.704652,-8.439498,2.626561,21.14782,6.2357583,-2.3623242,3.361311,-4.2606587,4.2238226,15.106558,7.862377,-0.58948386,2.8513045,0.38467664,1.9241117,7.2163568,2.5781624,-6.7982984,2.9664664,-0.22748853,8.185464,-2.4756246,4.003607,0.054423564189189186,0.030867132275046835,0.20686044,0.06907367,Agustus
-95.87817,64.80603,139.81743,13.324256,-9.464718,13.450904,36.54239,5.1407185,-5.43294,16.789457,17.369627,3.5590978,3.3155868,12.028451,15.929071,5.911125,10.791229,6.543022,13.283639,7.3026032,11.57437,10.527601,-2.8668132,4.110949,-2.4584856,2.533335,5.4904065,5.4657316,-6.625027,3.1220238,4.7513766,4.7374988,2.3199642,4.2840724,-3.801454,4.8358607,-0.8454155,2.3213165,1.4329683,4.1705923,-104.70975,32.0618,105.09824,31.171413,17.85942,13.963062,44.691673,11.653292,2.8491938,5.1995325,23.835505,7.847428,2.2703207,6.4754496,7.891809,9.790181,7.239823,9.906569,-8.671003,6.982528,10.353388,5.6038804,-1.0249672,3.288588,-2.65929,3.5263236,12.440573,9.984152,-8.667668,2.9768913,2.767993,4.423012,4.6488442,5.8813257,-3.8760061,3.194518,0.9670627,4.4465284,-5.1590824,3.4777691,-86.60034,22.673944,75.99508,41.98727,25.192902,17.46533,38.52804,9.893129,-0.4969661,4.182014,23.00745,8.887959,-0.39790487,8.9583235,11.472612,11.108238,7.5580344,9.9970455,-7.4149237,2.2729342,16.301792,7.205163,-3.5663207,2.4385657,-2.083735,3.6126056,13.137284,9.1238165,-6.3980513,4.836538,2.111646,3.7346823,3.8183477,2.9988344,-6.57617,3.5986474,4.042902,5.230516,-2.482703,2.9445033,0.08346819196428572,0.053122274230417425,0.17234206,0.07903632,Agustus
-127.68055,72.45435,124.293205,15.520288,-9.115552,10.970882,33.41998,5.708525,-7.6487217,19.749449,12.776287,4.4590073,8.488439,8.12168,15.5167055,2.9809482,13.861548,2.3576746,15.672064,2.0123217,7.541217,8.501949,0.03763264,5.0906553,-4.6290874,4.9577093,-0.5749096,5.2950125,-5.4637003,4.4291296,2.6954424,3.1440964,0.38498393,7.030891,-2.2116914,5.5469947,2.2429383,3.476521,0.6836746,4.7974014,-94.293755,31.558935,108.05097,39.02394,21.308403,17.847734,45.83816,11.944255,-3.0332558,7.7930694,18.007267,8.007386,-1.8917264,6.278173,5.774108,6.6208925,5.337895,8.399932,-9.793631,9.913365,12.970046,7.2223587,-2.6959863,3.7408195,-5.529757,2.8474226,9.232825,6.1999044,-12.959083,1.9475622,3.347679,2.8152575,4.059223,4.8391557,-7.948375,3.9420292,1.6994442,5.7838626,-3.8314102,3.7805288,-77.08398,29.660978,97.74563,47.28219,15.558276,24.373554,43.267117,11.416487,-2.547579,4.807326,17.294146,10.802303,-7.486053,6.4768085,7.11002,13.291492,1.5933716,10.60726,-11.418931,3.9152467,19.606712,4.9504294,-3.8215783,4.0844855,-0.5789246,5.390875,18.427252,9.366516,-6.526703,5.039868,1.9020046,3.1985319,1.3705102,2.8950963,-8.705134,2.3341453,3.351062,6.8297157,-4.5566497,3.3033874,0.07618667140151515,0.048969150754764795,0.18641649,0.09075183,Agustus
-90.49471,77.52289,134.8836,14.1494665,-17.831387,17.72663,27.17887,6.19403,-16.331078,18.334631,12.643048,4.6744947,4.368368,10.723757,12.765972,8.647255,9.844439,6.285577,7.2020016,5.7181687,16.097725,13.196777,-8.265242,8.363516,-6.3519506,4.43358,5.619056,5.4657044,-9.798931,5.4210157,2.458889,4.4734416,3.8965352,3.5220857,-7.651101,6.971432,0.5741885,3.5553372,-1.7917277,3.0663629,-111.15531,21.391033,101.6172,32.65606,30.179138,10.8507,47.31987,8.792557,3.8201807,5.9661994,18.104385,5.321335,0.7433546,4.9906225,8.706455,9.156547,6.6812115,9.280101,-12.948282,8.19538,10.607044,5.031893,-1.3141251,3.1305559,-3.9691153,3.7239335,12.082562,7.407277,-10.99881,2.5374727,4.059328,2.1585734,6.0082345,4.4525456,-4.8490195,3.024772,1.0091895,3.9804664,-1.7518686,2.633981,-103.85263,22.56329,99.93214,42.03842,22.79851,14.046323,40.38244,6.848746,-5.9970217,5.4287567,17.789303,6.6481924,-4.678229,7.7430673,4.2977557,14.139983,6.7708735,8.005721,-9.485993,5.729445,14.037383,6.154655,-1.9574124,3.1363833,-1.3753383,3.5453806,14.130103,8.106515,-7.158444,2.2613084,3.050946,3.0892088,5.2506123,2.377084,-5.7230806,2.5470755,4.351975,5.6239843,-1.2434453,3.1651433,0.06726495150862069,0.029719986816553554,0.17530948,0.07528013,Agustus
-109.70564,69.18996,133.02354,15.517338,-18.174522,12.633552,28.377548,3.4835289,-14.1816225,15.995194,12.625417,4.571189,5.2658787,12.79882,13.947427,4.632832,7.899805,3.0153503,11.809019,5.75072,11.385812,9.590075,-4.9374647,6.5853877,-4.282965,3.94017,4.1650367,4.4527016,-8.486034,4.8812847,4.158677,3.5762167,2.5151095,2.9361923,-7.2184396,5.827438,-1.190964,1.4208615,1.2351009,2.772466,-113.93982,19.010864,97.55331,35.907635,26.513512,11.675309,48.26888,12.34439,2.1876607,4.0311584,18.796736,7.233398,3.9112825,8.145863,5.7547407,7.5344777,8.02982,11.689521,-14.017604,5.394145,8.051807,4.958065,1.5673403,4.2895927,-6.3524227,3.9502394,12.180134,7.1127987,-6.241148,1.5791926,3.7741017,4.0891476,8.927034,3.2335958,-5.9080887,4.6144013,1.4571958,3.2883716,1.2107766,2.5450346,-97.531136,37.32998,105.62109,42.260406,14.969891,18.21144,40.21094,13.737446,-0.9722856,5.407456,17.980846,7.9430413,-3.5436065,8.909896,-1.7040062,14.9633255,-2.4293206,13.853915,-11.313111,4.185118,13.006069,6.6994057,-0.5575807,6.2415,-0.43764392,3.1812913,17.447134,7.8712115,-3.0592017,4.099325,3.1993334,3.322281,9.492285,4.9198985,-5.083546,2.6691382,0.6008915,2.2121413,-3.156566,2.8810544,0.07691271551724138,0.05031162046147068,0.1679969,0.07451235,Agustus
-98.06294,77.68144,135.33446,12.70212,-12.384772,14.291372,28.243473,6.081451,-17.892786,21.441349,15.255087,4.252063,-0.061193466,10.211136,14.345335,6.788071,8.60007,7.010524,11.346899,8.069203,14.550317,11.845254,-7.139542,7.7319365,-6.7880383,5.911168,5.634106,3.7205343,-8.789934,3.3040733,6.745432,3.2559488,3.855723,4.30662,-7.3009386,6.5971065,2.1060314,5.3490915,-1.9192498,5.8365774,-102.92073,34.802803,103.92168,40.571827,19.563057,16.378323,37.924816,10.842309,1.398028,5.1054316,14.659224,11.113611,-1.2655048,7.4752965,1.1458174,14.041524,1.0383245,11.442286,-13.84348,6.794869,15.255458,8.045677,1.090145,3.4892874,-3.5566216,3.8388946,16.23957,7.1229296,-4.9015,6.667134,1.5746602,3.4291325,9.615267,3.0152543,-3.432798,4.251856,-2.9287627,4.7560573,0.7368213,3.10516,-136.4192,43.33197,58.704643,28.61589,27.075253,18.500652,29.043694,7.4604526,2.5832338,6.125044,26.3534,5.9453607,3.3437161,6.5966635,21.89402,7.755416,13.915918,6.2031684,-3.4500716,8.655436,13.789786,3.7692664,2.0246222,5.371664,1.1443499,3.1647089,6.285808,5.7553334,-8.758617,4.37888,4.649667,4.1098747,3.9781082,2.6098292,-2.5061097,4.7847056,4.6838617,4.032417,1.0434282,3.4635394,0.10536156631097561,0.07625332710263985,0.14123565,0.084703244,Agustus
-76.34879,74.51294,135.05142,8.805005,-14.671938,17.425222,40.66437,10.411512,-13.357524,15.256021,13.324161,5.261859,6.1959276,7.3667655,10.583601,5.5294747,10.311319,8.769501,11.9139385,10.117677,15.638553,12.727148,-3.978784,6.078617,-5.193839,5.3219295,5.8324995,6.110662,-5.6874022,4.911403,2.718701,2.7542012,3.9543037,2.6023567,-3.679353,4.400328,-1.0099126,3.9369462,2.8248134,4.1131344,-93.6705,30.12942,97.76377,30.462053,22.059399,11.203316,43.604282,14.173435,0.58033967,5.4560704,20.352549,5.1902003,3.589992,5.6743555,8.150716,9.194495,4.148799,9.319004,-9.450142,9.683335,13.906064,5.5873938,1.0533223,3.7624996,-3.9061375,4.7210803,11.399413,11.50292,-10.216209,3.7192745,4.640931,2.634379,5.5941477,5.286311,-3.237954,3.8600178,1.6223034,4.3974648,1.0368842,2.4615903,-68.92272,23.08506,80.36269,51.177734,15.719249,23.721043,37.577766,11.115876,-6.6884856,5.599892,17.969334,8.338527,-1.6272552,5.893236,6.853569,14.921573,2.0783105,12.681693,-6.0367975,2.9778917,21.686352,3.4955595,-1.9478595,4.9437675,0.3314601,3.4189572,17.766645,9.232895,-7.559757,7.624397,4.209903,1.7897282,5.1251984,2.0471156,-4.223723,2.5785437,3.6670108,8.163907,-1.0163448,3.0975235,0.09156901041666667,0.06120844324360452,0.20301645,0.09166716,Agustus
-87.2423,64.00633,140.81049,8.842134,-11.925126,21.069273,30.469881,8.941473,-22.516342,21.007315,14.8459635,4.9565854,-0.48373187,7.215285,11.863796,6.9184804,5.7508845,5.6879787,7.2387757,12.888714,20.07324,10.305046,-6.366585,8.102918,-6.0170803,4.5465016,11.374548,4.2804484,-3.9587157,1.3039792,6.1162367,2.007125,5.7940083,4.5979786,-6.0496917,6.551571,3.3753767,4.182923,-1.4948914,2.4488254,-106.61423,37.813255,100.81865,42.308754,16.419836,20.08173,42.14016,10.639263,2.4189615,3.8370667,14.066418,9.60679,0.7341675,6.4170938,3.8149347,12.476824,1.3822508,11.655554,-8.369959,4.944556,18.503532,8.936593,2.1503887,3.134655,1.8674495,4.42577,20.42155,6.15457,-2.7757492,3.9570887,4.1157084,2.6895163,8.777053,2.8392172,-2.9613738,2.425128,4.2759123,6.383577,1.2170743,2.9019358,-126.32597,13.325965,41.280495,16.178816,35.04656,5.203495,29.243105,3.831001,0.018693663,1.7134342,29.161497,6.335562,3.0583558,5.230091,22.977327,6.255735,17.158228,3.4733152,-4.0305495,3.2957723,20.460152,4.13131,2.4054546,2.93586,3.8949523,2.4493651,9.557789,4.172052,-5.998555,2.8898726,9.666381,3.4463973,10.594281,2.4368238,-3.3439982,2.833401,8.751159,2.8499334,1.1942445,3.5033333,0.06452710700757576,0.021994222506368014,0.16843443,0.058112875,Agustus
-103.94118,86.58828,131.57246,11.333106,-22.494656,16.976536,25.73491,4.6380024,-19.1018,20.252241,21.007004,9.210856,1.5661198,12.625874,19.689445,7.652473,15.006024,5.695151,14.556857,4.874122,22.024052,10.880384,-4.9717684,11.542852,-3.5517178,5.2832074,12.790416,5.3065968,-3.0585396,1.2495,6.2857184,4.3900537,6.581754,2.747299,-4.354732,7.4451876,6.643632,4.374493,0.25191596,4.0513415,-140.84804,25.44534,99.651566,35.95991,28.055582,13.611494,39.865288,7.984154,8.26708,6.560733,21.305882,6.274535,3.9421897,5.3996606,11.060837,9.754283,9.479441,12.609318,-7.218065,7.8556614,13.881871,4.566496,1.7107445,2.2891111,-2.553694,4.4293814,14.436778,7.534731,-3.1866472,3.2227304,8.152794,3.4079463,6.7988954,4.4526644,-2.4908514,3.9675248,2.241071,3.7573097,1.0614371,2.475727,-122.44933,18.870405,86.125305,55.229782,20.990608,13.821184,31.151215,8.7216425,-0.26972917,6.071236,20.261324,7.7414346,-2.9062407,8.703395,6.5349135,17.35093,2.7717395,12.168704,-7.39559,3.6610012,19.583893,5.105499,0.49651736,3.470171,1.6981031,2.3952527,17.699755,8.31189,-2.4692216,4.739702,6.552362,2.1934779,9.594694,2.5336192,-3.4628065,3.353458,4.3989186,5.5905933,3.0715258,4.832163,0.0671780493951613,0.042870511459899834,0.16502866,0.07175196,Agustus
-75.65937,72.24309,126.34367,8.292157,-24.97944,19.090044,33.03457,8.733073,-21.141392,17.583773,11.55839,5.6354456,4.269224,10.952604,11.128998,6.036512,6.036074,4.3977637,16.945898,10.201123,17.253246,11.024627,-9.905531,8.072577,-2.9424024,6.0045824,9.492015,4.339808,-4.754448,2.0429008,3.351715,4.3702345,3.3398354,3.9463763,-3.7560356,6.46679,3.4497592,3.2617216,-0.61449736,3.596745,-109.581406,30.040018,104.84752,31.742409,26.836994,12.164328,40.507977,6.720685,0.59775937,11.692876,21.094189,8.287413,2.3883207,8.827205,7.126268,9.6069145,1.2996292,11.177788,-9.601408,6.852015,11.140761,7.5038204,-1.3608812,4.2637324,-0.33892673,4.818804,13.18107,9.097229,-8.930413,2.767382,6.209281,3.3373504,6.139874,4.075067,-2.321928,6.0518074,1.5376079,2.9704683,-2.1090207,3.3144062,-89.84239,26.481743,82.324326,53.46563,19.705938,17.04298,33.173775,10.679528,-2.1209722,7.717025,15.992061,11.838862,-0.45547456,9.06477,9.921428,15.449752,-1.1005453,14.592793,-7.612265,2.2458174,19.915426,5.7027884,-2.318124,3.1717288,1.0637903,3.224971,15.013712,5.3443055,-4.4881964,4.5700126,4.4788203,2.7577572,8.543462,3.3825386,-4.9780145,5.5957613,4.081408,8.619337,-1.4468699,3.2469988,0.0873046875,0.0474709498933919,0.16902347,0.07062568,Agustus
-96.69478,78.66663,125.940506,17.749376,-13.133253,12.67572,32.927235,3.7027209,-17.875784,24.386286,14.471744,5.5033317,7.766946,13.196406,17.817673,7.9349184,12.291419,4.9634323,11.473644,3.0490942,14.713278,11.7262745,-4.3266845,9.23495,-3.2061207,3.9116397,7.242372,6.300314,-7.317838,3.8038268,5.548495,4.421792,3.4396482,4.953471,-6.0088615,7.183377,2.8698,1.6036588,1.6732914,3.3994782,-97.97838,24.991837,96.93149,35.08025,27.394892,8.310641,39.92008,8.308049,2.9530683,10.425541,23.699276,9.66929,3.7788346,7.0376277,6.146934,8.848259,4.807887,6.1383057,-13.366005,8.551148,11.223284,6.172642,-1.3083248,3.1274178,-2.86337,4.6895647,12.693434,7.7380643,-5.4221334,5.213679,4.2500863,3.973879,5.524203,5.0640955,-4.713489,4.866586,1.3516657,5.29097,-0.91384447,2.9862528,-80.71009,18.604605,83.18955,53.625793,19.567871,13.62177,35.74819,10.305613,1.6970954,5.5802455,22.129137,10.11094,-3.221028,6.674335,7.6408706,17.89968,-3.0195367,15.114557,-9.470591,2.7298455,21.27671,5.121538,-3.5441961,3.7822168,-1.4220608,3.5698338,14.9925785,8.142795,-3.2099526,4.749918,6.526915,2.1962783,7.924527,3.345383,-7.2284136,1.5953705,2.582218,5.432791,-2.8470728,3.1328833,0.10337386592741936,0.074322012398583,0.18023412,0.079255484,Agustus
-63.13787,63.778934,124.41597,9.886765,-20.5189,17.376657,30.404379,6.4629264,-29.032587,12.20142,35.41555,7.137736,-16.82606,9.169346,-4.943477,7.962896,6.2994986,10.858924,8.529981,5.3875055,13.661595,4.136529,4.8046966,2.4504976,0.8332362,4.9378967,-4.1131306,5.569217,0.13504493,2.5634487,-15.275385,5.090079,-0.7339589,3.1884558,-17.17248,4.377708,-6.6097517,4.412416,3.625853,3.3523428,-95.3759,64.85815,113.8317,18.148808,-4.728408,18.643208,69.44551,23.081137,4.590749,6.4949517,8.554807,5.8206935,-25.055698,12.434247,-1.8267635,9.303825,5.5234737,4.455629,-21.712961,16.88065,11.271925,4.816886,9.135274,4.876716,6.891249,5.287595,6.2577667,4.706448,3.8944461,4.2125063,-6.1829557,4.0495386,-10.102455,3.3192332,-11.210741,3.174533,-16.486399,4.959026,-5.880211,3.2024837,-186.0191,69.8763,112.24113,11.217575,12.080624,8.24569,38.208447,4.564459,-1.9492868,20.31597,34.937946,9.839272,-3.13577,15.209918,12.492911,9.456782,10.66055,5.8232675,-1.2128587,8.7284975,16.34688,14.953182,4.901526,2.7613955,2.95909,6.6107707,5.4272017,4.0198774,-3.230254,4.662952,-4.405009,2.437478,-4.8666205,3.5569348,-11.2902565,7.4050064,-14.587119,4.999691,-1.2486448,3.0701776,0.047637939453125,0.020637804124498636,0.2004003,0.10343164,April
-165.15683,106.23805,113.37191,22.20835,3.2554173,24.244837,33.86951,14.43683,4.46136,21.727385,28.145967,5.345881,9.33068,21.39366,19.069582,5.185268,17.64053,5.7894135,13.210558,3.570052,2.5896413,7.8446546,7.3330555,2.95619,0.6665623,6.6950846,5.969391,4.218811,3.2036867,2.8435397,-3.2034328,10.611357,0.21782288,3.1252358,-1.1469002,4.0157375,-0.9974355,3.5263543,-0.085812055,3.2023659,-92.71837,66.23979,127.93951,11.324712,-10.092668,16.547781,48.48196,24.640154,3.0447001,17.357372,11.234066,18.264782,-11.391656,17.609953,11.035142,5.9689336,4.1048465,7.134214,-0.30518606,18.633537,7.861203,5.0757585,16.933208,8.013922,4.2368746,4.2986255,5.9127216,4.286137,2.7816417,3.7028158,-9.89096,9.265092,-4.5848603,7.5949388,-5.2327595,4.594442,-4.190901,6.981632,-2.2743037,5.6590376,-122.94263,62.675083,126.147896,17.679691,2.4966404,14.137343,43.96244,17.717506,-4.249252,10.793963,22.996784,13.614702,-0.87841386,21.237442,10.279864,8.966569,10.031725,3.732259,0.8150442,13.029761,18.622583,8.371867,16.90117,6.1490345,4.2586255,5.059752,7.660899,2.2926593,-1.315399,4.785708,-5.114776,4.5142093,-2.62171,6.4375896,-7.9393525,3.243433,-7.125213,5.8334208,-1.8354942,5.614466,0.04017333984375,0.02003708604728902,0.19896066,0.09848566,April
-71.54487,73.757614,130.41035,9.430376,-21.979998,18.64494,25.152086,8.532278,-17.975176,12.541698,31.56471,7.4503307,-11.591409,10.576521,10.226514,9.42838,8.3778515,7.651598,18.632444,4.1296487,9.695822,4.847712,9.946746,4.4988737,-1.5210472,3.4669268,4.5596137,2.7418313,2.5682762,3.9480846,-14.589101,4.3080716,5.1530643,4.9722877,-7.545984,5.525909,-0.23767982,2.3483086,3.9077294,4.2628984,-90.21705,45.288727,124.453766,23.38961,-6.541537,13.562709,63.04643,26.986855,3.6702545,14.697431,13.558987,9.95201,-18.989578,5.930133,-2.0335746,4.805377,7.24312,7.0252194,-11.882022,14.799041,12.782023,9.444724,19.940176,6.4940324,6.705452,5.3491974,9.687558,3.677195,6.7280254,4.8053,-1.8990965,7.319632,-6.3294854,2.743826,-4.9639487,5.425765,-8.8564825,4.4379573,-8.021471,3.2084906,-214.17726,59.4904,112.68978,12.947465,13.172283,10.317141,36.18755,2.6276171,1.4369698,16.476868,25.787683,7.671798,11.263684,9.065462,14.679692,7.1488233,15.480491,6.6712914,13.612117,7.8021045,17.779531,10.25082,13.221928,4.661452,3.5304244,3.9527302,6.528733,2.5243433,-2.6544433,5.497327,0.792016,5.9780245,-0.20955308,2.113191,-1.7966577,6.0677752,-3.4614065,7.9037704,3.6681604,3.1997998,0.04481336805555555,0.021427923806084975,0.19198596,0.09267481,April
-66.549805,65.22193,134.66983,10.618837,-26.749031,22.102663,33.98927,4.8541613,-22.99132,9.355658,27.128448,8.768089,-8.741054,11.726298,6.3362184,9.519944,11.504409,4.2357297,19.833593,4.993109,12.702981,5.141601,9.26601,3.8275998,-2.8898995,2.778455,3.4960992,1.7400908,3.3371606,3.4146962,-11.473037,5.333977,4.3349547,3.026092,-9.977386,5.1575933,1.339058,4.6457624,2.0194378,3.0643883,-71.93462,69.19086,123.78833,20.164433,-22.045336,20.328398,67.987114,22.537184,-2.4563284,16.624325,-2.1405373,10.85054,-19.223217,12.174276,2.0138917,5.145931,7.73634,5.31014,-16.356504,13.760235,18.055819,6.3917885,22.402525,4.2803645,8.15908,4.7792053,9.503676,3.3142092,5.564079,3.0998702,-4.6382265,4.036672,-5.754619,3.2214985,-6.884433,4.4158506,-7.0431075,4.3020177,-6.9819183,4.3789034,-176.85797,74.11846,116.29282,18.093992,8.244302,15.776169,39.553307,3.898802,-6.267655,19.34641,27.973871,7.939582,5.231137,11.667063,15.90886,7.0045543,8.321814,3.6747317,3.3602362,9.56039,24.904861,12.146169,15.835229,3.571394,-0.4424831,6.5791655,5.118431,3.8134773,-4.335624,3.2069173,1.5603095,7.235126,1.6993154,3.0127823,-2.9856308,7.186451,-7.402523,7.5205684,0.44582555,3.041152,0.047377642463235295,0.022446723298063048,0.20768096,0.09056613,April
-120.54061,101.50775,125.65842,9.638677,-13.57033,27.213896,25.0178,8.13657,-19.31026,14.967919,19.188522,11.855169,-14.634466,12.084646,8.105509,6.5129166,5.527843,7.196547,15.190293,5.7216034,11.72571,7.295045,11.245683,4.586224,-5.60053,8.47429,5.6303415,1.9010634,0.6613917,4.4523034,-7.7832875,6.7595267,4.2232995,5.721529,-11.0241785,9.27681,-3.287823,3.8353593,2.1156366,4.9852586,-95.57913,65.63168,122.90117,25.384832,-18.505638,17.683634,62.21566,24.29447,-5.345434,16.635756,-4.640241,9.50037,-24.215763,8.722007,5.7773075,5.9512205,-4.0719953,5.423587,-14.790854,17.377388,23.330315,7.3399305,13.991287,2.9147758,1.5189134,5.1633005,9.541955,5.37371,-1.7166076,3.9574149,0.5889477,6.4545565,-5.4731336,2.5722208,-10.0149555,4.352852,-12.623942,5.0761642,-2.2562635,2.1737573,-247.12611,69.90956,113.16301,20.65725,22.345432,10.708939,35.680683,10.499291,-0.98995006,22.356539,22.319075,2.3766913,6.990662,13.796573,13.105857,6.7708054,7.400012,11.628025,1.8710744,13.024785,19.721031,14.351565,16.186169,7.1291466,-0.13991283,5.436142,4.526849,2.5216117,-6.385823,7.018678,-1.6458005,8.442303,1.3381903,2.784735,-1.764277,4.5005517,-4.7245226,5.7276,-0.9659233,4.438701,0.053560697115384616,0.024177073383862272,0.1477462,0.09748374,April
-124.54214,105.11172,132.645,12.750534,-2.4757497,29.296396,36.355682,15.878655,-7.3128552,21.955215,32.398212,7.542222,1.1868328,14.953581,11.422508,6.641073,6.996889,5.775888,11.768607,2.7796469,7.36912,9.152695,6.7529435,7.079374,-8.49199,5.444916,-2.9844189,2.2394872,1.5501571,2.2073276,-8.938552,11.263577,1.635089,3.262364,-6.299046,5.244252,2.367447,2.146916,-0.33461842,3.2926116,-100.294304,65.62625,130.5212,16.703188,-3.9440975,17.313055,64.41341,24.70769,0.06420485,13.454089,7.073075,10.102885,-11.855876,11.795891,0.51062346,5.1662903,6.24078,7.433436,-10.832988,13.80639,15.150559,4.683104,21.887138,7.965268,5.951916,4.6594844,9.2005625,2.5476809,5.0491447,4.9852743,-6.1127343,6.0419536,-6.8250566,4.6930037,-6.1401734,4.0018826,-6.1903553,3.2129648,-4.901455,5.811103,-166.92119,78.926,126.039825,13.747716,11.018796,15.058308,41.31138,2.9527485,-1.4912896,19.069635,29.725138,7.953768,3.442571,14.135026,6.3013597,12.482262,7.1537156,4.529764,3.422383,4.9457936,16.073828,13.353584,16.34817,6.9281363,-0.7454901,3.7110207,-0.13461465,2.1066885,-3.055507,4.039809,-4.589268,6.7424884,-1.7049161,4.6825676,-2.9756157,4.707362,-7.818377,5.3954144,-2.0050418,4.9987464,0.04041883680555555,0.021564714471961406,0.19200164,0.089135215,April
-81.95899,72.808624,138.12196,11.648181,-10.870763,21.28493,31.058922,5.2303715,-16.389578,15.92029,28.721964,13.071645,-11.389687,11.25598,8.206685,8.989517,6.7007546,9.28431,7.994177,7.9309006,14.167422,8.582979,16.291382,5.2137675,-5.255031,4.6946754,-0.26980352,4.2768188,1.7156577,3.2524974,-15.397683,8.617942,-1.012213,5.452738,-4.2369018,3.958599,-1.9330877,3.4155254,-1.6545142,3.2471905,-49.207005,29.93897,125.901634,19.967295,-23.862127,8.724498,67.76807,27.373215,-7.830309,18.065765,5.4641137,13.025907,-22.02128,6.7346687,-4.829093,4.958296,8.641738,7.06411,-17.121103,12.544345,12.055615,8.627763,25.167671,5.2772636,5.7105637,6.1091275,5.5367856,4.8641453,4.640889,4.329659,-9.829597,5.873008,-10.1968565,4.42147,-6.661346,2.8730416,-10.661693,6.819336,-8.450282,3.3452163,-223.7936,43.39719,97.35167,19.355383,19.165411,7.0765886,40.303772,9.576105,4.0106006,15.3344145,29.839111,5.468019,23.352499,9.918467,8.674046,3.9740567,19.870653,7.169113,10.137031,5.342698,3.2940097,12.324536,16.965637,5.7613473,1.1543552,6.470407,4.0858307,4.8687916,0.9893763,5.3597813,-3.9635394,4.9868927,-1.0818981,4.538678,1.831692,5.3725524,-9.854824,7.1792054,3.8800619,3.1484263,0.05027977195945946,0.022051983097262532,0.19748494,0.11119393,April
-110.698555,103.332794,130.87889,9.049292,-7.1933956,24.19709,27.377136,5.2418933,-17.182884,18.350668,26.692978,11.690789,-10.760194,12.202714,12.246997,8.831509,8.783343,8.405875,11.525554,6.9700933,14.168513,7.492,13.927188,1.8108295,-8.198332,4.803318,2.1878073,3.6883068,0.88998693,5.0479136,-11.093341,10.840906,3.8492203,4.0913825,-8.20612,5.1259284,-3.3010151,6.3384094,-2.38689,3.7197244,-108.71838,70.31209,132.32298,20.200651,-12.445938,25.510738,66.18075,29.159508,4.3005195,16.114418,-1.6023263,12.279502,-11.877206,10.18739,0.75899816,5.886956,4.135282,8.445116,-13.778142,14.262719,18.447157,5.534009,26.454962,6.717259,-3.063101,3.724419,8.16665,5.515361,2.7492626,4.802175,-10.36589,3.8101313,-3.347327,4.110807,-5.846125,4.912897,-8.813683,5.358075,-5.0152006,3.8636632,-196.5934,93.0815,124.962135,17.18508,13.193468,22.969063,39.20162,6.9952292,6.9355354,22.995256,25.52818,3.988572,11.103589,17.016672,11.980558,9.953005,7.084015,4.91024,3.749099,6.9912477,14.658837,16.067854,14.678117,8.34433,-3.8966434,6.1202726,0.57893234,3.3534062,-4.410398,2.744358,-8.352157,4.3012486,-4.9936037,3.80794,-4.61461,3.7754383,-8.664426,4.92283,-1.2199229,3.668464,0.04723478618421053,0.020691376553999496,0.17923939,0.10786482,April
-109.00247,89.122116,141.2458,20.871754,-12.257126,25.415863,33.495815,11.361361,-12.317063,18.318815,25.515337,7.5608535,0.6863246,11.701642,2.2902365,9.173274,10.643937,9.560311,12.152687,5.2214046,14.194894,7.705001,15.112132,6.0717983,-6.7703967,5.497825,-0.66565806,3.4386528,3.107251,3.1871734,-9.781461,6.7503934,-2.2818582,4.8239365,-3.5961936,4.160299,-0.61372286,4.199562,-0.46917906,3.359857,-83.95631,64.04698,126.479195,18.608826,-15.337505,23.450838,73.804955,26.761847,-0.7992468,9.980904,3.22354,9.845016,-14.106318,16.199705,-5.417209,8.996254,5.0454755,8.572442,-8.60049,18.399117,14.828649,6.658704,27.447678,4.6381755,1.8574295,3.712055,7.8233795,5.0357704,7.22019,3.0984569,-8.769158,6.35538,-7.1729774,4.0153465,-3.6309006,5.3259516,-7.8474994,2.082459,-11.960401,2.5499065,-187.30426,83.75013,122.88424,19.611792,11.2785225,20.407484,41.121277,5.0225058,0.13255294,18.766893,29.161283,4.426392,9.586781,16.553463,13.034927,9.827649,11.931732,7.136598,6.7910843,8.121495,18.702793,14.835654,16.739845,9.424335,-1.9183055,3.8283572,3.372075,2.9635034,0.653992,3.2189476,-4.6507583,5.9760714,-0.8355005,2.809658,-1.6464261,3.2758129,-6.2667775,5.2877145,1.7284575,3.641939,0.049153645833333336,0.022087494080322102,0.20662135,0.10314491,April
-139.9923,101.405106,127.32395,19.468147,-16.706377,24.767197,31.63822,5.396613,-2.1574118,20.214909,21.974207,5.534951,2.633821,17.459644,10.379264,9.802154,11.309878,5.43678,15.036667,4.9660954,7.2529597,4.6774397,9.839406,5.6260037,-1.4336518,7.0657325,2.8087904,5.2223024,2.2606068,3.6981225,-5.521786,11.242348,-1.8027987,3.0130746,-1.0278813,4.110966,2.2911122,1.9029536,-0.6419895,3.0197895,-87.40008,46.936165,128.04303,20.83771,-16.062075,17.344667,67.70566,34.79588,-3.6317406,10.724405,-0.55027,12.577272,-15.312139,8.32029,-0.123364925,6.140005,1.4118253,4.9607277,-7.1528945,16.402618,12.274597,8.797631,20.700636,6.95915,2.9404738,5.9151607,7.744368,6.411142,4.0059834,6.731785,-8.201861,3.5995286,-5.5125217,3.6704557,-6.2542186,3.1037655,-6.1169696,3.907392,-2.6409357,6.6731334,-140.2831,86.26359,121.30164,17.683126,-7.4383388,19.320732,47.40757,17.219124,-2.5457234,17.470316,21.110245,11.451902,2.2510397,21.059057,6.1813517,9.865999,6.186541,2.9438047,5.3434176,9.632693,12.118455,11.353545,17.957592,11.001684,3.7640955,5.781043,5.014885,4.536487,4.9088626,4.240146,-2.1657214,8.549408,-2.89358,3.6795082,-2.9862554,4.0290318,-4.673246,8.257987,1.0190325,6.9907823,0.051912006578947366,0.026839368225952235,0.1872246,0.099408604,April
-155.93248,124.43957,120.17097,23.251677,-9.5913,32.56064,29.043373,12.174074,-2.7426815,22.816185,23.975769,6.197491,-4.65946,19.974897,12.599761,9.263871,15.828171,4.0509176,12.135425,2.9448097,6.412456,6.4826384,9.34586,4.706968,-4.3015857,6.410266,3.9341831,4.7251883,3.7058172,3.4754252,-9.070228,11.64542,-1.7923394,4.6959515,1.1480027,4.800671,0.48505652,1.3630965,-0.73692846,5.5059347,-104.82702,58.778694,132.21645,20.431654,-15.776399,23.76607,63.556934,31.637585,5.3879566,14.57877,0.3999009,12.17137,-15.697154,8.054906,-1.1962309,7.4895787,4.993672,7.7563105,-8.936642,15.902272,10.94754,8.641951,24.931543,7.156084,1.2539133,6.5589437,7.055247,3.9874122,5.436171,6.400174,-12.32223,7.3141937,-3.231057,3.0997717,-3.7881958,3.578257,-5.1678348,5.0724654,-2.1308944,6.4004354,-158.4745,90.37388,122.82584,19.79217,-6.2917905,20.356441,39.736122,15.79662,-2.706796,14.975873,18.29211,10.323276,-2.58101,19.641798,8.1868105,10.611935,11.467524,4.3393354,1.166061,11.337618,13.81644,10.663288,20.391819,12.006447,0.77713597,7.247022,4.7999163,3.0235956,2.40951,3.8801787,-4.1732883,5.268415,-1.9510622,5.795786,-3.5049293,5.8442492,-6.9109855,5.171356,-3.8153121,5.2485876,0.04805715460526316,0.024321790984934498,0.17247704,0.11245733,April
-117.374,91.55598,129.26907,8.968321,-5.7382407,23.956263,30.302626,6.16028,-10.52562,14.815954,25.736305,3.6851318,-12.571995,14.006937,3.7315776,5.6440344,12.054203,8.449575,6.6599565,6.0634913,17.057528,3.7267463,9.453131,3.8860636,-3.4881413,4.9436502,5.2910295,3.6035924,-0.63503593,3.284923,-14.693722,7.276805,2.8191671,3.6723545,-14.087861,6.5461345,-1.4849523,6.708022,0.030692616,4.1955905,-105.58188,62.32006,121.819,22.746195,0.7923834,17.944284,63.046047,29.521109,-0.70238876,16.156946,11.289369,15.309076,-18.86888,11.705633,5.4169135,7.391309,0.098320365,5.281833,-11.824056,17.883703,21.145248,6.7737684,7.6582375,3.708332,8.994053,3.6508322,13.219293,4.914173,-0.1610663,4.421714,-5.388918,5.455371,-6.2827334,2.0949342,-10.695187,3.5231483,-8.356766,4.8698864,-7.2795634,4.124011,-240.15077,59.020138,108.842896,9.6905575,24.154865,10.688642,36.27346,5.2459455,11.711905,13.561906,29.080706,6.5667477,11.932008,14.060476,19.755104,3.5830863,9.876845,6.9867167,11.361158,4.2932343,9.75124,13.394775,7.166878,4.4722114,4.0426173,4.7033806,-0.2892462,2.2995296,-2.867251,3.3252392,-5.117477,3.0108757,-3.4538367,2.5528555,-3.2075992,3.2364626,-8.038377,5.9378734,-0.6915229,2.2731936,0.04051414695945946,0.01903991851981872,0.15970829,0.09479058,April
-213.9283,104.070656,106.358765,23.878092,11.482944,31.839113,39.375927,8.69742,11.895658,20.867947,19.798765,4.460324,7.343065,11.674116,15.326939,9.822587,19.60341,2.829623,13.725955,3.1858838,8.528516,6.443403,9.085136,5.4469943,-3.8405962,5.6890597,2.8241236,2.8439887,3.9456966,4.869381,-3.0586455,10.072779,-0.14699815,3.0052025,-0.023101887,4.5983057,-1.2778093,3.480133,1.5589625,3.1691902,-100.91086,60.28218,130.8254,20.049316,-8.141173,19.256783,46.475895,24.65025,5.3654065,14.579074,15.355354,13.996517,-16.435965,8.962961,0.04260866,8.646942,0.03483188,8.558669,-2.7201827,13.898374,13.845954,6.990492,20.0534,6.631278,-2.4221315,3.7158704,1.7568812,3.4362488,3.5394433,3.4670923,-9.946439,6.427753,-4.223658,4.8946033,-7.5069504,2.970478,-5.174521,5.0658293,-0.89874786,5.5926137,-115.86822,84.9276,122.4359,21.213877,-12.376547,18.333612,47.821697,30.02045,-5.539844,13.12946,16.080637,16.283,-9.295142,21.518055,5.911514,10.011145,11.937166,5.1214356,-9.014037,16.890585,15.632962,6.706997,19.57779,8.5349045,1.1948272,8.574099,6.5054183,3.3910995,2.0084622,4.52898,-8.287136,7.099465,-3.9783938,3.6738083,-7.3112717,5.034327,-10.587306,4.4571695,-4.1552606,7.327281,0.04541015625,0.02194665630956639,0.18056229,0.11402254,April
-190.35176,117.107315,112.25219,26.22306,1.7299973,35.11113,31.763346,12.860924,4.5120034,24.01891,20.765612,5.505636,5.7000866,16.488192,13.012086,10.7429285,14.140151,3.49863,9.71759,2.8938828,6.335879,4.9691744,8.985746,4.1656876,-4.0098014,6.0813575,3.2010994,2.0128965,1.7190814,2.155935,-6.3791385,10.940436,-1.6928669,4.3958735,-4.788603,5.028051,-0.289224,1.9785526,-2.7624187,4.4199038,-97.85882,60.39274,139.70242,16.9848,-19.218653,22.546495,45.46401,23.699093,-0.47228146,19.36265,7.1828694,14.636132,-16.392635,7.2742305,-0.9879837,7.7185225,2.7496803,10.440867,-2.9083087,14.743161,13.517131,6.288529,19.890528,7.902029,-4.2871256,5.009578,7.7000823,3.3417711,4.381874,2.047861,-11.802189,5.9950414,-2.264412,3.85724,-9.769933,2.8707244,-10.340498,5.1994824,-2.4078758,5.1438904,-136.64177,79.60221,121.02458,15.8348055,-4.1464667,14.033179,37.204124,27.709314,-1.1134703,12.671528,15.63198,13.052711,-6.7910767,20.031727,10.689369,6.2209134,6.8207536,4.5874577,-6.5737724,15.668342,14.703302,6.701629,18.160168,8.211053,-1.1224757,8.3464155,8.348754,3.064587,-3.0729392,5.1417804,-5.8078904,3.514564,-2.964338,3.8162625,-7.87156,3.3503854,-11.441111,5.782817,-0.9878743,6.7205453,0.044831928453947366,0.015227164087294498,0.18019919,0.11712983,April
-40.64292,42.453568,137.01009,7.2339487,-32.761738,6.547908,22.914696,6.9796643,-25.613613,7.7902737,22.921532,5.8665066,-20.06778,9.71716,5.2709923,8.144989,7.869511,10.207633,11.87874,4.514793,13.677843,3.374632,13.2498,1.5493866,-8.563163,3.228347,-0.31978592,4.964743,3.0362997,1.9755436,-17.592842,3.418724,0.00078778795,4.1269436,-7.011266,6.8920727,-3.1984775,1.7167466,-1.7805142,4.6573653,-124.284454,65.702934,115.38808,17.937605,1.6452487,19.056896,60.044327,24.149208,10.903941,10.754924,1.4457614,11.095379,-17.206903,9.981814,-0.26051605,7.882772,1.3436222,9.704238,-13.326121,17.554829,5.90438,6.860743,18.380114,4.8297105,-0.28778473,3.273766,10.494514,5.8084135,-3.1519237,4.6400685,-6.10831,5.403942,-7.2442923,4.0785785,-7.5865445,3.0575294,-15.793394,5.263114,-1.951746,4.9771404,-104.789795,64.07612,120.62109,14.193357,-9.854433,13.388438,34.43773,25.07421,-11.776065,8.833983,23.362898,16.55169,-17.96981,15.219958,7.52724,4.259017,8.100606,2.9934697,-9.158697,11.359903,18.538662,5.8419456,15.927416,3.8929732,-0.71587723,6.429258,7.7652907,2.4318604,-0.35471496,3.5236108,-10.984669,3.2393773,-4.23338,3.725775,-9.944571,1.2661126,-14.656662,2.0415816,-2.939877,3.6612492,0.05662318638392857,0.011153232246344992,0.22962937,0.104694664,April
-16.461924,26.177752,106.76079,5.4606147,-33.7493,5.115035,21.163162,6.7548704,-40.182144,4.5461755,22.630638,2.0444458,-15.593681,2.4439938,8.289292,3.172263,0.44513083,7.1660542,2.1252716,3.3441849,38.904465,3.424144,-12.372911,4.2752233,-1.2462174,2.7252963,7.1721196,2.7743273,-11.788655,1.868031,-6.427148,2.5091705,-5.2849674,2.2579079,-14.693106,5.670701,-1.2294264,4.3259053,15.02877,1.8157625,-118.98539,66.65054,103.87228,19.39413,2.9700923,17.207787,47.93987,25.28943,2.649676,14.052934,2.1540523,13.717365,-13.422365,7.045772,7.5593476,6.36673,-13.784473,7.780909,-9.815401,22.43993,24.641006,8.779407,3.260987,5.677939,2.124678,3.0622835,13.373353,4.353744,-8.810108,6.223655,2.6775203,5.7794194,-8.42445,3.204641,-13.747223,4.2433357,-10.267697,2.8461974,4.82756,5.590342,-91.06205,64.314445,97.764626,26.584318,-1.807388,13.636672,50.567383,26.115835,-21.247711,9.222057,11.461884,14.755966,-11.829721,11.562187,6.63338,6.962415,-5.282942,4.2226543,-16.557617,20.248251,37.664734,6.143516,7.4772234,6.1171484,-4.8084555,8.397371,15.951223,3.5943418,-6.87081,7.552064,1.7665155,3.9876916,-11.994426,5.801092,-13.927786,4.4285316,-13.250791,2.2616608,3.8179715,4.4877048,0.08736478365384616,0.021302601829892773,0.20951954,0.09325275,April
-52.979267,34.085304,126.62343,8.321717,-23.539833,11.961863,22.731253,6.8920674,-34.84807,8.03268,11.972324,2.537811,-11.051595,3.9614265,0.9095016,5.44521,-6.710811,7.6076093,13.097946,5.8138294,30.842398,4.1567616,-0.96353084,2.8902223,-12.267586,2.8960867,11.961751,3.791984,-10.222992,2.3014588,-6.1453724,1.7605095,-3.4714675,2.1339276,-11.819257,5.4155073,-1.8502104,5.1277933,9.598962,2.995934,-93.01686,67.12961,104.740746,27.89277,-1.3676269,21.36459,56.136215,30.98637,-2.1207051,12.651272,-2.401054,8.804701,-13.112062,8.328997,2.8562698,8.480296,-15.125878,10.001384,-16.185434,18.957642,25.697685,8.71804,4.567634,2.5080364,2.5401523,3.8736634,18.607933,2.4542308,-4.590136,5.06706,3.4237607,3.9453819,-12.272864,4.705896,-13.975517,3.0406876,-14.163975,2.9569035,1.9356132,1.8668743,-98.55023,65.28056,112.39578,14.779418,1.6684346,9.592702,38.696667,20.113157,-16.370974,11.124966,16.923933,11.16225,-11.243992,9.330916,8.262399,10.803045,-9.025709,11.68493,-3.9297993,12.326717,36.131073,9.600044,6.3837833,1.8522804,-3.154844,5.9107547,12.843444,3.9253294,-10.0852585,5.309161,-1.0668858,3.36246,-10.403731,4.9860864,-14.336783,4.7120767,-13.193602,4.3870797,2.098929,3.4012568,0.062445746527777776,0.017045781353273323,0.23234028,0.09684671,April
-52.025444,48.47767,127.80862,9.160718,-20.332977,16.59192,20.874691,5.0981646,-29.027643,10.301569,24.716738,8.107356,-3.990565,9.231739,10.387554,9.828951,-7.0928144,7.986644,12.112102,4.5844245,26.273838,3.863898,6.811259,4.802843,-8.990402,3.2152534,8.391264,3.30801,-2.7261631,3.8791583,-4.8242426,2.5954518,-5.284739,3.299211,-12.223857,2.13714,-1.5280057,4.6845536,8.920402,1.5490302,-91.30242,75.84976,104.29446,18.20258,-2.033588,23.527098,67.33974,24.34032,-2.6840153,19.035593,-2.570909,11.82923,-13.802866,7.0743985,2.000077,7.434842,-7.3459334,8.168778,-5.065941,13.170602,28.037348,9.972064,12.571337,3.235426,3.3351035,1.5046822,18.828821,5.001398,2.189627,3.7957406,-0.52781516,2.364286,-10.97142,3.8245444,-12.951998,2.2395754,-8.3463,5.5768404,3.6100602,3.428302,-166.61002,86.2472,104.79018,16.095636,8.972473,15.525978,29.246399,9.140894,-11.281261,17.555687,22.87757,3.7532172,0.38397887,9.839359,10.711583,10.9505005,1.3625543,12.34712,12.672986,10.632818,24.423853,15.297315,12.482294,3.0856931,0.5333557,5.8610396,12.398669,2.5182154,1.5869242,6.206945,1.2515529,3.4046495,-4.248349,5.6650925,-5.2196746,9.034526,-5.584988,10.973627,7.8143106,1.9055064,0.05810546875,0.02296514296808527,0.21207614,0.10850781,April
-138.35025,93.239365,110.91614,24.840734,-0.03118307,24.094002,20.080645,7.5783305,-13.1153965,21.111338,15.372909,4.9810796,-4.9897695,7.5452986,8.6514435,6.882073,3.1559358,5.865264,14.116586,3.8546443,15.9365635,7.5661144,6.117281,4.3809094,-7.581758,9.713457,11.485962,3.504109,-9.143699,9.316059,-0.681209,5.397071,-2.0219269,2.046768,-6.6290727,8.511846,0.910609,2.47016,7.6542034,3.8699396,-109.959404,67.913826,112.34618,19.762133,-1.7868222,20.00317,60.50437,29.804163,-2.5661821,12.812959,-1.8459008,7.8462653,-13.597111,5.8465686,2.0287635,5.605771,-7.7537518,6.2143016,-6.687688,16.485468,21.15879,8.7799225,11.066895,3.0936651,-1.6063176,4.9135613,16.762695,3.3270717,-3.4000695,3.308015,0.6739204,4.3263564,-8.16102,4.9738045,-10.255395,5.3138094,-7.73768,5.015316,3.0698967,4.2783203,-149.94011,88.130264,110.57759,18.095821,0.46179876,16.494558,33.424503,11.397332,-14.458365,20.59655,19.52762,7.60478,-0.8395201,12.998258,6.252597,13.368319,-1.030162,8.897693,9.914002,6.5460715,25.889717,15.1590395,13.539307,1.5405014,-1.3432206,6.780292,11.828671,4.5322094,-3.8303354,5.504675,0.43912125,5.549649,-6.0368824,7.2780347,-8.856298,6.7931337,-6.8595552,4.209092,4.974853,1.9892428,0.06199692234848485,0.018242300947366594,0.16563308,0.109843664,April
-111.62888,98.850586,118.50674,18.690107,-1.6102387,26.318914,24.012674,8.777048,-13.663882,17.648169,21.394388,4.268,3.6425095,13.376268,17.771078,8.725419,3.4028084,7.755754,15.1234865,2.7292578,18.553345,12.232836,5.40983,5.5352516,-4.848236,6.5700707,12.044597,4.8040705,-6.341669,6.309039,2.734195,4.4688897,-2.60068,2.1536312,-6.6555824,7.7070847,-0.6854543,3.1908903,6.1288757,3.3355114,-96.84748,65.656204,116.74473,20.410397,3.0178165,21.32733,58.88953,22.735619,0.46714163,14.422701,-3.4116123,11.351429,-6.4632664,8.826843,3.6059167,7.652055,-7.444971,5.7686176,-4.611896,14.861727,27.125463,9.68086,10.985611,4.682113,1.3058242,5.358784,17.8159,3.8537848,-2.6578717,4.084778,-2.2547946,4.195967,-10.903508,4.818347,-12.135915,2.1616607,-8.149295,1.6971563,0.6319025,3.702126,-173.80421,69.11221,101.75379,18.89963,13.417384,9.883174,24.084799,4.3168964,1.6435032,15.170735,23.084974,6.0558615,2.8813164,10.595072,19.222761,10.782991,4.2165327,11.130693,13.697116,4.665092,22.494293,16.068506,12.806732,2.8424358,0.51088923,6.0872974,12.038768,4.022693,-3.1441147,4.0071864,4.749026,4.852771,-8.321765,5.010531,-5.5646605,5.392601,-9.360869,3.7957861,3.4114616,3.6946568,0.054972330729166664,0.01722278056555644,0.17201203,0.101723894,April
-115.19956,98.08042,111.051704,23.705217,-10.024216,26.396511,28.779913,11.899343,-9.142841,22.77996,15.43184,3.0383246,7.4843745,7.565889,15.365563,4.716045,1.7918035,6.0755134,15.806492,4.6955547,18.353704,9.35377,5.226803,3.5227437,-10.624154,4.9028697,10.75338,5.5601707,-3.0072825,11.46191,1.418879,5.4917846,-3.617546,1.8026744,-6.1785817,6.1130776,-2.7253919,1.9692608,7.1740127,5.005948,-99.969604,60.51085,122.366356,19.538803,-0.3269459,21.599392,52.816208,23.094536,-2.5607522,11.90895,1.8404983,6.588867,-5.1672664,7.1180453,2.4444544,6.6251526,-13.068806,6.519549,-2.0404496,16.171755,29.307478,7.631369,8.405393,3.6431127,-0.28890103,6.6300793,17.537285,5.7666297,-5.1394153,4.5530915,0.43533775,4.6708503,-8.115617,4.2657695,-13.709397,2.472442,-10.420221,2.880384,4.9133525,3.5521183,-148.26646,77.15564,103.44024,19.933828,6.3712263,11.280578,41.560318,16.261763,-1.8907844,15.777212,14.930755,8.852764,0.33825302,13.907637,11.03948,8.208305,-2.4471056,11.717325,5.2403364,10.828865,22.901155,16.639046,7.124345,3.0558531,-0.4522104,4.165463,13.630773,5.9948764,-5.3424654,3.1128848,3.7826967,3.6509726,-8.970224,5.2585187,-6.652898,6.82391,-7.296855,2.2718618,3.8365772,4.289125,0.059291294642857144,0.017947540357214527,0.16984472,0.107533276,April
-84.67368,84.98128,114.605736,20.792198,-10.653407,25.278078,25.336977,11.670785,-14.214228,14.115619,17.97536,8.080905,1.2646343,7.2645683,12.237768,6.3477473,3.9287326,5.54607,17.562544,2.9687688,20.614145,10.308497,7.021947,10.056753,-1.7282156,7.225414,8.220509,2.5190828,-3.586223,3.0480251,-2.6077855,5.626527,-4.197293,4.0120163,-6.3533897,3.3265054,-5.833389,3.653198,9.341048,1.8526021,-90.66463,68.26882,120.32567,17.252882,-6.7251444,19.885942,36.419476,20.98827,-3.520129,19.152344,12.1973095,9.412568,-0.8263893,9.789936,10.7401705,8.649915,-0.8566222,9.375177,7.5099196,11.824072,21.050333,13.313922,7.7706995,5.621907,1.1196079,6.396726,12.203531,5.185373,-6.7570963,3.442425,-1.0598608,3.1473858,-4.421495,3.9325023,-7.6554046,5.449959,-9.292926,5.4439545,6.9400444,5.1448298,-88.41064,63.214622,109.15394,14.239746,-4.388211,7.2966304,49.28549,23.64115,-8.433014,12.569018,14.773557,16.221289,-7.3897185,10.639118,6.840305,6.159305,-1.3872837,7.5126367,-2.1019526,15.114501,27.690773,10.839265,15.162366,1.9994216,-0.8248454,6.7214646,15.392923,4.383742,-2.8204184,2.4558542,2.6340349,4.110802,-7.585759,6.2569942,-9.400396,5.3830137,-10.85165,4.795453,3.778637,4.3850703,0.06212197580645161,0.015342727007205166,0.21031153,0.115994476,April
-88.38775,75.52915,128.1749,11.574042,-15.938884,21.910044,30.512758,6.0959444,-15.216868,15.288549,27.373934,6.679364,-13.816544,12.447171,11.296618,7.251906,12.096816,6.4415517,10.261134,5.2209616,11.067695,3.0878394,8.338367,2.8273156,-0.010442813,6.8767695,3.391755,2.6123996,1.2717439,2.7327044,-15.531768,9.764029,4.8667083,4.380684,-8.853284,4.502946,-1.180935,3.0676072,1.4737695,3.3485198,-67.803276,33.88724,120.65518,24.171118,-9.302263,5.6048536,70.403404,23.386774,-7.706135,13.393982,8.629397,12.966457,-18.518265,7.306186,-7.372459,8.837039,5.2084613,5.6993585,-13.430282,13.496328,19.5548,7.5954275,14.086383,3.3491952,8.41384,4.473419,13.236169,4.1502233,5.088903,3.9824607,-7.0198016,2.63508,-7.2407355,2.1168997,-7.0044327,4.3423457,-9.949861,3.1688476,-7.044695,3.7335186,-212.87517,44.6779,91.01656,20.791935,18.421572,9.895083,40.25333,9.70139,1.8930928,7.682916,28.498959,6.703574,22.715075,20.072422,5.059833,7.076812,20.9456,12.350064,15.602883,9.681933,0.17709875,18.274162,19.573908,7.0494323,0.5997019,6.9879355,4.135686,3.2464893,1.6928027,4.5073504,-0.44855088,4.9128146,-5.8756943,10.231487,2.4924393,12.490195,-17.425331,4.384841,5.246418,5.85613,0.06427323190789473,0.02646372023656891,0.1736904,0.09622441,April
-128.53888,95.47042,104.06628,24.920162,-3.9433277,25.507214,27.07341,14.889787,-8.952743,19.232931,21.869154,5.526682,6.497332,9.649521,21.6356,6.3743815,11.077667,10.320552,14.971977,2.4489396,9.924525,11.783206,5.6745906,3.6903799,-4.580993,3.8134475,9.233272,3.4450037,-0.8793788,6.564861,3.9258087,6.695323,-0.75180787,2.0541441,-6.7520447,8.298166,-3.4816096,5.7140555,4.666981,2.5131207,-83.68031,46.163445,121.56843,16.688416,-4.823027,16.243393,50.37824,31.238258,-6.9888854,12.081696,5.054006,13.2383795,-8.145558,5.9192257,9.5550375,6.499882,-6.941475,6.9740577,-3.6348488,16.06141,22.342615,9.458645,9.930787,6.2315288,-2.2610958,4.2030926,14.723434,5.7046494,-5.8645496,4.0496707,-0.08987828,3.586679,-6.3561473,3.21171,-14.060903,3.2037663,-12.385528,6.250338,0.8998603,5.9176345,-138.94287,58.5908,104.35735,17.714754,7.863285,9.525786,41.56508,11.604138,-4.6794906,12.969859,20.84285,5.391748,4.514832,13.704676,12.166191,11.497619,5.4510784,9.370171,10.122281,7.2704806,21.924265,15.64833,14.004189,4.139881,-3.7781994,3.0916,9.6744,4.173049,-2.0097163,3.7352288,-0.70069724,2.311204,-6.234774,4.7123694,-7.9082017,6.389905,-6.355973,3.3625553,1.4348778,2.6179698,0.056952582465277776,0.016633506521032466,0.17953694,0.097263426,April
-108.912575,80.66133,102.59449,24.80855,-5.2740507,13.740617,35.53099,12.988036,-8.479746,19.356445,19.637844,5.5577435,6.392514,8.906643,22.832865,8.23207,8.729249,11.35577,16.333548,4.8063974,16.42973,13.388927,4.190809,3.3747158,-6.4649386,3.121189,8.483871,2.6645546,-0.24750176,3.2542007,2.4996245,5.2235312,-1.7650247,3.9447312,-4.8349333,4.996171,-1.4462763,4.115458,6.4645767,3.3486638,-87.32718,52.145943,121.93794,14.205263,0.26242873,16.370686,48.88654,20.705605,-4.9342813,12.744773,9.131724,9.196804,-4.633997,7.042482,8.982613,7.3395185,-8.485848,9.447446,4.675262,10.634296,25.389698,9.511225,8.879471,3.821156,-1.5746785,7.338486,12.699055,4.0534453,-3.4628375,4.094934,-3.1078475,5.6988254,-6.0989656,2.9355347,-11.21135,2.3774676,-6.026794,3.4983242,6.320358,6.6033125,-100.89463,58.20342,115.626564,15.85508,2.8832436,10.189652,47.24841,23.21474,-6.355534,10.318424,15.395053,10.570503,-0.07829746,12.016583,10.897682,8.66902,-7.382353,10.046263,4.456618,10.069189,30.375298,15.468989,13.048599,1.5747417,-3.1751645,4.279362,12.154453,4.9546423,2.016113,1.4880916,1.1681455,4.6117606,-9.74488,7.362405,-8.796658,4.403356,-5.473406,5.176138,4.6538343,3.8058674,0.05388327205882353,0.014809300914400808,0.20120627,0.09867375,April
-51.320812,59.82276,125.579445,9.538893,-17.597015,19.451511,26.83074,6.532341,-17.216158,10.310157,16.600647,4.618079,-2.8413694,4.8406177,13.444289,6.513041,-2.3083634,6.7368436,15.740585,3.3811526,28.612518,8.060421,4.2561975,5.93482,-6.340494,5.059605,11.292516,2.7644498,-10.007576,3.3494577,-0.62891984,3.6368856,-2.9751785,3.232904,-13.9784155,3.5024192,-1.8942732,3.7850325,10.429101,2.4865084,-55.92763,17.281456,121.08793,21.743618,-5.8958526,8.147965,61.342075,27.861794,-9.049237,13.247581,5.219492,9.027888,-12.63812,6.2268896,5.67236,8.5229025,-13.139744,3.515851,-11.612292,14.296992,35.52544,8.739184,10.244919,5.9686933,-0.62214565,6.452798,15.0708885,2.8777063,-4.6319337,4.3091345,0.44593397,3.9726622,-7.5818863,3.5771346,-11.948063,2.295192,-11.249549,3.236865,1.6112171,3.282901,-185.57837,35.579727,100.69785,8.496874,17.9899,6.481949,34.15215,2.4895692,3.799291,10.461254,20.153677,3.1881557,10.193505,6.236377,20.326073,3.7772107,10.983941,7.8438134,15.2983885,1.873419,10.938773,13.544919,10.643583,3.1905916,-0.38697448,3.8316083,8.28575,4.2553115,-7.3202233,2.5273652,-0.99871415,4.376061,-3.8117874,3.955154,-0.4378713,5.3555527,-4.9744215,2.7378201,5.0123115,3.8073807,0.051947699652777776,0.022081879675236116,0.20846392,0.098779924,April
-166.53624,93.640465,94.343575,23.560623,-1.1263837,21.290508,35.406075,12.661779,5.0663724,26.100876,24.363115,5.5340395,1.5596595,8.17641,9.27704,5.4794426,8.889019,6.3057823,18.130196,3.8777766,9.773339,9.706499,7.00892,7.9659505,-4.4865055,4.157366,0.60466194,5.110412,-1.9118959,4.0154366,2.013434,4.27571,-4.0613456,1.615633,-6.6602755,5.8248987,-4.411291,4.683823,6.023517,2.5228071,-70.26462,51.368656,128.53163,13.858211,-14.566628,20.87151,36.914566,15.95406,-11.351312,17.130005,4.629863,14.614148,-7.934558,5.290937,-3.421244,8.797904,-11.505938,10.132331,9.006131,10.651773,27.459566,9.130604,8.920029,8.22185,-1.8434154,5.6000147,10.079427,6.919585,-10.14614,3.8918283,-2.3546252,2.8767998,-8.621125,5.474093,-13.653201,4.534524,-5.089623,7.62603,7.010308,3.290016,-72.003746,55.412422,107.50326,24.438704,-11.136651,10.527354,53.40457,33.322586,-13.197487,10.830365,1.9464954,17.69544,-10.714587,12.635367,0.98522204,9.995136,-5.4980083,5.062538,-6.676632,19.885078,35.870857,8.006123,13.804515,4.7932105,-4.900685,6.505402,10.20062,5.3471055,-10.308063,4.617145,0.95375013,4.886734,-9.8583765,6.0165124,-7.8762727,5.540648,-9.666918,4.5898995,0.3216994,3.8556745,0.06578871783088236,0.02084469128129522,0.20692453,0.123895094,April
-40.974487,52.137524,124.944664,7.582788,-26.053072,11.7540045,19.19019,2.8615308,-29.715729,6.637089,21.05512,4.529479,-12.87724,4.090918,11.5587225,4.422861,-5.126362,12.132005,15.2622,2.4137132,30.422964,6.2091713,-2.8982882,5.779201,-5.728594,2.0983558,2.0148594,4.9636045,-3.8381817,2.789447,-3.8052359,4.5459905,-6.602645,3.6050699,-9.628135,6.6985536,-0.6705258,4.5492783,2.499934,3.4714768,-107.02053,43.511795,113.88257,20.916971,-0.10482343,13.266452,57.06404,25.992203,3.7680311,9.998511,-2.9207847,10.465902,-13.606609,5.747441,3.6023326,5.080724,-14.444682,7.7578316,-4.0441623,15.388896,22.330118,5.1598163,9.7933035,3.892517,3.56304,5.918709,8.940128,4.5831327,-3.0990095,5.17687,4.08078,5.3919454,-8.873985,3.0562882,-10.770819,3.5461645,-6.026333,4.062275,0.46348852,4.3214245,-110.74986,65.18172,118.08962,18.844627,2.1121173,13.0787115,38.80647,17.353716,-14.033444,13.145242,11.361048,7.117054,-8.731192,11.983804,5.792176,6.444312,-10.006088,7.531344,4.278571,11.188877,29.285099,10.632378,11.155975,6.139628,-1.162008,7.911992,7.3616877,2.2238533,-3.7401204,4.022247,-0.37888342,3.8836591,-12.321912,5.731028,-8.736219,7.2899117,-9.323546,3.2170033,0.73657906,5.2982564,0.059413364955357144,0.012514306172884836,0.21453416,0.09996857,April
-104.46863,109.048744,110.52582,21.788465,-17.980103,24.662575,20.635696,5.6879864,-23.728128,22.075024,18.18261,4.355794,-3.5643654,11.918118,17.878464,5.555337,-0.2300869,11.109641,18.349018,3.0852554,15.627718,13.383837,-4.725609,4.4601526,-7.384561,2.5218318,6.033202,4.141026,-0.887414,6.0989175,3.0972915,9.537952,-3.1173182,3.8519473,-8.21697,8.322799,-0.85910034,2.9258175,3.1017003,1.6398516,-107.39461,55.587353,124.99874,21.442644,-4.6767254,16.893845,39.958775,24.524036,-5.7504807,17.252308,-2.193765,10.970586,-14.500784,7.994071,8.786945,7.9607935,-15.410243,5.2512236,0.08297119,13.914848,21.523804,5.5817304,6.515235,6.9833393,1.4181582,7.695876,11.476168,5.6706295,-7.5431633,4.088148,2.9999614,6.4166803,-10.756477,5.452116,-11.330834,5.8440166,-8.480097,4.8467884,1.1231638,5.0943336,-114.81043,63.298637,112.35969,15.394453,0.33961192,10.087731,40.692783,27.492718,-14.877487,9.104375,9.967803,9.362854,-8.676545,16.455967,12.019001,7.93189,-8.798284,6.5950236,0.877301,14.007592,29.674477,7.278777,9.777116,7.0678687,-1.8491188,7.184172,9.522021,1.388565,-7.3030915,3.37344,1.5254982,4.0945373,-10.548851,5.8090715,-9.025651,5.5656104,-8.153308,5.454531,-0.58887374,3.7056894,0.06100365423387097,0.014483666439984347,0.18180595,0.09429145,April
-71.41701,61.76618,131.24265,8.438562,-21.142084,21.904694,20.477991,7.8596754,-28.456287,13.03394,14.674812,4.2182026,-10.566603,6.821133,10.645047,6.37996,-6.3823557,7.660145,15.788803,4.925431,27.411322,3.8892987,-2.3170774,7.5573297,-8.539412,2.003207,10.296316,4.757892,-7.46486,2.2874053,-3.253037,2.5051055,-4.590965,3.0931942,-12.482832,5.506324,-3.0627759,6.213818,5.8195734,2.884638,-105.396164,88.354576,114.2983,18.749239,-8.930951,25.4858,67.14062,24.90042,1.9129727,14.958723,-5.2090535,9.111272,-18.678692,10.129309,1.4625076,5.805741,-8.26128,9.445879,-2.734314,14.831263,24.37038,6.856682,12.376566,4.1759706,4.058982,7.0456843,12.2739105,3.2257617,-3.8638873,3.4781208,5.240177,3.916907,-13.8130665,4.760062,-8.281937,3.348368,-7.17063,3.4057953,-0.7404062,2.5304298,-173.53934,84.72106,113.51529,22.86571,5.5412917,15.333367,29.32436,5.325676,-9.20477,16.933178,18.216179,4.8298583,-2.2730944,13.94673,11.694787,11.669219,-2.4458723,9.562498,11.813407,6.6263423,28.404236,16.478096,11.41648,2.7790034,-0.8504953,7.806503,11.074594,2.0901642,-5.3663726,5.602946,3.767662,5.418001,-5.562282,6.0995054,-8.007097,4.8133435,-5.713698,4.3906007,2.3552585,3.1601322,0.058294480846774195,0.017395902773122765,0.18632129,0.1076937,April
-36.591045,41.78035,127.01283,8.196157,-34.6299,8.283798,23.658468,6.3255663,-32.61852,6.365096,13.70786,6.384248,-10.221749,9.22951,8.949394,5.9279504,-6.2531953,3.4285269,15.947201,3.575806,29.44686,5.4989314,-6.643671,2.6428986,-13.716082,4.2261214,7.597169,3.5386024,-8.732873,0.97965854,-4.354437,2.5277338,-4.2428293,3.4610732,-12.647816,5.4111285,-0.71904826,1.928696,6.6354237,2.2843099,-107.557014,53.430103,122.59139,23.429707,-0.42249045,18.704506,47.000347,21.757315,-3.437696,10.693751,-1.0512117,7.774967,-15.915554,9.093032,0.20301151,6.7775664,-15.638438,6.5258894,-9.959778,16.1554,25.271828,6.544672,4.8260326,4.7507195,1.2690847,6.0515795,14.095705,4.11176,-7.2577634,3.1168125,1.7610427,5.412892,-8.659747,2.7456868,-12.858425,4.560913,-10.445072,3.229323,-0.014304744,4.339908,-89.424484,59.288486,118.06738,20.26123,-4.6420026,13.071809,49.2026,20.9582,-20.60993,4.1698008,8.642628,13.755335,-19.983845,9.829811,-1.4270754,6.1818466,-7.573511,3.5511208,-7.004958,11.673079,38.15159,6.9685287,7.9937406,3.0358655,-6.1356015,9.317711,12.1884165,1.6087856,-11.955999,6.647596,2.5583308,2.4400804,-14.231386,5.2125487,-16.192085,2.3033354,-9.225034,3.4399376,-1.8389609,1.1970156,0.06817853009259259,0.014604455182962208,0.22376977,0.082707696,April
-85.16263,80.20815,127.111305,14.318332,-22.402931,21.174688,24.353218,6.2064195,-30.563295,18.29203,16.96785,3.8558736,-2.7621882,9.242635,12.285523,6.345939,-6.17804,8.455506,23.363533,5.7644925,25.668547,9.396043,-2.1853213,4.0453277,-4.2623343,1.1560472,5.230483,2.3047864,-3.4077132,3.3896122,-1.5166913,4.4856715,0.05288239,2.6873107,-11.901348,5.9622526,4.513597,3.4252846,5.801925,2.507744,-114.382034,68.19497,121.6782,21.004787,-3.9667795,23.497818,65.16447,28.116652,-3.0781991,11.290539,-0.7400896,8.945989,-13.5042,8.079519,-3.8865402,11.152045,-11.616036,9.046613,0.6279621,13.748843,29.704645,7.975333,8.992997,3.3240092,2.915956,5.289246,13.515687,2.611812,-1.7538015,1.9091347,0.06296132,4.0216537,-10.014621,4.5639305,-9.7479925,2.5565166,-6.393326,2.1378088,-2.9333076,5.125561,-196.93237,78.66571,105.84144,25.059376,11.469218,14.958896,34.794117,6.346608,0.3286503,17.202396,17.391409,4.9243784,1.9416604,13.352108,14.716791,14.131075,1.8199624,10.326092,13.733074,3.602663,26.496458,15.89299,12.752975,3.158235,-0.9936812,5.806064,9.6435585,3.146046,0.7521673,4.5077987,3.0054433,5.410884,-3.6871758,5.9838996,-4.5899725,4.4530926,-7.2196918,4.654925,5.3595276,2.2850037,0.061005563446969696,0.017832727215850337,0.16340093,0.0922989,April
-137.9824,116.414406,108.72065,27.075605,0.82364446,31.061258,23.182163,18.48652,-3.5640166,23.228596,24.302465,6.485143,2.0188386,11.090104,24.969624,4.733446,-2.0082114,12.781539,21.356016,4.300375,16.903858,9.2296715,1.7521942,7.7788024,-1.1580306,1.9611424,4.3017354,4.194826,-0.2767213,4.592339,5.536534,5.868866,-1.6100749,4.00666,-4.659458,8.857831,3.347402,3.1840932,0.95794904,3.650752,-82.607475,52.778,130.23021,21.842611,-5.244771,22.211823,45.647667,32.481663,-6.2542567,14.631796,0.42381877,10.022278,-10.592887,7.9565363,5.516385,8.194696,-15.040559,8.048064,4.50746,12.423831,28.583284,5.106583,5.965579,7.0154552,4.4685917,4.7233934,9.960955,4.7835836,-5.207056,4.170403,3.1433692,3.5310824,-8.753399,4.0165057,-8.221091,6.009863,-6.44147,3.6585696,2.4844096,4.1248865,-128.30925,74.266594,113.4999,18.111906,1.6272968,9.763095,46.12506,23.317432,-3.04227,14.613361,15.015065,15.461377,-5.7940845,17.809414,11.23022,9.280996,-2.1621113,6.0490856,10.376191,9.595382,29.15516,11.872884,8.448129,5.066721,-3.4429915,8.875888,6.740095,6.545059,-2.0717938,6.5357037,4.1304812,6.6967516,-12.683002,4.111159,-9.705552,4.337563,-8.696284,4.6039934,1.0720768,4.3700237,0.05628159466911765,0.023242606512837532,0.19687034,0.104943424,April
-142.88396,111.601616,114.87177,14.675705,-5.898047,31.624817,33.915405,7.7713566,-7.25238,19.273706,28.621813,10.396577,-0.7471908,19.592093,15.76255,9.092581,17.797016,7.3374524,15.886455,4.0976653,6.7841134,6.380698,4.40142,4.286653,-0.49638543,3.976719,-0.17904581,3.8139176,-2.2598202,6.3163385,-8.763202,11.36433,5.2270927,4.3346705,-3.3284245,9.888461,0.6782657,1.8458828,1.2300726,3.370088,-117.690384,67.62663,117.87317,17.08611,4.5037904,15.450985,65.10501,25.715904,-0.4627587,13.532695,7.8624215,12.5433655,-11.268861,14.407815,-0.9205977,8.803378,6.132745,6.6247597,-7.9084625,16.358183,14.460493,7.242503,12.18798,3.4698217,4.3004513,5.391398,10.752722,5.456753,1.9841639,4.7745676,-5.980799,3.61152,-2.249413,4.7174277,-5.9562426,4.650677,-4.787425,4.8316903,-4.9839444,6.9597516,-214.28853,47.138016,108.63062,12.411572,9.450407,5.9728913,30.706715,4.4380383,2.5419679,16.109478,25.128153,6.4470487,10.084303,7.8899236,10.085792,6.1671085,12.198818,4.818884,14.508987,6.965479,11.008646,10.676126,9.576249,5.650339,0.5889773,4.0289636,-1.0147098,4.043813,1.5892981,4.6915126,0.3601415,7.2336025,-1.4691279,2.5819943,1.8081454,6.190062,-4.8298163,8.2083235,2.6763785,2.9420915,0.045092205668604654,0.020940930197993635,0.13545185,0.09408739,April
-65.032906,85.92611,122.32549,16.506895,-15.257513,22.126184,16.467665,7.7525396,-24.535961,17.183596,18.833218,4.70601,-7.6621246,9.623729,15.375299,10.839974,-10.834391,9.435942,20.289612,6.528649,25.687885,9.532728,-4.4691386,8.597689,-2.567142,3.3123157,4.37003,3.437664,-6.8902974,3.9636512,-3.9556584,4.572534,-1.8218513,2.925578,-10.467228,5.8189025,0.99990785,4.602886,1.5503268,3.380701,-73.182144,55.25676,119.6847,22.240253,-10.078344,18.384045,58.671715,25.14974,-6.4610853,11.328547,-0.2404477,9.292725,-17.808697,8.113883,-1.2827874,8.450988,-14.271954,7.820308,-3.44036,14.2194,31.212948,7.833363,5.742407,2.4821062,4.054122,5.7146096,12.732393,4.123647,-3.8946626,3.9787958,0.8299115,4.027016,-14.311423,3.2286582,-7.955294,2.4692175,-6.5395603,4.32052,-5.6362157,4.4650807,-211.79037,56.68974,98.210785,23.414793,19.87799,10.001658,30.661945,5.388375,6.6119375,13.197312,18.319134,4.093436,8.648072,6.3765564,15.599381,7.805717,2.8513913,6.835464,13.229945,6.642316,16.22732,14.599057,12.84305,3.2500236,-2.008576,7.6709833,7.603207,1.5050789,-3.0049765,5.943185,0.2777093,3.121843,-5.0730505,2.7200449,-4.7756968,3.9929526,-7.283453,3.1361725,2.2324262,2.7216156,0.059695512820512824,0.018759387005476746,0.19789967,0.1204495,April
-100.529495,107.51617,117.52466,23.69992,-18.637407,25.247597,24.791288,8.73033,-14.746932,21.035194,19.33472,4.4878044,-5.272995,13.703913,14.965902,7.3240857,1.7465062,7.2080827,15.762048,4.0864444,25.441223,13.730421,2.798658,6.11868,-8.426636,8.25793,4.5121975,2.6694114,-0.6922904,3.5014668,-3.7127047,5.554111,-6.422334,3.3273664,-1.654449,5.158026,0.08614614,3.0296476,-0.9198149,4.0737963,-99.99224,70.29046,119.720116,25.340605,-1.4102601,25.101309,58.917477,31.86927,-1.5781646,14.085468,-3.984548,9.460958,-16.187037,9.695802,5.0505733,7.2126827,-14.523007,10.236982,-2.515398,14.425523,28.07846,6.8847294,8.890116,4.488203,5.5173674,9.655624,10.8178215,3.988409,-3.796042,4.3937335,3.7890756,3.984653,-11.790546,4.155447,-7.7008333,2.702387,-7.1440296,2.7370033,-3.3471985,6.0846734,-148.25424,83.25871,111.803856,24.333176,0.46619543,15.689533,38.6753,11.958518,-7.4019847,14.466563,15.088061,7.2500243,-0.96124125,14.102719,9.435273,12.09653,2.1858513,10.19229,13.33546,9.407548,27.104712,11.63744,14.104882,3.9524887,-3.3815362,7.5512853,7.1528683,3.297232,-2.4397333,2.9378529,-1.0453523,2.1067755,-9.504647,6.3079324,-7.390164,3.9550645,-8.082421,3.0419939,1.571359,4.07777,0.05816291360294118,0.020960917620804438,0.19100678,0.11840819,April
-59.541077,51.7883,132.36456,10.050474,-18.23725,19.581299,19.97902,9.996971,-27.167883,8.951979,15.575872,5.4942,-11.7056265,6.028612,7.450452,6.2794313,-6.011751,4.8469434,13.649679,2.7299335,34.563526,5.3899074,-5.95212,7.9661713,-8.1785755,2.9472182,8.388498,3.5659351,-8.92845,3.7943463,-1.4344823,2.6892552,-7.904196,2.4993691,-11.107687,3.895978,1.2879317,5.0574064,4.247716,2.2710676,-81.40266,70.91932,117.77463,20.398724,-12.853356,22.26241,59.412918,26.082466,2.340282,14.791694,-7.597296,10.48719,-19.580122,10.775476,-0.2844077,6.862356,-10.089085,7.8613586,-3.4442565,12.25482,24.184471,8.034012,13.236722,4.093429,6.009131,6.339495,9.542683,4.8931823,-2.530214,2.3549914,3.6509063,3.6827064,-14.565339,3.736751,-7.4456053,3.0875428,-7.8362427,2.3934655,-3.9911025,4.2631216,-212.11311,65.80671,93.88802,22.340666,17.74407,9.910706,28.216724,5.284308,3.2761116,11.064623,17.93089,5.4050956,8.187344,8.17937,22.09893,7.8713374,6.791605,6.2933097,19.136312,8.953181,20.950945,10.44683,15.81488,3.4135544,1.3021296,4.5951066,5.777276,2.8896139,0.29544613,5.561817,5.0438643,4.715562,-3.1443496,4.8963304,-4.902526,7.035464,-0.69787437,8.124881,7.523878,5.139691,0.05658482142857143,0.022813843518783277,0.19720843,0.1264635,April
-41.850613,34.672073,119.7545,6.619137,-29.225336,8.741592,18.74532,3.295769,-29.937124,5.487329,21.601345,8.7343,-12.025095,9.579034,13.8602705,5.974416,-3.41661,4.885265,15.511607,3.7694566,28.230762,5.04597,-5.89771,3.346693,-7.47995,2.8489594,8.171216,3.6838777,-7.037867,3.4526868,-1.6520058,2.9313092,-5.4035845,2.733689,-11.784091,3.494211,2.2637227,2.9026,3.182469,2.6958385,-115.573364,65.56737,113.39046,23.696909,4.9165387,22.470118,60.531696,33.107258,2.3152556,12.044489,-2.191036,11.376529,-14.036142,8.087018,2.222202,7.027072,-12.656623,9.845617,-6.4998627,17.74645,27.316599,6.942123,8.459712,2.094678,1.4419868,6.25496,12.954616,2.9607973,-4.178277,4.4817276,2.46393,3.3331141,-11.609863,4.479089,-7.2756515,3.7689307,-7.5995817,2.0445943,-0.77286303,6.75927,-157.57103,91.31958,117.90166,19.469084,12.018384,21.573534,38.01024,15.536309,-5.8240695,21.134705,15.386017,6.346798,1.1235172,13.839064,3.371704,9.149835,-5.9009647,4.1589518,5.2369018,5.6505013,24.138704,19.779316,11.179926,3.223167,-4.5355806,8.882314,7.633896,4.455847,-5.8411784,4.450949,1.1978375,4.8450522,-10.128442,8.008431,-6.203609,5.1754355,-9.855891,4.509847,2.2762105,5.2778916,0.0653351814516129,0.015961701962053328,0.18670462,0.0941499,April
-121.77661,109.756714,119.013824,25.714106,1.0275558,30.333654,20.24507,15.144444,-13.147,27.855715,23.775482,2.462323,-2.4707673,11.398745,16.232513,5.2868285,-3.6132424,9.32699,14.517575,6.036933,17.212147,15.138359,-2.3694308,5.300161,-6.689153,5.8545885,4.201529,3.2955563,-4.0456443,5.118324,-0.36199751,5.1023216,-6.877585,4.3264523,-1.8594722,5.64046,0.37868217,4.713427,-0.5085588,3.47836,-92.07333,56.850563,128.714,19.601791,-1.0268432,21.829758,52.609837,26.237833,-0.39091492,13.833427,-3.6748388,10.9740095,-17.378199,10.098095,6.271164,7.104188,-17.58925,9.139786,0.4415656,12.21006,24.362877,4.58063,6.9420056,5.1734023,4.449448,8.5971775,8.559549,3.3882377,-4.685631,5.055625,-0.58690375,3.5192955,-12.608378,3.435185,-9.77978,2.7427375,-5.1560388,2.7711828,-6.7987943,6.538541,-161.68878,80.018814,121.475136,21.77988,15.077374,20.567026,32.00245,11.271381,-1.2692643,17.557678,15.972324,5.732247,0.33283147,13.000374,12.4043665,8.013531,-6.3447914,6.4453745,5.5800095,3.9209006,19.483843,21.73411,9.269945,6.8711257,-3.7832663,4.8061037,6.2311234,2.556888,-6.8431816,4.8082113,-2.0579088,3.010344,-9.868588,6.0402102,-6.643129,4.1564417,-10.170438,2.901505,-4.4293895,3.9728305,0.05125596788194445,0.01308045336492432,0.18591133,0.11370465,April
-57.054523,71.6641,129.3265,8.713959,-15.373024,23.934807,21.111311,6.31394,-23.24588,14.547754,22.173859,5.2652235,-13.498006,7.6464205,19.281292,9.126762,-10.2111635,5.9399843,15.761884,5.1637735,23.69087,6.8675995,-6.362718,7.733947,-9.318325,4.082906,3.090688,3.029564,-5.257028,2.83568,-6.699078,1.7078457,-7.484385,3.0977418,-8.462697,2.77271,-1.1396695,5.663208,-0.79530835,3.9553108,-62.96648,40.180862,121.736015,24.181824,-12.075835,15.031957,69.8061,28.018688,-3.8697853,17.535036,-1.7178116,14.531832,-20.04275,8.943318,-0.23672457,5.40079,-10.689148,6.173949,-6.1255836,11.69709,29.112055,8.041627,10.923515,3.8990543,0.69566137,8.653391,10.790768,3.2702074,-5.338434,4.000367,-0.29284105,4.608059,-13.3302,3.589608,-10.692368,2.7686622,-10.413612,2.876943,-2.6210716,3.4078224,-209.82085,34.519672,116.251656,7.0224237,39.50052,13.472663,42.894466,7.996024,12.430114,9.854015,16.670683,6.728213,1.285175,2.5154305,10.404975,2.25585,-0.9463971,1.8318409,7.960565,3.0610752,3.1745758,13.067783,4.286143,2.798376,-4.8457026,3.6230175,2.0759642,3.480488,-6.6602707,3.010245,3.2585487,2.616333,-2.8022864,2.509351,-3.0842419,3.8760264,-6.8652854,2.689542,2.6627004,2.3159816,0.05588107638888889,0.021427717758119705,0.1940488,0.1077961,April
-186.69524,82.48961,110.60867,14.459477,35.56683,35.87988,41.5363,14.185257,11.043344,24.390793,21.260319,12.359963,4.414622,8.233289,5.2372036,6.6456723,-1.4594115,3.351293,1.8637537,3.5408995,4.6499763,18.47046,-3.2758105,5.741037,-4.1864285,4.2936,1.0028242,4.2725325,-6.9823785,4.7276125,2.279341,3.924464,-7.258922,6.474136,-6.3703504,4.7988753,-4.631511,2.5478961,1.9023254,2.7894776,-74.06103,59.446693,123.96825,15.833449,-10.590918,25.297058,50.75977,29.950336,-10.294911,20.724,12.583831,13.519497,-5.6112537,8.038243,1.1707292,5.8230243,-7.358347,7.7718215,-0.85212076,17.260756,32.9342,9.266965,1.6515559,9.399778,-3.7338223,5.916831,10.626566,11.829152,-9.153963,3.1836007,-1.3857809,3.2361934,-8.730265,4.3075314,-13.716226,2.1996138,-8.097431,7.0460806,2.6525981,4.859394,-159.83,99.25454,112.468,19.564146,19.596497,29.575043,58.64056,24.022665,1.721836,20.903025,16.437647,11.434278,1.7463727,16.129,9.858261,12.121403,-1.8109511,7.34338,-0.03890025,15.720247,20.080744,20.544798,12.76621,10.181987,-3.1902168,4.010668,5.06736,7.149863,-9.22783,3.4290407,-2.2417984,5.3459935,-8.719574,5.97884,-8.137595,7.428795,-9.264529,4.865269,-0.34478942,3.6666892,0.04800638338414634,0.02511670830460178,0.1746346,0.099070005,April
-68.87432,66.53588,131.9452,12.946875,-16.481749,21.900429,31.908066,6.6712127,-22.272133,15.071579,21.167418,6.6470213,-5.1029973,6.8465242,13.726616,8.204359,-5.027149,5.519285,15.624268,4.261516,28.897346,7.6515346,-4.352831,9.421775,-7.694183,5.102341,3.7900925,5.296432,-9.787414,3.110526,-1.3721021,3.53965,-5.4405637,3.613156,-15.5599985,5.2352123,-4.8338985,5.477668,6.2365756,3.1236298,-63.4476,30.638514,119.27012,19.417366,-11.602177,12.699469,68.77335,27.905874,-7.1772485,13.364662,3.079901,15.220467,-14.28234,10.297932,0.44124356,5.4610195,-6.8364778,7.89981,-11.115285,13.888887,31.433203,8.893077,10.859981,2.9342456,-0.16455682,7.4266562,12.738069,4.345107,-7.28405,4.2796106,-0.9425246,2.6236606,-13.507642,3.99202,-15.454883,2.9580996,-12.396283,3.7773635,0.8839027,2.6025703,-213.87779,40.0425,109.65395,9.208502,35.13328,9.728667,39.93955,5.6226697,12.779399,11.321336,24.152977,4.623589,18.875292,8.780071,25.295433,10.956821,7.3322444,10.674079,9.160071,4.4870925,0.95199585,18.03236,4.530115,4.972726,-5.7230372,3.7749617,1.4651026,3.1152434,-6.3275075,3.7641299,0.32135013,4.0261054,-6.3217473,2.296376,-4.3661675,3.6150026,-11.932381,3.4822664,0.056712348,2.8769505,0.05459255642361111,0.023208579460029594,0.18354791,0.0806321,April
-139.07,101.50596,131.82228,11.248193,11.2143135,40.36204,47.606483,14.340692,0.5488225,24.490389,22.126842,2.810597,5.0784526,8.420323,11.668804,4.050451,-4.2311335,2.3969197,6.921341,7.2649927,8.739471,18.774086,-6.2067213,5.9904504,-14.125355,4.0720067,-0.09414042,4.033437,-6.5862308,3.4516842,-0.46260118,4.013498,-7.0419955,2.2693706,-8.290625,5.6681833,-2.334979,4.2835164,0.76099324,3.4434621,-96.15784,60.38395,130.35701,23.918007,5.6750536,24.005142,75.79304,35.6335,-1.9228472,15.30574,6.5483785,14.117069,-8.788273,8.537339,-0.7235997,4.4186177,-8.396633,6.182195,-3.6152651,14.325012,22.090088,10.811428,5.5679545,4.1681256,-6.2654257,6.041844,8.576611,5.3352885,-8.689248,4.3981476,0.4664666,6.5142426,-12.063865,5.1183777,-15.042303,3.9404893,-6.2767096,4.7628613,0.021938581,4.708053,-180.70592,62.460476,141.4454,9.461372,41.393784,21.651314,49.377754,7.0513186,3.4504972,17.634146,21.114271,3.8853147,-0.8004221,7.4282403,7.274627,7.273206,-8.054816,6.040201,4.2110534,6.838403,14.878071,17.47993,3.8775477,4.112944,-10.969045,3.751416,-0.7505264,5.3382697,-10.614114,4.786618,-0.3183274,3.7575953,-8.925497,5.3056645,-6.569829,2.9820168,-9.375617,3.1683621,-1.8149171,1.2165068,0.04803936298076923,0.027352828955561917,0.18752824,0.0627183,April
-124.98923,100.421616,129.94008,15.00941,2.5958207,40.948868,36.913322,9.022192,-1.0485505,17.898617,19.826174,4.914972,9.582899,8.327488,15.731014,7.400491,2.6976607,4.722423,13.288398,5.948307,12.665856,18.41107,-6.3782535,3.5457866,-11.331608,1.5171897,3.3120348,6.102022,-8.886832,4.8293653,1.5118934,3.688742,-5.4247913,2.7414613,-8.357297,3.4287748,-2.4356697,6.2934318,2.2612925,2.0488205,-97.48957,58.646156,130.30135,18.9424,2.011134,27.549812,66.44156,29.010622,5.757319,9.768282,-1.8256303,11.817793,-5.7741437,5.8383303,1.8635035,5.8546166,-7.4964104,6.178438,-2.536493,14.056544,23.401129,8.18938,7.3630505,6.6476254,-6.012117,5.1475787,8.326997,5.305817,-8.265421,7.2497234,-2.0554514,3.460731,-11.572759,4.778026,-11.351403,2.9749477,-5.78521,4.7078094,0.46672425,4.3896675,-133.81432,79.13439,131.01738,10.985826,19.623266,28.573824,46.542614,13.092566,-2.792942,14.402927,18.777203,9.680844,0.045212064,16.109667,10.095482,7.6660337,-4.3661294,4.796253,2.3790472,4.584028,15.074084,23.884117,4.4438033,6.8243732,-3.991839,5.7816424,3.5815356,3.4185529,-2.363184,5.856829,2.265782,7.742822,-9.925333,8.424635,-5.068094,3.283358,-15.164742,3.6832068,-3.5378118,3.4562728,0.04950914884868421,0.023253549375496795,0.20023723,0.094224185,April
-127.41823,108.50542,121.17299,17.640038,-2.2069204,28.175287,34.418705,6.5680137,-6.550353,20.365644,27.630836,5.452729,-1.6967962,20.643028,9.510972,9.194658,17.500938,5.2925415,18.04523,4.6379375,6.6374354,3.5947738,10.747223,2.8676155,2.3301878,3.8400037,4.182521,3.1532986,2.3843935,2.5522227,-10.421574,8.212463,-1.4924697,3.677073,-2.1314409,3.851819,1.2858484,1.9551994,1.3650854,3.4720855,-95.17602,70.97477,120.63958,16.551064,-7.054286,17.687733,63.514645,24.53381,0.10122593,14.851378,9.750984,11.67061,-12.436189,9.63252,-0.65906215,6.603621,5.728179,4.88758,-5.5454683,18.225334,13.467507,5.507987,17.875572,5.069289,8.466543,5.67959,9.61278,3.6547332,8.303556,4.758625,-8.9525,4.659205,-6.953865,1.7629374,-2.7839077,5.4915724,-7.1611094,6.2789407,-1.5162776,5.1430583,-188.87225,78.52221,114.61069,22.137104,17.09522,15.032291,37.40648,7.9604053,2.67015,13.08314,24.423637,7.4355226,5.769316,13.80951,9.786872,13.194211,15.965505,7.1516347,12.408588,9.470739,15.135569,7.607726,12.741007,6.1983705,5.633421,2.8303738,3.2011604,3.9299815,-1.8778199,5.204799,-1.1119062,6.684552,-4.9700923,3.9766483,-2.4353607,5.470094,-5.459318,6.5343566,1.6049609,3.7182412,0.038979134908536585,0.024679366050283487,0.18845886,0.10127661,April
-63.025208,51.094208,137.34045,9.498238,-31.580685,14.039344,29.961666,10.646741,-27.53774,9.445736,22.907919,2.818585,-12.087385,8.507073,10.138156,3.9826357,6.5241327,6.23361,7.6357565,2.5820816,31.061666,5.92915,-3.0768385,4.108236,-11.773505,2.3712783,5.786634,2.479972,0.22659047,3.3615665,-9.177538,2.5788314,0.38193128,4.1578913,-7.8051353,3.502303,-5.6535196,2.0828319,5.9673367,2.7838845,-121.32867,67.74395,135.20831,14.82166,-2.9505339,23.252676,53.84497,24.008718,-2.1698701,16.503647,1.9891766,9.182294,-15.214393,8.368295,-2.622297,10.187232,-5.2196064,7.5877433,-4.4818225,12.3460245,26.376184,6.157813,10.922712,4.823012,-1.8507835,3.2306726,10.857798,5.038078,-2.6215663,3.1343703,-4.37192,5.210712,-4.167463,4.342826,-12.7555685,3.6228857,-11.309257,4.920444,3.6411617,4.060131,-82.033005,70.79966,122.922485,20.660194,-14.5961075,16.180159,59.9125,30.105078,-25.380878,7.384226,12.226904,12.04392,-11.085611,9.516497,0.5374209,4.557537,-6.825331,3.3214965,-10.407385,11.671647,39.33724,4.0638475,12.930323,5.0129867,-4.0132227,7.841636,8.165431,3.2526324,-1.5613829,2.6589398,-3.3410506,2.527307,-1.8264621,6.6212296,-12.954213,4.097649,-13.803329,2.727348,1.8891548,2.4554033,0.05739048549107143,0.015176315700987264,0.23073457,0.09783234,April
-148.44775,128.73418,112.39945,15.094715,-0.39428425,32.04143,32.44646,15.663956,-6.8106236,23.302366,29.08294,9.545192,-2.2685459,19.695211,12.716294,9.664676,17.71857,8.108555,17.176508,1.4108968,6.6154237,3.0858297,8.703596,3.2457342,-3.3272798,2.9874742,0.17685707,4.619093,1.0309705,2.6215918,-9.351148,10.567314,4.0141444,3.7133942,-1.7087053,6.3039284,1.1493196,1.3799481,-0.82046056,3.6409729,-126.08991,77.60872,115.76315,21.692518,2.2817087,17.529497,58.42831,30.137173,0.59906274,15.310464,11.4585905,13.483185,-8.068047,11.346382,2.0192502,9.951019,4.577372,6.0568404,-5.143823,21.95068,10.747424,8.103867,12.087613,3.2258103,3.023059,4.531363,5.869444,7.0382104,2.339436,2.8551204,-8.143562,6.874558,-2.3623981,4.625966,-4.1584554,5.1672616,-6.3278956,3.8078332,-4.2158237,6.728408,-151.9433,67.491486,116.492874,13.735774,7.6930976,7.465723,43.051655,20.007158,-1.8490099,7.903292,24.71974,15.375301,-6.7597666,18.688543,7.3840995,7.8616776,8.8208685,3.5358036,4.1073794,14.802653,21.424042,7.0539002,11.030831,2.8725712,2.4593463,4.299857,4.9456058,5.9195814,-0.96009964,3.485617,-4.7767725,5.251326,-6.764139,2.7382624,-8.814528,3.2165108,-6.845296,5.324894,-2.0251114,5.6185527,0.04299514358108108,0.022716518405793546,0.164574,0.0958489,April
-169.88783,98.04922,117.3149,17.108784,3.1149228,24.063164,31.575111,9.302085,-2.7370384,20.79679,26.102074,7.5651083,1.2894583,18.847898,10.098481,9.360216,15.978206,3.4571552,16.868242,3.8819525,5.3689017,2.9158425,7.998255,4.622546,-1.2003399,3.4954212,1.7507097,4.3815165,4.6198153,3.8102665,-7.143267,11.122766,-1.5700064,3.8074248,-2.9002488,6.5877347,0.74429154,1.7784693,2.7245238,2.305698,-97.8209,69.51047,110.37272,21.442719,-4.0858135,22.84841,63.69775,29.572252,-2.8926048,12.281455,14.065028,18.398968,-15.286965,11.336293,-4.775207,8.874564,6.4821887,6.029492,-5.2271266,21.88009,8.484639,4.3056793,13.426452,3.923705,7.1857123,6.292113,8.431825,5.113737,5.041519,4.603315,-8.595834,4.950995,-5.7798367,4.573509,-3.5136576,6.8765283,-9.297231,4.4220743,-1.7771443,5.462513,-167.59299,91.20726,115.5527,14.896247,7.6189246,14.808336,42.063503,18.996525,-2.1106045,14.639562,24.772074,12.918384,0.9889453,15.020113,-0.16681801,11.219433,11.206845,7.8941593,7.351728,11.322562,15.730926,10.870681,16.726032,3.7995458,4.123188,4.1221457,4.896955,3.476942,3.1097589,5.647689,-2.05789,5.286535,-4.4152274,6.1064715,-3.3394742,6.849796,-9.216391,5.545907,0.72463983,8.371601,0.04331568667763158,0.024075809506893787,0.15619023,0.094221294,April
-146.30382,112.65082,124.3844,19.97101,0.30264145,29.395548,29.449402,11.165983,-8.813388,20.693165,24.459991,9.301305,-3.9730694,16.224293,12.8291645,7.816803,17.379581,6.1648545,16.179056,4.342677,8.513272,4.6102467,11.642744,4.5540986,-1.1593821,3.9133625,1.0076766,3.6690104,3.8749652,4.90115,-9.081368,10.649071,0.48677677,4.05052,-0.53310096,7.8808722,2.492901,2.5403264,2.8529058,2.525046,-102.144585,65.535576,127.083725,18.809933,-8.122728,16.410288,64.827286,27.200178,3.9412465,12.775906,8.180158,9.102114,-16.769087,12.017418,0.94184214,7.5322456,8.241794,6.331945,-6.61427,14.925716,14.486529,4.2794337,21.042648,3.3897684,7.369601,6.56516,10.023544,5.5526824,7.056927,4.605637,-6.7451444,5.329547,-5.203981,3.7316163,-3.8160584,4.245541,-6.7448077,3.8105607,-4.002814,4.1069865,-198.97241,51.400303,116.27787,13.619659,12.073967,12.5721855,32.25916,9.268287,2.6179526,9.29232,26.211105,7.672975,1.54838,11.949061,12.228157,7.0518293,8.25326,4.0951834,14.701358,6.20858,16.4964,9.322877,16.758617,4.7813478,7.0317297,4.572973,1.1523484,4.8427224,2.601561,3.9452877,-2.5525892,4.4653535,-3.0094419,5.4856243,-0.5626973,2.883807,-8.535982,6.8737154,1.6548718,3.6971865,0.03757440476190476,0.020351362222966834,0.1638728,0.099875495,April
-75.12953,82.58386,140.32635,14.31029,-27.338045,24.990423,26.005255,8.720412,-20.069977,15.234865,24.373184,6.0458446,-0.75556326,10.805049,1.0808944,7.3181205,8.706809,8.372878,17.651766,5.3654246,11.964901,4.614876,16.539244,2.49925,-7.417719,3.8882952,1.222877,3.340841,4.508372,4.221566,-13.58117,7.835059,4.715185,3.5269873,-8.682935,4.8481812,-0.7420602,2.2870107,2.032195,2.7831035,-70.79661,55.86252,121.677734,21.174118,-14.928104,20.387806,65.61198,23.86025,2.422613,16.245874,0.5223425,10.194882,-19.140272,10.386978,-6.046601,8.552756,8.624373,9.217432,-8.589587,17.225788,11.716412,6.81078,23.6315,7.6194334,4.835125,6.233884,9.018924,4.3315215,5.6043305,3.2798254,-7.4470315,5.5685225,-8.025336,3.0159543,-3.400479,2.9893322,-11.601967,5.6418376,-5.131252,5.103352,-180.36852,59.021698,107.66653,18.267967,6.0073323,7.2704735,36.77963,4.877863,-3.315113,15.1280985,25.508318,7.467333,11.741571,11.318723,12.7016735,12.705422,13.7055025,5.3590417,11.495822,6.9689703,15.380111,10.106327,13.699531,6.5841417,-1.1686491,5.300862,2.2659822,2.8543987,-1.7036991,4.145754,0.44105726,7.206702,-4.3381314,2.4346995,-5.092012,5.514544,-3.881388,8.124664,3.0203097,4.3039136,0.049072265625,0.017444751549310602,0.20102362,0.114610866,April
-118.35595,71.77831,109.659615,22.118607,4.568637,17.866983,55.562904,26.655079,10.51418,9.113798,4.107038,17.695816,5.8854403,11.22846,15.433848,7.2063985,2.8009965,5.760614,-1.4132578,13.048876,6.764472,13.323133,2.8640225,6.02023,7.253639,7.317044,6.036754,4.2540627,-8.636789,5.597605,9.3666935,5.100861,5.285005,3.4645953,-10.08783,12.743631,2.0250003,4.7353992,1.2844092,4.9274898,-73.134445,49.372555,120.57213,34.587006,-4.976303,26.243795,56.626472,16.549116,8.255864,14.736586,-5.608953,15.385893,-4.7892623,13.045719,9.548549,11.645045,-4.1247373,9.962178,1.0973265,5.491656,20.521608,9.044375,-3.2908077,7.8746443,3.5294223,11.281498,12.693883,4.729891,-9.152171,6.4432006,-3.7348895,7.3205914,4.6077704,7.4829845,-9.644385,6.846177,-8.503998,6.8314342,-1.2756917,6.111922,-157.40756,58.569733,122.985596,12.79198,-8.672045,6.859874,39.09908,12.739457,9.263545,10.074201,9.215795,15.4797,10.302566,13.219719,16.760977,7.9863324,6.066323,5.631867,10.903078,3.502335,6.3871994,9.465213,0.54422563,7.887874,5.522355,4.1156745,4.5047145,7.530854,-6.9591327,4.891909,1.9429454,5.2937083,1.2772037,2.9651637,1.7096373,3.3607435,-1.7030326,4.1020575,0.38271013,3.1147773,0.06502278645833333,0.05742958115173013,0.18481836,0.09630959,Desember
-104.609375,65.21318,106.89387,32.659794,4.007636,25.031473,60.188847,29.333883,4.5749655,12.319473,-0.67855656,21.001883,-2.9318743,13.869504,12.817088,7.8644505,1.9018868,4.5373993,1.6138389,6.443838,9.381241,8.64634,6.1954503,2.730833,9.16576,4.361216,3.001007,3.5780299,-10.097719,5.301531,11.703999,7.353047,-0.8098549,6.290732,-8.546996,9.34166,1.9868602,3.909577,-3.8514235,6.3611846,-99.09603,40.96906,112.823555,35.77706,5.4793468,25.682274,56.18665,17.886755,9.563995,10.680055,1.4463398,12.518509,-1.1234139,14.15425,10.719769,10.552284,-4.909696,7.6266837,0.5295371,6.0343614,13.614544,5.8379188,0.38494828,7.5510736,3.3184373,6.81754,8.565406,4.9536786,-11.424485,5.553352,-1.6676577,7.4173083,4.744721,6.768147,-6.456962,4.7967105,-6.545352,8.551486,-2.9524019,4.794924,-137.70871,66.93742,116.391975,18.704462,-14.116834,9.077163,41.38764,17.403711,3.8873885,10.143257,5.3118396,19.44183,8.61044,15.800623,14.648265,11.737263,1.8198985,8.913994,12.481926,6.707054,8.730294,10.3164835,-2.5659854,7.7831287,6.6874356,6.49994,5.6680193,7.9452224,-6.799811,4.967896,3.173857,4.369868,0.669021,4.786704,0.6666813,5.4143386,-0.6431612,5.5509152,-1.6493846,6.142431,0.06343994140625,0.03973562304193949,0.18820089,0.09611387,Desember
-93.109184,61.93764,91.24507,41.627766,4.3360887,26.73793,53.915043,36.30011,4.2246366,11.3539715,-2.9646196,18.682417,0.8665211,11.976349,15.756555,10.487863,-2.9511604,6.7823315,-1.2955203,6.152456,8.110653,5.1913815,3.5661354,4.344351,11.063561,8.277302,3.3091295,7.1338906,-11.639556,7.9162474,8.11169,4.9539614,-0.23280396,4.93555,-12.142062,9.367135,1.049646,3.1992152,-2.1777298,2.7688293,-87.228386,42.04709,119.82671,22.110582,-4.7680407,23.537283,58.655544,15.382711,9.103377,9.084834,-5.850461,12.019972,-1.2600116,15.366318,9.736976,6.184894,-5.185036,8.570453,1.8529382,3.0921283,14.143874,3.6653574,-4.42628,1.9734546,-0.72787803,12.894827,9.777665,2.7104712,-12.7980795,6.6345005,-4.597449,3.9599986,5.1995854,5.513862,-9.988845,6.183321,-10.188872,4.6352096,0.8125578,5.428663,-95.782875,80.826866,122.81014,14.342101,-22.604954,14.82055,47.321617,15.145908,-2.6446643,16.692507,-4.161191,16.408937,-0.5611037,14.404317,8.914539,11.775336,0.7822198,5.112752,13.011483,6.9458833,12.871973,10.8389435,-7.633585,8.91862,6.5331326,4.2332225,8.846476,8.664172,-11.772044,5.2254696,-2.8771923,6.8790975,0.4429134,5.7792354,-3.2363956,6.029667,-3.7554662,2.1906064,-4.7891707,3.9667346,0.08871372767857143,0.08354073050324842,0.21571854,0.09986478,Desember
-126.09643,64.839676,95.30952,31.864475,1.761928,22.85275,51.888977,30.989231,3.0902035,10.03363,0.44831404,18.47842,4.8947754,11.129459,13.6511965,8.388623,1.8650087,4.244603,3.1809847,8.0218935,11.072915,9.7664795,3.9545946,4.3096857,9.643348,6.671915,3.4803877,3.5384107,-11.093572,8.389538,9.068147,5.383128,1.2227669,4.6944346,-7.096599,8.618456,2.4860058,2.8987575,-0.5542119,3.6004422,-104.96102,37.601814,119.243256,28.800007,-4.128818,20.981522,56.48959,16.96103,7.3274264,12.776226,-5.0545506,11.402013,-3.2700431,16.666075,9.161088,8.825844,-5.518635,10.055601,1.4935123,3.4062915,17.487825,5.4812136,0.30004787,6.0933743,0.15996926,10.80489,10.633445,3.691247,-11.808875,9.173152,-3.1948776,5.3145876,3.0165472,4.388532,-9.151458,3.8372173,-7.645531,5.5951757,-0.37510195,6.3081126,-117.251495,79.79115,128.05963,14.85171,-16.903494,11.909085,41.78131,18.36365,-2.2760692,11.420384,0.045768958,14.821228,2.085618,17.803286,11.692622,12.925019,5.098409,7.1352096,12.449375,3.013434,10.764169,10.994109,-2.6927605,7.5294623,6.3107295,5.3456173,6.7430034,7.5113115,-8.59461,6.9087,-0.9559794,7.1909223,-0.010340287,4.59812,-1.910574,4.8352056,-2.8096812,3.5564015,0.9856656,5.252105,0.07032569679054054,0.054722423403077876,0.17228524,0.092444,Desember
-102.87381,64.97408,87.14326,35.829742,5.345137,25.391638,51.288822,32.43197,8.198393,10.396922,0.015589801,18.817127,2.2388854,11.584681,17.760712,10.364131,0.97471374,4.909205,2.408096,9.189433,11.114232,6.281797,4.303694,5.1604958,11.878509,7.316516,3.791551,3.9674864,-9.679111,5.1132493,8.90855,4.632075,1.1079136,4.589162,-8.819358,10.390306,2.8475628,4.007197,0.8298326,4.8276787,-93.58132,41.847824,117.88542,22.276941,-8.659995,25.209032,63.619347,17.08328,10.5710745,8.135916,-7.120392,12.232991,1.9122297,14.869132,13.301636,7.568799,-5.237045,9.244467,2.2771895,4.208606,17.789064,4.941685,1.44243,5.0755405,-1.2784458,10.356729,8.457464,5.502711,-10.152294,8.09249,-1.7175598,6.1204467,6.068616,4.2652297,-9.674428,6.517039,-8.363214,3.5386858,1.4088935,6.012129,-101.0962,73.34249,130.8528,14.068448,-16.834425,11.835966,48.30019,16.211185,-1.4297405,12.191268,-2.5598104,17.556952,-0.9311678,15.586138,7.6559167,11.19841,4.2796535,7.096298,12.969727,2.6099901,12.982135,11.219546,-5.063201,7.568057,7.0800743,5.6357827,10.297507,8.985121,-11.419465,5.866754,-4.4834323,5.1450725,-0.51393884,3.262284,-2.8357735,4.768163,-3.0083408,3.514435,-2.908242,5.2248363,0.07358685661764706,0.05325104559443152,0.19888894,0.087849624,Desember
-128.01447,68.701965,102.356445,30.576204,-0.5146373,21.14673,53.221252,28.6325,9.02814,9.379403,6.4440637,19.513258,5.8200736,14.148813,19.004745,4.639029,4.26413,5.091648,3.3215983,7.49895,11.424882,8.915929,3.322962,2.3289871,6.9777102,6.132556,8.684857,7.105798,-9.372943,5.7675495,8.805579,4.4101996,2.6906433,2.7337554,-6.477394,9.572446,0.08585576,4.5424843,2.3197746,2.2963862,-108.473885,27.315384,113.39739,41.964645,7.505193,22.606241,52.415558,16.515224,14.192277,8.752698,5.8235354,10.8891115,8.080761,13.108057,18.946753,8.536862,3.4845915,10.109756,4.4418855,5.012927,13.293782,4.845346,2.6469338,2.2416267,-0.22706532,8.250556,8.778562,4.3898835,-10.281106,6.1231327,-0.7010005,7.824559,8.216313,6.069631,-5.239168,4.541529,-5.3990703,7.3446245,3.244902,4.7051563,-86.15298,71.23856,130.5205,12.683569,-19.001398,14.9407,51.648132,14.891472,-4.653312,12.629495,-6.557873,16.008448,-4.368973,15.146325,10.696795,10.603336,5.1966877,6.251669,9.528741,2.711475,15.361076,10.525527,-3.9895432,5.4035687,10.091633,4.2678413,10.1036005,8.9164295,-14.157813,5.2340674,-2.394875,4.7290583,0.56726915,3.0892982,-3.2338064,4.400849,-3.791023,2.3236918,-4.9413633,4.631014,0.058878580729166664,0.030089637347686635,0.19810885,0.08578004,Desember
-112.81941,67.496574,98.84184,25.975746,0.48552474,26.221434,59.03666,33.89092,5.4292474,13.263857,-1.8698776,17.716354,0.913641,13.082228,17.205103,4.460617,3.7629986,5.9779334,2.2268617,7.3681803,10.813447,7.4176354,4.628667,4.1590433,12.297478,5.5665674,6.453021,2.8637984,-10.151717,6.774613,7.939884,5.040348,1.6460056,3.179118,-9.590819,8.5506315,-0.692056,4.0786614,0.5206917,5.0543847,-89.93813,32.373524,105.69629,37.050713,-0.7450322,33.411503,54.53242,24.718348,10.81089,13.1750965,-2.5287728,14.341204,2.5972102,16.515852,16.282352,5.5846186,1.1414697,9.587426,2.0146906,5.3802724,16.951403,3.649208,0.842251,4.7079463,-1.1740448,10.258608,9.691989,3.9277098,-11.733392,6.2989607,-2.2362473,7.2260613,7.4529495,2.6745265,-9.823898,4.943195,-6.2158637,5.7162642,3.2909966,4.5268054,-55.585533,41.625046,137.45303,4.288579,-24.283699,13.072055,60.54408,8.181913,-12.33404,14.944804,-12.598013,8.772834,-4.3691964,10.084856,1.5834986,4.7396417,-4.4525237,8.144185,13.525299,6.720475,22.583384,6.7909884,-9.234088,3.922758,8.060713,8.113628,17.890936,2.7137926,-8.560722,4.868492,-2.9683096,2.6895926,-2.5536876,6.597604,-5.1336308,1.7770627,0.28666425,4.5479035,-3.6963463,4.4555993,0.07014973958333333,0.030236224748495938,0.20938264,0.07388918,Desember
-118.306946,56.320656,98.38722,34.942463,9.682423,20.867779,48.946663,26.346424,9.023947,8.829089,5.793401,12.357886,-1.5732113,15.069888,15.130775,8.99815,0.9478353,5.324382,-2.4194067,7.459454,9.060384,7.2402945,5.432616,5.1724224,8.909214,5.201237,7.603278,2.88748,-9.167883,7.838522,7.341338,3.742619,2.699784,2.2179348,-7.7442703,7.88615,-1.2350781,8.326214,2.121072,5.9737663,-106.68071,21.5449,107.22998,35.98631,2.2886348,26.356947,52.70238,22.667969,13.00986,9.841799,2.2724586,7.1918683,4.0570908,12.238995,15.817703,7.7325306,0.23286685,8.711705,3.6775308,5.158725,14.127958,4.493587,1.5565737,3.5715709,0.3594734,10.878545,8.81416,4.419271,-10.531151,8.965552,-2.2878556,5.8455305,8.025881,3.157481,-7.99249,2.1479754,-6.658763,7.094759,3.6344376,5.9043174,-89.17254,61.154922,134.27838,13.081588,-15.158676,15.287371,52.06815,9.747797,-1.5113381,16.571404,-5.242586,13.653195,-4.464762,13.782329,6.37796,8.253982,-0.5589141,7.6905317,8.923005,6.633965,17.991844,11.119502,-4.204544,8.738759,6.162499,5.5716724,11.903211,6.5489388,-9.015946,5.027548,-2.1776052,3.7549434,-2.8342907,5.6212783,-2.8183534,3.1976538,-3.1510875,3.988942,-4.6261163,4.8634224,0.0660858154296875,0.051908541225037436,0.1924581,0.07793885,Desember
-95.83903,66.2803,99.976776,24.59343,2.4444687,20.499361,56.14989,32.14194,1.5838077,10.178093,0.9345276,16.852352,2.4532914,13.780889,18.62075,5.4809647,2.2227125,6.885832,-0.882877,8.97019,12.2696295,7.9085026,3.4609795,6.685105,8.345202,6.159687,4.7027745,2.2258172,-11.910121,6.6862907,10.603829,6.0442805,2.5117412,5.222946,-5.6073456,10.785913,0.14544347,4.7375326,-1.8412186,2.0396318,-87.399445,24.718758,100.48859,40.777496,7.065461,27.96475,48.38568,23.124609,10.929876,11.811761,2.493915,13.899747,5.8361244,14.915492,20.879498,6.265425,1.7184051,6.5307193,2.4855187,6.2116537,13.86175,7.171422,0.5007006,4.4082212,0.98451567,12.248843,4.8069487,2.8079963,-14.054983,5.9367695,1.2022064,7.531559,6.105201,2.7939012,-8.307142,6.367436,-4.2088075,6.23041,1.9259952,4.4266376,-69.39662,55.763252,136.601,8.82155,-20.219059,16.224487,49.22467,9.500002,-0.032481592,13.312167,-9.246778,13.948098,-6.789847,16.43134,8.090703,8.532694,-0.9877026,8.610878,9.21351,8.77531,20.17763,6.652251,-3.2956178,4.723017,1.4417577,8.12699,13.310017,5.6989164,-9.083819,4.2859592,-6.437287,3.3198524,-1.6722301,6.4856186,-2.1611242,1.4634087,-2.8322303,2.3005283,-4.334873,5.5623207,0.068206787109375,0.05100456981135259,0.23170832,0.08992236,Desember
-92.84127,57.669422,95.22358,36.64614,13.482178,22.599049,49.671597,27.94296,5.8785105,7.666721,9.077259,11.488912,-4.9639864,13.173906,19.630133,8.119204,3.8314233,5.245459,-0.7596819,10.620287,12.105572,6.9476676,2.8063562,4.756233,13.324603,7.480813,5.0205655,4.3827353,-10.038132,5.8736215,10.44003,5.602985,0.9707309,4.860217,-9.736296,7.0327077,-2.1953912,5.187085,-2.7491426,2.3185346,-91.335526,22.189287,114.05438,32.086594,-4.367199,20.836813,57.433098,15.1454,16.896845,9.222862,8.563914,12.785001,2.7509449,15.177991,15.028035,8.272012,-2.3958504,8.088364,1.188296,3.6509902,17.381987,4.6910048,-2.0132217,3.5093005,-6.3450828,11.981987,8.217565,4.231979,-11.811815,7.953854,-5.6217103,5.7562423,7.211624,4.5006065,-6.2745376,2.7323332,-10.333325,6.3655567,0.86283463,5.6321497,-77.47388,59.074238,136.58798,15.1944275,-18.065275,11.855247,51.763016,13.164624,2.4748344,12.972202,-4.198375,15.718219,-4.005697,14.550141,12.262375,10.579617,5.2848086,8.744608,12.379584,5.7941,16.80153,7.6752825,-1.6979293,4.3771553,2.799482,5.1861105,13.082273,9.232474,-10.1422415,4.050023,-4.8895307,4.2344465,1.507398,2.792415,-4.3176556,2.2102857,-4.033729,3.411933,-3.7879016,6.3823934,0.0685272216796875,0.045498769193124275,0.23472452,0.08354146,Desember
-72.85613,55.037243,91.31186,44.34357,4.885485,33.159176,56.016685,33.89547,2.0635035,13.03035,-11.651196,17.132748,-7.3088317,11.208882,13.406788,11.416391,-0.60244113,4.9537306,2.8266456,3.4986327,9.412768,5.753826,1.3498081,5.3319807,8.243118,6.77174,7.6262913,3.8943179,-14.706494,7.5113397,5.6317058,3.5923107,3.1625345,3.1634293,-15.411625,4.7812095,-4.9959574,7.217989,-3.005989,2.7535193,-96.07746,39.83791,138.8966,9.618249,-11.085728,11.363067,56.23372,4.177783,3.5270445,11.224204,-2.6663294,9.121937,0.26600724,14.39029,5.2882056,7.1373816,-7.619847,10.198785,7.205081,5.2764277,15.822568,2.9188979,-2.5175753,1.6957406,-2.0177774,6.0514655,10.3122015,3.2496092,-11.925744,7.2008743,-4.0752735,2.4538496,0.044702705,7.8145714,-6.7671328,4.448484,-9.756372,2.357305,-0.9759716,4.0100036,-109.93817,69.40526,124.00376,17.130007,-15.986858,16.997044,45.800934,13.356956,-6.230482,14.451433,0.19387181,14.68633,3.054679,10.355438,11.059327,8.193491,0.020847082,8.166073,14.303478,6.2001014,11.938298,10.667302,-1.3403641,6.819657,7.754742,4.765462,10.312918,7.9421043,-8.223992,3.08217,2.1492667,4.1693807,-0.080765046,4.887828,-0.8821227,2.9269953,-3.5329123,3.664276,-1.1895326,3.6334107,0.08230411305147059,0.07725971946743537,0.21171668,0.09056042,Desember
-109.582146,67.54342,102.68256,34.147373,9.854414,25.121134,47.83666,27.878342,7.497553,9.319136,0.8401932,16.58625,-2.3637831,12.464806,15.044368,6.506805,-1.0750433,8.015699,3.0871913,10.344471,7.5527835,7.755501,1.2965478,3.7742283,8.567702,5.8457227,2.516128,4.973099,-11.248184,4.4477844,9.330997,5.2011514,2.9441528,5.5518975,-8.33769,11.406327,-1.1644894,3.14597,-0.8034497,2.7981462,-84.28253,43.91568,119.29956,38.502274,6.562351,21.993784,46.496304,17.603949,4.0103736,12.372354,3.7220314,13.568428,1.3538479,15.6537285,10.615675,8.727718,-5.763021,8.0373,4.0148396,4.300744,17.852282,7.1045756,-1.9095415,4.9491568,-0.45844737,10.158894,10.271543,5.010257,-10.574841,6.3650174,-0.121483326,4.488048,3.2433841,6.562998,-11.380169,6.2373753,-3.930667,5.276062,1.0977153,7.778628,-122.59291,74.20169,124.19132,17.20221,-8.309432,11.521392,36.26772,10.477404,2.6205647,10.854449,4.8949656,12.528468,3.5783231,10.781837,12.788009,8.1156435,4.977303,6.153248,12.907628,4.995905,8.491539,11.065269,-2.1780453,7.872348,3.7817578,3.1540458,3.861484,8.414785,-5.8999877,5.6997967,3.1976056,6.7185106,-1.5664179,4.4677987,-3.4924927,8.293822,-0.16725352,3.4937773,-0.93268996,3.5447664,0.08114463404605263,0.08479460658300599,0.19983535,0.11371076,Desember
-112.52795,57.346745,90.787025,38.014015,7.5968456,25.371054,47.085636,31.19798,4.148567,9.785343,-5.8312054,16.935244,4.289642,9.317708,15.990094,7.2427278,0.66844964,7.808118,2.7820358,8.869468,8.381557,5.806918,2.4574187,2.232152,9.157631,7.619905,1.5664816,3.891584,-14.817424,5.43351,8.8579855,3.2949548,-0.809483,2.917912,-9.96654,8.288556,-2.1890755,3.5527554,-2.9880278,2.8466647,-93.57307,43.774803,127.04019,7.3343635,-15.250893,11.983448,60.40663,8.006933,3.4533546,10.057875,-2.8893957,12.260397,-2.567491,13.163248,3.2526958,7.536114,-1.7991573,9.930448,1.4519621,3.7884295,16.628378,8.620394,-2.3946292,7.8288608,-4.948404,8.01787,7.9856644,8.182793,-10.335317,6.357159,-6.625721,3.712711,2.2164593,6.3419967,-6.1328998,2.8495512,-10.642161,4.7478557,-2.9431865,4.884663,-135.11554,76.97341,118.86037,14.504715,-17.155083,13.867127,38.32763,12.097573,0.7783977,14.101517,2.562716,16.814917,3.8261232,13.4186125,15.495462,7.5110774,3.6273363,5.184268,8.70564,2.3559084,7.3652563,8.146758,-0.4828946,6.011882,5.272691,3.7823596,7.1191487,9.578669,-9.803849,7.963021,-1.0474031,7.265299,1.8674208,2.1799114,-0.52839696,6.3989472,-0.14146881,3.3637743,-1.680361,4.0475335,0.07419235641891891,0.052285231125334806,0.16816658,0.09396909,Desember
-103.93937,56.212124,90.49935,43.134064,13.106969,23.145336,47.27764,29.424654,5.5624647,7.3410773,-3.6764624,21.967922,-2.7855182,13.420996,13.6733265,8.99116,0.5344546,7.0225425,1.0670552,6.406923,12.192951,7.2677703,-0.13190174,4.576357,8.983107,4.4898305,4.89916,4.6678376,-12.536317,5.707126,6.672796,2.9878516,1.593102,2.7354124,-9.984516,7.934148,-2.7905989,7.4360585,-2.5989923,2.7709916,-83.99662,30.948866,123.586075,22.976608,-4.5033197,23.33931,57.58893,14.386627,6.379474,12.725776,-2.4792519,13.851288,-3.0348957,15.974607,13.441961,4.482292,-2.817675,8.808556,1.3932291,3.1888978,17.92677,4.1810775,-3.620622,3.535353,-6.8848467,11.544016,10.824194,3.05803,-13.866032,7.112599,-7.4918823,5.488883,5.473912,3.9094539,-7.9089203,4.6856666,-9.110745,4.697877,-1.4847394,3.2388816,-73.686935,66.9912,133.384,11.813651,-20.532455,12.796765,51.49287,12.160718,-7.9816365,15.698448,-9.473269,11.551964,-6.1032577,15.808869,6.345864,9.913705,1.0602244,6.163522,7.9316835,3.4533498,16.603592,11.083898,-6.8361754,3.5684319,3.5414627,5.184457,15.377475,5.674962,-12.361569,5.4323506,-6.8690095,4.172744,0.17204927,2.9980054,-4.872215,3.4241705,-5.234535,1.7566811,-5.300888,4.451696,0.08075161637931035,0.06336720906830444,0.22297679,0.087928884,Desember
-84.98951,56.127117,96.45092,32.50225,0.5179723,30.14657,62.85347,32.659485,3.8452368,11.566025,-8.878596,18.066359,-6.8524055,8.563347,10.354693,8.4467325,-0.76188576,7.5303345,0.10700575,8.314741,10.868228,5.3875585,-0.07166849,3.399572,9.389216,6.346383,5.6405816,1.5856059,-15.486171,6.5584,6.407657,4.0651116,0.109085985,3.117112,-12.408592,8.163666,-4.778905,6.8626013,0.65855926,2.7278638,-102.5301,19.585575,109.31452,34.945007,7.9063854,23.3345,50.140976,22.232006,7.956884,10.84348,7.450346,12.022998,3.2840035,12.419391,15.169124,7.7401175,-0.94291645,7.7166524,3.1509683,2.8578694,16.89974,2.086771,0.03885948,3.2638402,0.07120323,9.702665,11.879859,2.2456377,-11.511057,6.399984,-3.7243779,7.3967896,6.5376706,5.0959983,-6.7795243,3.6907475,-8.660458,6.0390124,2.5921836,2.7043707,-67.65711,47.044495,132.32518,11.460935,-20.971052,14.490214,60.879005,8.500533,-4.615721,14.243992,-15.369274,8.784728,-4.195164,10.814867,4.2159696,8.233928,2.288621,7.859283,9.553065,5.433608,18.922358,10.054923,-3.6861384,3.1790285,1.8777393,8.540194,17.820684,5.258595,-8.218654,6.3178515,-5.2008023,4.595976,3.617131,5.2452264,-5.949943,2.1029613,-5.783737,2.3919702,-3.8511581,3.4559803,0.08075161637931035,0.05973919311872359,0.22529091,0.0770333,Desember
-124.20737,49.04035,101.20491,33.05409,13.431312,21.603598,52.49382,28.31534,3.8844995,12.794504,-1.8184804,15.457315,-1.3720216,13.488418,12.539019,6.79988,-1.1667705,5.621632,-0.3993095,5.778597,6.602635,8.906762,1.0447752,2.960298,8.869378,8.531918,7.176613,6.437385,-13.443204,5.6880565,8.689088,5.491563,0.52539474,2.8905787,-10.228099,5.3245134,-3.1342099,5.061526,-0.88731134,4.448838,-101.3256,31.650051,114.04293,32.6946,-3.3156867,28.337593,56.97016,21.552357,9.574705,11.830404,-2.9515538,12.906138,2.2164319,13.95451,14.680912,5.0814605,-0.78842735,10.97118,6.2352176,7.5695777,17.637339,3.3249965,-2.0714931,2.5900686,-1.7586877,9.895358,12.805576,5.3015156,-12.178928,5.536487,-6.465563,7.7466993,10.8192835,2.0462608,-6.3881707,3.1965866,-8.988766,6.2364216,0.93443596,6.00176,-74.987946,52.26476,139.56064,4.708303,-22.697083,14.855022,54.811954,13.561956,-17.49398,14.447382,-16.171394,6.202791,-8.431822,8.102943,6.630972,6.420841,-1.7165856,7.2018046,11.582053,6.3925333,20.343462,8.584117,-6.756277,4.44614,4.1200824,5.0104027,15.287534,3.3064458,-9.137865,2.5109937,-4.0639286,5.1962967,-0.8079607,5.317459,-4.49397,2.0928285,-3.9084039,2.7097623,-4.2536473,3.1042845,0.06901602909482758,0.04145867366380334,0.19532582,0.071041085,Desember
-97.13306,42.80603,94.67057,43.025665,8.99239,25.539425,57.409073,32.517574,2.3656282,10.692098,-6.672003,13.853585,-5.5829034,10.25418,16.35745,9.59869,-2.8022814,4.801496,-1.3313211,6.5927925,11.165308,7.8056264,3.5992415,3.8124347,12.293841,8.214773,3.643656,2.6427815,-14.198407,3.76041,8.502898,4.3550057,3.0942783,2.470369,-12.519597,3.5423112,-4.812093,2.9526358,-1.4869944,3.819427,-114.558624,21.688284,120.31817,32.737183,8.715202,21.27695,54.89089,18.85861,11.436759,13.454079,3.9358892,12.093162,1.4038215,15.790329,15.63249,6.851082,0.15565723,11.2934,0.18603906,5.7391257,12.920681,1.9439057,2.0562327,3.6916745,0.45157507,9.803017,6.0655856,1.5969615,-15.007231,4.789505,-2.8996174,5.257766,7.9637256,5.016639,-7.9341564,6.5542254,-7.8352103,3.9043782,-0.41912964,4.298701,-83.34862,59.38003,136.00551,11.406871,-18.68969,14.462844,59.465958,13.546265,-4.536877,15.624743,-9.067018,13.475552,-3.9819648,12.53396,3.828726,10.392408,-0.296306,8.819873,12.649352,5.0435467,17.931313,8.969008,-2.9201555,3.7288768,7.3035808,5.583034,17.759737,5.2764373,-9.344059,4.7019186,-3.8412364,4.2039604,-1.4146613,3.889658,-3.1006105,1.8597399,-7.0156755,3.158323,-4.1753817,4.728584,0.08167766702586207,0.0680443809377789,0.21169963,0.083433636,Desember
-116.003716,49.857273,98.00688,44.068516,16.499138,20.968412,50.885983,22.696135,4.929219,4.8075438,4.5121546,17.14343,-1.1799067,12.929811,17.420732,11.182931,-0.65261245,8.257446,0.87799764,4.270561,11.6582575,10.934889,-0.30636895,2.8689992,9.699878,6.6032763,6.1201487,6.8630843,-12.896518,3.7085462,5.8143606,2.4345014,-1.0603245,3.971183,-10.300851,6.6419497,-2.8248265,4.6811256,1.0271707,2.4491825,-102.693275,22.622238,118.12751,33.772457,3.158154,21.91561,56.87364,16.663559,10.219613,13.017889,6.3713026,9.531323,-0.28935814,14.158965,15.713738,6.840846,0.7262399,12.202863,4.387484,6.902042,18.860325,3.6606445,1.2643225,5.102017,-1.492935,10.0339985,13.166306,2.8975766,-10.881123,5.781186,-6.5800266,6.030837,8.412304,4.149993,-5.201516,4.228597,-8.428092,6.0879574,1.988942,3.9515054,-80.52478,64.92191,142.31615,13.69982,-20.190676,13.8340435,48.0496,8.951628,-5.03098,16.547138,-8.2022085,12.730843,-8.558048,12.400791,1.893744,8.892347,2.9452698,7.8578887,11.501339,6.080714,19.07895,12.370336,-3.718628,4.3368306,2.7572057,4.5116167,14.078262,8.00879,-6.6716156,6.2013764,-3.765093,5.5971828,1.6949271,4.460256,-3.8766594,2.8268661,-5.8357244,2.0641634,-3.418207,2.5297146,0.06443628771551724,0.03585036270109221,0.21456468,0.08926366,Desember
-125.13927,58.9408,101.69675,32.04231,8.447565,21.488827,59.792377,32.347336,2.1345854,8.61351,-1.0343702,15.153173,-2.3019953,12.056908,17.634571,8.32257,-1.6754194,4.5691376,-1.0069852,7.6885786,10.07683,5.7266455,-0.99252033,1.5702432,8.364066,8.05703,6.4906554,4.7363644,-6.552641,3.9180205,10.945294,5.3725924,2.5273302,5.5295043,-6.4530997,5.971692,-2.8517132,5.9561696,-3.0992374,3.1813853,-123.59347,17.011719,107.56418,43.738544,11.380249,26.582441,50.168415,22.968761,15.270061,10.949212,3.535511,7.8357453,0.011043125,10.487026,17.946674,8.596223,-0.9706015,6.1209216,2.1648407,6.300949,18.105894,3.7657626,4.1507454,3.0347257,1.8674902,11.994708,10.900501,4.606015,-6.9222364,5.850501,-3.3013823,6.1388793,3.7468758,5.5831256,-6.590387,4.1765842,-8.202133,7.5654826,1.9856805,6.139067,-64.5626,42.57347,144.5079,6.3117085,-35.169975,18.343723,60.06651,9.719304,-9.14576,15.48611,-15.015989,9.491666,-7.91558,7.935244,3.4733346,6.678217,2.6819594,9.903233,9.261414,6.678378,23.17855,5.579133,-1.8882744,3.143522,0.27082783,7.397579,16.651167,2.5397635,-5.7416115,5.1457396,-9.2002945,4.6469555,-4.67412,3.3503053,-1.3074522,2.209678,-4.5957885,3.7565806,-5.3684154,4.5643134,0.07659040178571429,0.04946376070370563,0.20397995,0.08378055,Desember
-170.30716,48.5847,115.33958,15.439741,5.805092,5.250305,47.936398,17.318682,12.937447,8.790063,17.714684,14.262893,8.338137,18.414555,20.511026,5.827366,9.168543,8.309763,6.5484304,8.165056,5.963702,8.453925,2.0147562,4.863324,3.9948876,8.034151,3.3258567,5.7736745,-8.448481,3.3202133,3.78596,5.758736,3.3148255,2.8520322,0.10132761,7.187796,1.5020974,5.7668447,2.083655,4.677409,-93.73635,13.11183,93.694984,45.538273,20.769543,29.248575,42.46075,20.331766,13.034727,8.120827,-1.0024217,9.319366,-8.071311,11.48499,21.520458,7.456024,1.5233047,3.1020231,4.672057,4.7357607,16.222685,3.392904,1.6497167,3.3638833,10.534989,8.689942,7.3470726,2.101115,-10.061704,4.4674177,2.1590714,6.6625495,5.5019712,2.4134648,-8.636908,4.422541,-4.270234,7.2960615,-1.2093939,2.5746856,-78.31332,47.877525,134.98302,13.178926,-24.62555,18.026192,63.06665,3.2492511,3.725523,14.143197,-10.757986,13.074604,-6.525838,11.992455,6.9502096,4.7562203,-0.9358249,8.9702425,4.652879,7.377592,17.711555,3.7662928,-1.2850498,2.973152,-2.9408743,9.8359585,14.965729,5.624734,-4.598034,5.1237693,-9.153482,4.043948,0.2880477,7.5473557,-3.6777222,2.0406375,-9.948812,3.9378731,-5.1829247,6.5864396,0.061962890625,0.03962813736201174,0.19422416,0.0730213,Desember
-122.42242,43.920673,99.15811,43.570408,19.997917,17.946003,44.00864,22.037611,9.021523,9.293919,2.1149805,9.200978,-3.6480255,15.745781,16.246479,8.074484,-3.6251667,4.933418,0.56300014,7.402207,10.621857,6.6107183,2.5202284,3.6187387,10.302466,7.075997,5.843522,5.2489185,-13.115071,2.5888486,7.2367687,4.2880325,-0.2425011,2.7759118,-10.0556755,6.7775345,-0.09652424,3.8882132,-0.17211308,4.9254894,-104.58046,24.450914,107.256805,27.926382,-0.4215732,21.238333,60.413033,21.157248,12.716372,10.958083,1.4593215,7.432439,2.1038716,9.1638155,16.473131,3.2912776,-4.7790074,4.8045316,-1.5233815,3.9784298,13.627841,4.084225,0.9801088,4.109827,-3.6621382,12.532027,5.476815,4.465589,-10.392552,7.8203416,-1.0590632,8.078074,6.759718,5.3415465,-8.26065,4.437243,-9.057841,8.03259,-0.5802209,5.584229,-70.29024,51.013073,140.14003,7.8692555,-26.861208,15.855623,57.50978,13.168404,-6.061745,10.378448,-13.880264,12.53405,-7.031357,11.151895,3.0061796,5.3307714,1.0271398,6.7337403,7.927852,5.7159295,16.918695,4.6503816,2.0972035,3.559263,4.497363,5.44094,18.003345,6.0876694,-4.823806,4.7388816,-8.35796,5.824306,0.4789689,5.1606474,-2.0039263,2.3895853,-6.3915925,2.5510445,-5.058347,5.4384985,0.07066608297413793,0.04891003645241352,0.21452437,0.091807686,Desember
-122.72988,57.133976,108.5469,34.68753,8.125193,20.563942,48.999462,20.003988,6.8664293,7.024946,0.88346624,14.192065,-4.1533113,15.224247,16.012922,8.292865,1.9258068,5.0186634,1.5079807,4.8053737,6.8508835,5.41711,4.1523457,3.1078112,8.781136,7.5442314,4.0277243,6.1158166,-12.831108,6.321623,5.9970794,2.609944,2.5707874,2.2579043,-7.239638,7.988204,-1.7877579,6.5325203,-0.06375188,3.0909948,-96.25163,25.994081,108.40962,44.2134,2.6760309,26.272997,51.258873,17.200712,10.979189,7.039991,0.54999197,10.320985,-1.4930738,13.827217,16.59473,9.407164,-2.304201,8.277659,3.654361,6.684239,14.380655,2.2102911,0.36263624,3.0945456,-0.8777111,12.854788,7.1578627,1.908105,-11.89102,6.175855,-3.5375412,8.859201,4.4520364,2.11208,-7.1407332,6.644836,-9.006674,6.5883794,-0.88448685,2.589176,-82.80793,61.981514,137.58504,12.306267,-22.953957,15.614757,47.150898,12.332989,-7.071099,12.890069,-9.501942,11.793871,-6.8622894,13.13134,3.092325,8.079096,1.7561226,8.896912,8.068542,4.464076,14.164889,8.123418,-4.5334506,4.6617985,0.6133562,3.4376361,15.2417755,7.0010543,-6.215584,5.353259,-6.0915866,6.1978407,0.12482023,3.87485,-2.874668,2.8191733,-6.596756,2.996554,-4.485051,4.664388,0.0775604248046875,0.06536840835938926,0.20298636,0.09019105,Desember
-129.95253,67.04925,116.02237,14.600454,-0.04194641,13.631532,58.284496,21.771208,10.171356,7.890386,-1.8848118,24.722553,2.3047254,14.656276,16.200468,5.2505884,-0.49558866,8.684081,-2.1050436,7.612258,6.381109,8.56032,-0.9412041,3.4326649,7.735497,9.821792,4.4460125,3.6927211,-7.64616,7.534969,8.766049,5.351105,1.3818425,3.2478316,-8.172872,12.802107,-0.17595989,5.152357,0.4874898,5.055507,-90.49674,34.937256,102.61907,47.147312,14.470933,30.850967,48.680115,22.653639,13.376506,8.622371,-0.60516095,11.260142,-1.3461447,12.126815,19.456575,5.4399776,-5.4712186,8.567868,-0.5208612,6.0906096,16.01327,7.698535,-0.46340045,4.653667,4.1180706,13.3820915,9.744002,2.6795943,-9.139464,4.1044087,2.0535214,5.8831615,6.4646964,3.7638805,-7.797356,6.7526894,-3.9937153,7.0796704,-2.3315916,3.4060802,-120.4661,67.06863,131.67465,19.81507,-17.143272,11.573609,43.74978,15.712839,7.7743096,7.6392684,0.39324433,16.524565,0.23903275,16.06926,11.614463,13.037464,1.1173154,7.6263523,9.989182,4.732143,10.077855,9.936534,-2.5674777,8.139355,5.2893147,4.3799663,10.0610075,10.178837,-6.885479,5.2019677,0.76334375,5.394438,-0.57139003,4.062576,-2.04485,5.651292,-3.4424725,4.8133984,-3.314443,5.3194966,0.07479697779605263,0.06830877099896226,0.1959638,0.103130184,Desember
-120.19839,53.59019,96.90068,41.96159,12.587065,22.072512,45.48265,23.11689,9.334205,5.0401955,2.725764,15.720572,-2.6259418,12.580753,14.081897,8.982132,0.9676145,4.4931946,4.3456144,3.784338,8.584398,6.692173,0.7153458,4.6420655,6.296264,7.8425756,5.4709144,8.073963,-11.316067,4.9190197,6.0771,5.75653,4.9255,2.6046536,-6.747719,5.9671474,-2.5585008,6.2651787,-2.8006628,2.462267,-112.41438,18.872234,118.81895,27.96845,-1.4401428,20.334377,54.461113,12.713742,8.317879,6.4678254,3.8843193,8.1014385,-0.20553493,11.83178,11.861567,7.0503764,-1.1166155,7.7364535,-1.1122544,3.5464962,14.230159,4.116163,1.4054323,2.3130624,-6.314849,10.84609,6.8601217,3.0329537,-9.007726,6.4599457,-5.5020013,7.5516224,6.669585,4.402316,-7.124246,2.8331861,-11.155184,4.0507517,-0.6025058,4.8345256,-70.38485,55.625298,137.97763,6.080468,-27.127636,14.458278,54.355682,9.306452,-7.8434486,11.957447,-16.188389,10.340516,-6.279651,12.109466,6.461268,5.2636094,5.698677,9.339591,11.910446,3.880856,20.93868,4.648557,-4.008645,2.7852583,3.1975043,4.493426,17.39011,4.874366,-6.6224885,3.439188,-6.65771,7.7201815,-0.16569176,4.8127904,-3.91601,2.8061845,-7.3886185,3.8286302,-5.705696,5.818404,0.08409830729166666,0.0739224790246834,0.19630122,0.08207619,Desember
-132.1693,56.28382,108.87297,31.137955,12.942744,18.121885,48.48761,20.361868,6.645181,5.2809234,6.5860662,15.776542,5.9788713,12.878144,14.284404,7.867736,-1.7466131,6.7811723,2.500682,6.0095468,6.01466,6.4484296,4.5926414,4.024336,9.736097,4.2931294,6.5525637,6.142629,-11.063954,8.655367,5.2120533,2.7666383,4.035887,2.4227664,-5.572025,6.9020777,-3.8020813,5.446168,-4.9186797,4.4351087,-91.62091,23.975506,107.18596,42.18307,7.038714,26.312656,55.335167,20.358177,14.498929,9.191861,4.752205,9.442727,1.778114,9.921436,12.218588,7.598197,-3.0079112,10.745499,0.30685845,6.379056,14.094994,2.3237867,2.3855152,2.8321083,-2.0880969,12.533192,7.775981,3.7788334,-12.446544,8.311378,-5.9779444,8.4769,5.293902,5.034693,-6.3458424,2.733958,-8.759195,10.190251,-1.8692386,4.7371264,-65.616554,41.28762,129.28569,11.79109,-28.884829,14.5257635,62.699963,8.616316,-6.4557095,9.370959,-4.602494,6.539963,-5.781544,6.0091023,2.251423,8.070201,8.279369,12.255884,7.957398,6.330501,22.831646,7.7367325,-3.4536157,2.2215977,-1.663066,4.592513,20.814032,4.1275983,-8.639056,3.827689,-12.23255,3.4624617,-0.03575817,4.365012,-5.399773,1.3561398,-4.757644,2.5426853,-5.3358555,1.302785,0.0693359375,0.04681392505549564,0.2179626,0.0834145,Desember
-134.48227,49.63187,89.71232,46.150967,20.381042,20.253742,47.77927,25.302767,8.8227825,9.273761,8.210236,12.032979,4.4536333,12.24171,16.769053,11.440699,2.0623338,5.2931433,4.016853,3.765977,10.053354,5.4267125,4.651139,3.6416934,10.985727,5.270965,6.2147465,5.8163223,-11.702973,7.0128727,5.6501017,1.9201304,3.9960546,2.0263443,-10.821216,7.512891,-6.3700085,6.741182,1.0200598,2.3309414,-120.23652,19.128572,124.289764,23.586338,1.8939173,20.58298,61.346966,14.749485,10.359345,9.922995,4.076235,6.8212676,4.3276386,11.138015,13.526786,6.1436386,-3.2629223,10.536727,-2.9863255,4.633669,15.025319,3.9556859,1.931519,2.4971821,-5.4053273,10.167462,7.0742,3.4093144,-11.978563,5.204555,-5.5803766,6.3311906,7.312474,4.9905314,-8.775729,4.5268726,-12.674412,4.6137195,-0.26781198,5.1669273,-74.2131,47.835987,134.07336,13.546024,-29.451593,11.077043,65.48509,9.631516,-10.609503,14.6539345,-10.020304,2.3951592,-7.2886086,6.010387,3.554091,2.6937969,2.9005806,8.908274,12.497416,5.9545174,22.3576,3.5201335,-3.612016,1.3745359,1.3311275,4.8372803,21.97504,4.547349,-10.662851,4.666919,-9.997047,4.7051907,-0.0027416826,3.8972595,-5.9301443,4.1710258,-9.544833,2.2239404,-6.8749323,2.4909842,0.07709612165178571,0.04815123373571479,0.18101685,0.06960569,Desember
-112.307014,48.96781,87.105675,42.4733,16.286787,26.503702,50.39816,30.084003,8.412931,8.445587,-1.8137223,15.308185,-0.17004132,10.123119,17.633745,6.8847876,-4.710398,3.11591,0.4219749,7.879442,12.329946,8.469702,-2.0631323,2.1437116,10.286733,7.517153,6.2672124,3.3750284,-12.724172,3.3819616,5.588388,5.9987674,2.2339368,4.2167974,-12.826305,8.448704,0.71852857,4.528371,-2.1720448,4.290174,-104.1359,50.075504,134.14488,11.875741,-11.919616,15.113921,56.717983,6.3636646,-0.81409264,18.75088,1.3408283,11.617913,1.7477393,16.758509,4.8074355,8.154584,-7.2588944,4.894162,4.653582,6.679564,18.114817,7.1093507,-6.315038,5.5753016,-2.1791782,8.885751,11.587517,3.8996584,-11.30135,3.151304,-7.43339,2.0561566,0.0017679135,8.582607,-4.676451,2.0907092,-5.051451,1.8605086,0.24754202,7.7509665,-158.29958,64.28644,121.237564,17.020304,-13.172323,13.315728,34.545742,11.516115,7.0721426,9.573648,9.25345,15.378563,11.340086,10.060491,19.607357,8.038044,8.052115,6.2335515,11.562388,6.2035003,6.5982428,11.847715,0.35864946,5.0303955,3.3668027,4.580315,3.525351,11.324572,-7.1871724,4.057995,-0.29074913,5.2486105,0.6231378,3.9168177,1.3742065,3.9323375,-1.646008,1.8912524,1.8190962,2.5531101,0.07725401182432433,0.07655321582613642,0.15790984,0.08697019,Desember
-75.11586,21.713234,90.82368,43.464104,16.6389,27.33169,44.747795,28.97755,1.5645863,8.6867,-8.916974,9.032585,-14.973041,10.863454,19.45902,7.537123,-0.6852318,6.0272117,-1.9687649,8.198902,14.253519,4.381581,-2.9631436,3.3769002,12.140245,3.6187868,9.593729,2.819723,-18.817982,4.221169,9.24897,4.0845594,3.2299256,3.9835813,-16.101158,4.3538823,-4.3863206,5.1471887,-2.5448346,3.2159083,-91.02629,48.268505,139.48953,11.38233,-13.925232,12.212906,59.189537,6.89376,2.0015016,16.374153,-1.1825712,9.054442,-3.0892556,14.597524,7.551233,9.6769495,-5.626429,8.702416,1.0427388,6.6639576,18.215963,7.037004,-5.1148934,7.289035,-3.1663194,6.05793,12.3318,3.0321743,-9.707478,4.023069,-6.7694283,3.4435534,2.1629539,9.073168,-4.968877,2.929715,-8.933846,4.9907193,-1.9648107,5.8399644,-132.13571,73.458405,125.20454,19.454044,-23.267908,16.53258,35.99972,11.663826,3.777705,15.44704,2.2132657,19.291903,4.737423,14.219219,15.593429,9.415006,4.5739,7.2654085,13.662792,2.515891,9.568976,10.680818,-3.5319843,7.6932864,4.627519,3.0995312,7.9647737,10.671695,-8.106036,3.7522054,-1.1730319,5.057584,1.3489337,3.165025,-1.5812014,1.841742,-3.019804,2.9335816,-0.66815203,3.4697104,0.0796966552734375,0.07364915159303555,0.19702296,0.09316638,Desember
-128.275,47.422466,93.98145,44.254387,21.049297,22.287548,45.568,25.236534,8.605631,7.532611,1.0376303,11.817706,-5.991884,10.689865,16.2534,7.442363,-4.155965,3.3137257,-0.22815338,5.7092705,7.5305166,8.026409,-3.7148101,3.6329277,9.918797,6.4222865,6.2085733,6.3565717,-15.514326,5.171663,9.837942,5.6814947,2.5676475,3.985384,-9.0099,4.2344627,-1.5912374,5.286686,-1.9248959,2.9549744,-112.58689,31.984228,131.11687,15.24333,-5.082504,19.516024,54.937958,9.802056,6.501355,11.869241,1.9062386,7.997994,-2.7594497,15.31575,8.007358,7.5284724,-6.4015436,10.719957,-4.567733,3.4509265,18.316608,5.2893147,-1.879946,3.264851,-0.15534282,10.309349,11.743574,2.477416,-12.156568,5.293171,-5.154155,7.359749,4.568555,5.4640546,-7.3537064,4.8869557,-10.550032,3.9382055,0.47463188,4.3642507,-96.92731,76.69243,137.43199,14.360023,-28.936815,19.39184,43.954273,8.2286215,-2.7185438,16.116009,-5.586572,16.022306,-4.056961,14.955826,7.1842403,11.60742,4.2430305,7.6042004,12.814059,2.4949892,15.012672,10.503123,-7.6965885,7.2392025,4.121614,2.6196368,11.599578,7.5722265,-10.754037,4.998135,-4.8821325,6.655743,-0.828468,3.669695,-1.7454323,3.0596118,-4.966861,1.6965106,-3.072389,2.9236848,0.0776519775390625,0.0703667838438791,0.17916092,0.08042911,Desember
-108.03883,45.55522,90.21784,38.511112,22.476526,24.156809,42.10069,26.656595,8.460612,12.04937,0.6077148,12.142927,-0.9442681,12.624895,13.874967,8.038214,-0.5681445,3.5578334,3.049488,6.2161784,6.270334,6.978846,0.854187,1.844111,12.001996,4.889551,4.47717,3.1020489,-11.386627,6.6921887,12.986157,4.374402,-0.19449632,1.4754817,-11.452827,6.394721,-0.89671004,3.3140373,-2.0871766,2.777866,-101.94645,29.525187,130.05675,10.358403,-7.066737,11.883638,62.69643,6.889097,10.716518,10.28275,-0.17924185,9.543192,-1.0636898,13.857744,11.558138,6.9424467,-5.2883015,9.103822,-0.8576506,4.124747,19.706009,3.1617541,-0.7201446,5.095121,-1.2024618,9.3164425,13.028684,5.426474,-11.890571,6.8577595,-4.58217,7.899342,5.359995,3.4080765,-8.6686945,5.445602,-8.315332,4.35708,1.3340915,5.2580357,-87.485725,66.16866,133.68645,12.304271,-28.53545,13.395119,48.981117,13.590146,-3.0601406,12.505069,-8.673429,12.832921,-1.9777409,16.210007,6.9199877,9.192419,-0.30941468,5.260463,13.611412,2.110825,15.378792,9.271987,-8.492063,5.282456,6.7704186,4.469152,15.357901,8.897778,-10.169508,2.677558,-2.3450904,5.008563,1.4434912,2.5133307,-3.4694335,3.428698,-5.882854,3.644157,-3.996502,3.5776365,0.07535807291666667,0.04820885512746323,0.19813856,0.08352895,Desember
-108.75725,45.309414,89.36267,41.022522,22.681246,22.989487,41.95875,21.100025,4.348893,10.037329,2.141833,11.722409,-6.216323,12.419246,14.91655,7.17612,-2.290404,4.455483,0.48102546,6.564315,7.575246,4.945761,-1.4577155,1.7969496,8.054875,6.371752,5.804123,3.3835034,-13.767291,4.781376,6.1869755,5.213054,0.6447359,3.667493,-11.170294,5.8516836,-2.817931,3.8766284,-1.7642368,7.001142,-91.808304,31.630846,134.72107,13.339635,-9.5009165,13.673123,60.06836,3.8294861,6.984365,11.824276,-1.2894769,11.098044,-2.023169,12.834368,9.773043,8.364646,-3.9715736,8.544345,-2.030292,6.2600627,20.144537,4.633945,-0.3453204,3.7049696,-2.9396515,9.188415,11.787349,6.3493104,-11.792761,8.09805,-3.04172,5.234195,7.454605,5.92232,-6.317047,5.873981,-8.911898,3.136677,1.6615479,5.735053,-104.21919,77.53252,134.2,14.243576,-27.003422,16.200642,45.72422,11.000456,-3.3005939,15.223976,-5.66076,15.441709,1.266792,12.924519,8.594122,10.799413,2.7569008,5.400254,14.548609,2.2431128,12.6315365,12.31477,-6.5317154,4.569527,5.353633,2.7512028,15.126287,11.559873,-8.229082,5.5298524,-2.9898016,8.157041,2.9880269,2.5250103,-3.9010956,1.3388535,-3.3144684,2.619074,0.20019093,4.2788596,0.08157552083333333,0.06263970761023702,0.1985643,0.08925907,Desember
-107.900375,42.47054,95.411736,40.930347,20.355202,19.339827,48.54514,25.952698,-0.082660094,13.083432,-2.153957,11.520009,-7.629742,9.81176,14.65771,9.878039,0.7470299,2.6392071,0.25815126,4.700683,7.9316907,6.472592,-1.086525,1.6568806,9.285142,5.642485,5.5534525,3.3643668,-15.362403,2.7162242,8.536043,4.1169543,2.6131096,4.382453,-13.748588,4.5796466,-1.9288468,7.3037915,-4.0269246,2.347729,-111.97674,27.72316,137.01668,11.231442,-10.652139,8.0686655,56.03096,3.812812,7.8257775,10.950529,1.5907276,11.885668,-0.6693524,14.509346,7.53439,7.243895,-7.129438,12.137018,-2.4890988,4.3868265,15.97228,7.216207,1.0847433,2.6603956,-3.8198302,7.1770763,11.939004,2.4419472,-11.699588,8.3478775,-8.386629,5.8394017,8.119984,5.31204,-4.3637276,4.2152805,-11.250853,2.7577147,1.1304756,5.338529,-82.882866,63.3368,139.0599,14.176324,-33.697563,14.195603,46.782124,10.506415,-8.060236,14.968066,-11.733904,12.268001,-7.3215027,14.156102,5.182604,12.874257,2.2243772,6.7876625,14.356633,1.3603098,14.445132,10.363857,-6.835434,2.9496431,4.302064,2.9703093,16.373943,7.1171546,-13.068159,3.9985845,-6.044407,3.7502575,-0.4776575,4.4914236,-2.9724193,3.350613,-5.6962137,2.3994124,-3.0699508,4.8918858,0.071044921875,0.047690161045996556,0.19711597,0.07258471,Desember
-122.35004,55.852505,105.38635,26.57092,3.3486066,18.88745,45.963154,22.054083,9.017008,5.5281596,1.0855458,15.826625,-2.0293298,14.940413,17.549078,4.9311457,-3.4138188,6.7532463,-0.20347205,6.352171,7.580355,8.179754,2.7446485,4.7075357,9.773191,2.7297003,4.3358946,2.772881,-13.463878,7.1618657,7.7401476,4.3127046,0.14506254,2.1365626,-3.6961753,8.484458,-1.0313807,8.469195,-0.4209195,3.5138097,-105.13562,18.453592,114.330795,37.65081,3.3169856,19.116678,49.40821,15.142896,16.761345,4.4358335,-0.9813379,11.846587,1.4001715,13.554321,15.441867,6.591414,-6.792852,5.777463,2.6317573,6.0700355,12.180473,3.0408244,0.0218719,2.182481,-0.61254513,9.352152,7.2609987,2.5607429,-8.420322,4.440365,-1.5170319,7.3497925,3.7637074,4.288846,-5.095997,4.339362,-9.144869,6.8624883,-2.9086704,4.5519867,-74.809944,50.24502,142.1908,12.101889,-27.13547,11.319135,46.7584,10.014945,0.7868727,9.220801,-11.492217,12.134394,-3.64029,11.016862,10.393856,9.209704,4.1391783,5.5709705,12.528738,4.093016,18.36715,7.974141,-3.405368,3.4840386,4.3783183,3.978287,15.979064,6.4002695,-6.35634,3.1053054,-4.6568403,5.3438315,1.5606018,2.5748782,-2.3042579,2.7366498,-6.41978,2.8715878,-2.471788,3.310199,0.05884576612903226,0.034495247075157165,0.2050676,0.08573558,Desember
-129.70752,67.47775,114.08771,23.235546,5.903298,19.200073,52.380085,22.391819,11.103549,6.8953204,-0.12661028,20.529951,4.984972,13.712383,15.733123,7.8851304,1.402957,10.269617,-3.202738,10.562802,8.8629465,10.3448925,5.0911674,4.3206,9.665176,7.36752,7.7792916,6.1705866,-6.180264,7.1659226,13.399816,6.1266723,3.5622864,4.4755497,-7.399774,12.349383,1.3575207,3.4878614,-0.146475,6.4005094,-100.345436,32.37093,110.61422,43.495693,14.021197,20.541103,50.859467,18.171926,11.747501,11.970256,1.6909833,10.466495,3.574029,10.721495,12.906216,9.036842,-2.5379279,7.4086785,1.3335983,4.556168,17.178873,8.195121,0.019140324,4.725921,3.8088036,7.7693458,8.328456,5.137254,-11.857909,6.8862824,3.425293,6.540338,2.8671625,2.954443,-9.624791,5.985369,-2.593458,6.6487517,1.3331199,5.0558352,-136.64043,68.7627,129.28915,22.575161,-11.394266,7.283972,40.571743,10.261591,5.388469,7.248264,4.176436,16.202606,4.112774,15.743086,13.098467,10.04344,4.7447743,7.0227733,12.0933895,2.119102,10.595824,10.937152,-0.19231701,11.123105,8.598554,4.301093,9.174263,7.9399886,-7.3155913,5.857183,1.9677775,4.862052,1.4886545,4.875122,-1.004569,6.992068,-0.27833626,7.1980004,2.6637828,6.6849375,0.055419921875,0.049145855379891544,0.19866402,0.096117675,Desember
-118.681755,49.791615,92.45487,40.089027,17.344366,24.206259,46.459095,21.583075,11.922608,4.366329,2.2351985,14.120996,-4.07574,13.037163,17.578327,8.400138,-1.4547863,7.890155,2.4065106,4.975574,8.097759,5.249622,0.266252,3.56778,10.596084,6.037386,5.7765718,6.5028706,-13.478771,2.1611454,6.301097,5.807682,4.7405567,3.2992249,-7.315101,4.370603,-3.2859278,4.9103155,-1.0878308,5.5404387,-96.72037,42.244453,140.44954,13.286794,-16.691069,12.83624,60.582287,5.8511133,2.5339794,12.291487,-0.812646,11.242701,0.5927861,12.746719,7.0131836,7.4690533,-1.7147813,11.388033,1.5173817,6.395619,20.585146,5.489705,1.9284188,3.3693526,-2.3072953,6.553679,14.774444,5.789219,-6.319606,6.1894546,-5.2671614,3.4603083,5.2148943,7.957173,-3.2700844,2.3666768,-7.817041,3.0916455,-0.36530635,5.96468,-149.62328,70.22314,126.670135,14.279744,-13.40773,19.131336,39.453747,10.682071,4.917921,12.171582,7.798964,13.702388,7.4014745,15.246225,15.300502,8.682536,6.9800515,7.333175,12.015244,2.2450826,10.947689,10.689736,0.8366575,6.3983865,6.2364464,3.6756966,10.78515,9.617556,-6.024696,3.0764103,0.60733193,5.9268703,3.6056721,2.451453,2.1776936,6.0428863,-1.6501707,4.8267026,1.5424223,2.5553155,0.06258616727941177,0.050231648108525116,0.17744218,0.0833694,Desember
-128.27077,54.18572,85.94679,40.370323,23.611994,22.145687,41.292145,23.278364,5.2346387,8.215899,13.443512,11.114156,-0.59584075,12.400461,16.152958,12.49942,3.5392835,6.1977663,3.8962882,3.738914,9.416587,7.5294204,3.567647,1.5332541,9.917823,7.259477,8.526288,6.9256463,-8.758366,4.0904655,9.755195,4.153679,2.8919172,3.5724564,-5.5436068,6.781847,0.9628675,4.47648,1.1405058,3.4219751,-102.25993,35.581585,138.2286,11.3761835,-11.758462,13.55095,58.40059,4.4592695,5.2381315,12.094955,2.2337217,11.961072,-1.7881684,14.278748,9.824804,7.1917305,-0.8046599,8.087385,2.956025,6.491205,20.319115,5.2487507,2.6591158,4.0886264,-2.2739954,7.6861463,13.325788,4.0954857,-6.0737233,10.124872,-4.685802,3.6572995,5.681835,6.196206,-0.8475782,3.8304286,-8.057433,2.8425987,0.4972138,5.9343767,-132.22588,69.07034,127.23319,15.875668,-17.229176,19.116533,42.549904,12.648819,5.0130568,15.027283,6.9944882,13.999861,4.7233195,12.543767,15.268544,10.620338,9.2992,3.8320704,14.08486,4.7560678,13.36937,9.442076,3.8727145,6.185128,7.2476606,2.4665103,13.2588215,8.620753,-3.9950156,5.886185,0.5099068,7.8861117,4.049664,3.0605433,2.0610015,3.7842655,0.40795374,5.5229526,2.7967265,4.4032164,0.05460379464285714,0.03520842747913136,0.18266052,0.07073118,Desember
-123.253,61.886986,97.90554,43.024647,12.48906,27.54478,47.215816,26.089542,9.564904,6.608788,-1.6945717,18.911146,-0.72976553,14.28412,15.648454,6.734062,0.17602573,6.941812,0.7792841,6.375938,8.829611,5.3564353,0.996302,3.1409743,11.979562,8.055206,7.9441,4.1272798,-11.121759,5.31121,8.527722,4.636556,2.5113633,3.216824,-8.218339,7.9281673,-4.770061,6.156178,-0.7822491,3.3842425,-110.1666,38.875,134.33983,17.340498,-6.5583315,19.730072,55.657223,9.478754,5.4924164,12.308135,-1.7200409,9.265495,-3.038894,14.253919,9.931685,10.6655245,-3.430097,11.685742,-1.7812772,5.484958,17.819803,5.148727,3.0714538,2.343466,-1.7166657,8.474113,11.465823,4.8989854,-7.843907,9.130716,-2.752291,3.7911315,5.341328,6.3956156,-6.483916,5.3684077,-8.470752,2.6998203,-1.7408432,5.413122,-106.98489,73.74196,129.00493,12.672694,-33.526108,19.454851,49.32737,13.129434,-4.419215,15.904117,-3.2098403,11.337481,-0.8332487,13.595468,8.688525,9.854478,8.741951,6.2389846,13.735261,3.9809148,16.51274,10.423635,-2.1385133,2.0229962,6.762735,2.9869988,20.265503,7.0093007,-7.4546056,5.1834326,-2.4122856,6.5283117,2.2449648,2.5994616,-3.902465,2.8096735,-4.377989,2.4233506,-1.1146913,3.957382,0.07154060132575757,0.055107206577120475,0.18273748,0.0796804,Desember
-117.45277,60.615284,85.85501,38.95287,17.726564,24.585257,42.844784,22.609543,5.4040174,10.726577,13.561196,9.602923,2.6861856,13.095366,19.347086,6.835317,6.97234,4.1660624,3.5332046,6.390128,11.24563,7.3243084,2.512618,4.5531697,10.035147,7.526263,5.681022,6.1271715,-8.842323,5.2528024,11.4599085,4.837892,4.944044,1.74386,-4.188351,10.273271,1.3065873,4.777213,1.1072124,2.4156733,-84.75146,35.397766,130.13942,17.712456,-4.7489886,19.416996,58.89811,10.299135,6.2948823,13.884766,1.6589106,9.755684,-3.3941238,16.219515,12.8677435,8.144047,2.1352592,12.28462,1.2487152,4.92587,20.269352,4.4952126,1.8733395,4.3399115,0.35749885,9.455575,12.256457,4.8084097,-11.848285,7.737885,-2.9223692,5.8459826,8.120974,5.242112,-3.4488986,6.402965,-6.022916,2.6465402,2.100229,5.4385166,-101.09231,70.45523,133.82484,15.758619,-23.539928,13.277359,44.457836,14.508834,-0.97818184,11.892163,-5.5912304,15.246969,0.081443354,12.828905,9.0999775,10.481986,6.467203,7.762815,14.734656,4.4649544,14.682699,9.466647,-2.3288367,4.3414545,3.5815985,2.2966697,16.31989,8.742583,-4.862599,5.6940355,-1.5469319,8.348091,2.2187123,2.455971,-0.4869227,4.8185687,-3.378719,5.4034767,-1.9462787,4.003164,0.06223366477272727,0.03597231316535783,0.20627137,0.08577647,Desember
-111.55256,50.542027,101.08622,44.03467,16.61849,25.825684,51.329033,28.680307,11.204147,6.9764714,1.091253,16.342642,-1.579941,11.438282,14.269573,6.952253,0.15942584,6.8424654,3.477651,4.482126,8.773308,8.599004,2.6008735,3.3038933,11.18523,9.919358,8.619581,6.4248886,-14.089274,6.7698817,8.42355,4.362564,6.7227416,3.5397782,-4.493438,4.8772545,-1.7756147,6.23243,-0.5636445,1.4613783,-100.48148,30.906124,120.21502,24.243843,-1.0407256,26.512093,56.181324,15.439755,10.526417,14.214341,0.5351495,7.230011,-2.913874,16.484472,12.077591,5.100117,-2.9208705,12.556316,-2.368188,3.8776174,15.173499,3.3079667,0.5115063,4.2657986,-0.23156299,11.591269,7.824501,3.1192677,-14.419722,8.517717,-0.8552552,8.131107,9.515457,2.6855712,-6.066786,4.7868595,-10.242416,5.715524,-1.4830111,4.9323006,-63.71831,41.505882,139.0106,8.409323,-30.77133,14.161204,58.265358,6.9042015,-7.474806,13.079404,-10.906302,6.2424974,-7.2990875,9.78666,1.099882,8.710055,2.2849977,9.42914,11.943008,4.8245363,20.815918,4.12825,-1.3172812,2.7707615,3.2450485,4.0611506,21.944239,4.2428427,-6.7447414,4.921255,-5.6291523,3.8502367,3.3743734,3.3784387,-2.810142,2.450025,-5.023317,4.6971264,-0.6491323,5.5133367,0.07916891163793104,0.05732388948088749,0.2231247,0.07350626,Desember
-97.68166,47.25528,95.95493,47.329746,17.444618,20.23637,50.936592,22.442,0.09571181,13.038924,3.49258,13.325139,-8.264317,11.97767,14.730534,10.151387,0.5804357,7.145557,0.8801612,2.9925382,12.587556,6.2625165,-1.549447,3.7851617,12.909017,6.8231115,7.3680325,5.2148385,-15.012054,8.4320965,7.7206726,4.106105,2.369915,4.222737,-10.4461355,4.0036664,-3.8366373,6.5189824,-1.3099873,4.9894876,-101.45299,28.405434,126.41528,23.274817,0.42656434,20.29073,55.12184,10.542643,9.827393,9.807663,3.8146183,9.874608,-2.1181798,18.890503,14.111427,4.373581,1.1256385,11.454993,0.12157069,4.4036117,13.191407,3.5852706,1.1607976,4.206741,-0.42748064,10.066673,12.279585,3.9448533,-10.668812,8.872453,-6.5440493,5.36908,8.82066,3.6414802,-2.7400868,3.8243685,-8.151993,2.1679564,1.069386,6.528877,-72.57634,51.242004,143.90103,9.808061,-26.343319,13.216593,47.312866,8.243175,-8.679469,11.242133,-11.139571,8.371094,-6.140456,9.963817,6.2472224,7.6679373,1.6433111,7.34342,13.421107,5.2129617,19.61123,7.933772,-4.3432136,2.4830062,3.3798096,3.6507483,13.291985,7.8304234,-8.571916,3.1225567,-4.721924,3.9270613,0.13575283,1.834852,-1.952376,1.3623228,-3.7300782,2.2271774,-1.3752437,4.585636,0.08084542410714286,0.0653492679958858,0.21452616,0.06868612,Desember
-167.84431,51.911438,116.650894,18.062782,6.4206877,13.66096,48.265583,15.363684,5.201162,8.021184,6.4330034,14.517054,5.3973327,11.044476,14.604641,8.048553,3.8208783,10.418581,7.573103,3.6553493,6.4156566,4.5872684,6.862622,3.054487,13.287574,10.046892,9.201002,7.139049,-9.083637,8.256163,7.7642813,2.322228,7.208967,3.819573,-0.9464741,7.601622,-2.7761915,8.634759,2.5269573,7.075515,-119.076836,18.2292,96.12704,46.700073,9.605578,23.045654,46.67322,18.961517,9.890988,9.185477,7.0693593,6.9222994,4.913096,6.5268903,19.176973,9.396935,5.028199,10.125616,3.024611,4.515787,14.004515,2.6849732,5.0515165,3.7849562,-0.84859496,7.2573004,10.28596,3.8496342,-10.056264,4.1993256,-0.4625174,10.379325,11.773575,1.4291447,-4.0726647,7.311481,-3.7929926,7.4951186,2.052039,4.3681655,-78.92215,50.27745,147.9355,7.3908935,-35.68367,21.998331,55.583103,8.189519,-3.2768214,16.065722,-11.433061,12.362772,-7.455455,9.164859,2.7433255,7.0124574,1.4389602,9.792997,8.28862,8.371714,21.384338,5.0517664,1.7312187,3.729371,0.43460023,4.531694,17.795277,4.696831,-6.4627304,5.4075284,-7.5533338,3.8623166,1.0033046,4.3296776,-0.7852791,3.1573417,-4.156305,3.262869,-3.4130301,2.8220587,0.04739695581896552,0.019695117996380053,0.18887395,0.06759984,Desember
-123.67709,60.866547,101.300224,40.05992,13.159198,27.058943,49.032436,23.62943,9.573623,8.298185,1.8950351,13.378215,-3.7391322,14.860171,15.51705,7.292978,2.1066604,4.778671,4.7925076,4.160211,10.690291,8.353386,2.2065103,3.7779624,11.6358795,7.043548,8.421413,6.014977,-9.554813,6.9871497,10.926675,2.9654,4.959556,3.0757759,-4.9937334,6.894794,-1.5842674,6.6316996,0.31226933,4.1158133,-93.3921,39.41543,139.824,16.819672,-13.606319,23.896954,55.340866,9.7653885,7.6207676,11.124769,-0.99769783,11.54249,-4.137696,14.214525,11.172812,8.90164,-2.6955519,10.24302,-0.14345516,4.7109036,17.571802,4.140118,2.1411982,3.1619742,-0.2570365,8.941835,12.0534,4.243715,-9.043855,6.2864113,-4.714754,3.2577183,6.6412196,7.3475327,-5.3953485,4.2843423,-8.891942,4.5386457,-0.035929505,7.200356,-100.992424,73.02148,135.07301,14.34767,-29.523333,18.634405,44.94601,10.404743,-6.415941,16.830938,-3.110443,15.505708,-1.5503674,14.674447,9.410931,10.15595,10.652512,5.6912127,15.713197,4.4178424,18.15476,11.012965,-0.92957026,3.1134791,4.826723,1.9475193,16.640299,7.737913,-6.6205325,3.855048,-2.0096838,7.715883,3.9402092,2.135194,-3.365148,3.277706,-3.9073288,3.2120197,-0.91828954,3.1258726,0.06214488636363636,0.037610869368304524,0.20882186,0.08748263,Desember
-113.04591,61.105324,106.022415,42.27609,20.913166,18.40834,51.171295,16.606348,4.7161264,13.3235445,6.259608,14.191929,0.6798357,18.063345,21.788185,10.410043,5.420668,3.4052763,2.1615148,6.2349567,11.5722,8.44678,3.7362683,4.3966985,12.954962,8.1298,8.057224,6.4629493,-11.660848,7.8184705,10.983419,3.3124192,6.193466,3.7136621,-5.4504905,6.795211,1.5998851,7.819993,3.1113057,5.0557003,-89.87227,28.213522,129.85667,28.860184,1.1065792,21.593882,55.03427,12.063519,11.152564,12.060015,4.0436387,11.492054,1.6711487,13.677445,18.5155,6.686465,-0.2662382,9.211137,1.4257195,4.998575,18.321865,5.39547,3.0456438,4.4739575,4.791186,10.974162,13.005733,2.3625934,-10.541563,7.394764,-2.8519073,6.4675093,11.423809,4.0260553,-2.201208,4.4339447,-5.116597,5.7789235,2.7409317,4.5645747,-86.73815,68.835144,136.31003,17.367987,-22.99318,14.676272,48.705326,12.097128,-2.661341,12.532087,-1.7999363,12.543972,-1.7174253,16.305813,12.513318,10.388073,8.920115,5.7646704,12.246442,3.0389132,19.536377,9.717795,0.94348174,2.144776,4.6737294,3.3371532,16.661327,7.530804,-7.180591,3.9961548,-2.2740643,5.977242,3.0502853,2.522286,1.4575291,3.4959726,-4.0652623,2.6255789,-1.3239264,3.9615688,0.0455780029296875,0.01938636806792686,0.2491316,0.07859557,Desember
-113.570435,40.09308,90.7562,42.899723,27.591518,21.536469,50.69686,25.900482,6.128758,12.38415,9.549427,8.29103,-0.20425616,10.85133,18.49813,8.746015,3.0612888,5.18609,2.0868466,5.5496807,14.095427,6.1649237,2.3702781,4.185236,14.445618,5.619038,9.4988365,3.978879,-6.95267,7.1244082,12.135153,4.930427,7.743598,2.6335886,-9.031006,3.1448977,1.5515391,4.0717754,-1.0931988,3.6623468,-127.30957,18.461924,128.11536,14.539102,4.508684,15.337544,55.575394,12.372238,9.846985,13.255415,8.089102,9.413153,1.4988905,14.648626,14.488822,6.9759474,-1.9716108,9.326788,-1.5337915,5.2998114,14.448336,2.4969018,6.547866,1.8042291,-1.3867261,12.708696,7.924227,2.6923866,-7.311274,6.0185733,-1.4740039,5.366691,8.48782,4.649095,-2.2335422,5.1238165,-7.1398654,3.0182247,1.9134939,4.3896627,-80.09375,61.045815,144.22203,12.273492,-30.083818,14.255065,48.69208,8.733213,-6.8816576,13.76301,-6.565042,8.486961,-4.764955,12.806458,6.760841,8.398943,7.402043,7.2934213,10.995522,3.413825,18.252077,11.4043045,-1.6773636,4.2351155,2.286915,4.872605,17.549513,7.3925853,-8.542266,4.540003,-4.290237,5.914868,3.5648873,4.1443806,-3.8427374,2.3660862,-3.937275,2.0710127,-1.6247231,3.4854991,0.055074757543103446,0.023870008649812507,0.20452373,0.0759542,Desember
-109.12924,57.19888,97.05756,40.06985,15.895178,25.268398,43.023037,24.101301,9.854812,5.665435,-2.9013126,16.551945,-0.21089116,13.13598,17.348087,7.8637056,-2.3133173,3.9598842,5.176486,5.6804895,7.670917,6.257393,5.1471486,2.8536322,11.946839,6.712875,5.139784,3.30404,-7.0469837,4.1737986,8.936588,5.3840156,0.89151955,3.051417,-9.769757,8.763278,-2.6389189,6.6615176,-3.8866036,4.106701,-99.60731,40.01529,136.95479,10.030815,-3.7344313,11.949113,59.052914,3.7746828,9.61582,10.61106,3.0845296,14.941414,-0.8244345,11.793804,6.11633,7.5239882,-5.836256,7.135093,3.4559515,5.680668,17.281818,7.0960317,-1.1316905,5.312776,2.4318254,7.7567463,9.2874155,4.758634,-10.579368,6.582947,-1.2926154,2.7858868,3.0933893,5.2676916,-8.837473,5.565211,-6.85815,2.755477,-1.3649858,6.2446556,-128.00815,77.259766,130.96143,22.039982,-14.0944,15.575561,41.409225,9.73985,5.2515125,9.423437,4.161703,19.149979,6.85394,15.939553,11.509429,9.427274,3.1700134,4.7309294,13.668639,6.4383326,8.89309,11.227509,-0.9940769,6.293161,6.58589,6.6470375,9.2003,9.364338,-7.4996796,6.992762,2.7654865,4.26311,1.1930563,3.8285594,-0.042589966,5.7659025,1.1012692,3.2471392,-0.12040576,5.13005,0.05714370265151515,0.038491529650722604,0.20505904,0.09849922,Desember
-81.30362,47.120872,97.26751,41.965897,13.979165,29.759888,49.740788,29.847954,6.3753843,13.322051,-14.3883,11.886272,-10.522631,12.402189,14.001892,5.5244236,-1.155656,4.85238,1.6794324,6.8806458,11.350955,5.352446,-0.15215127,3.987552,10.0114355,7.838792,7.489162,5.5234065,-17.723673,4.6206794,7.0088215,4.748457,3.5786011,4.0803666,-12.501975,7.7393126,-0.8742531,5.175602,-4.065049,5.2255783,-85.09382,43.87132,147.18443,9.873532,-20.204193,11.259632,52.96379,3.3300948,2.0191004,15.129204,-0.37497807,11.475161,-0.998117,15.436702,6.0366683,8.204117,-3.8790522,11.800321,3.6781318,8.696382,19.543644,7.099459,-0.16359863,5.1578183,-0.6344734,5.7412276,12.010755,2.1231837,-6.4557705,8.646289,-2.956405,2.4253252,1.0435889,9.517854,-3.6983068,4.897809,-7.864828,2.7066798,0.4174634,6.2029386,-127.41439,76.41835,132.25154,21.56053,-18.591988,17.561441,35.954895,8.173529,0.65423113,13.823579,5.534162,13.404957,8.323627,12.442373,15.043503,6.3801517,7.2234426,6.9207697,15.228245,4.776731,12.469694,10.588502,0.5795737,6.707349,6.621691,3.706497,11.785262,6.5323963,-3.3686857,4.088271,3.1365051,4.457453,0.52532935,4.8020635,3.9044788,3.667427,1.5013169,3.3062525,1.8403714,2.8201728,0.07657645089285714,0.07336025507044341,0.22242585,0.09577951,Desember
-121.75329,56.826107,112.024315,28.563871,5.9157014,15.729751,47.05674,18.564949,3.5955045,8.465992,3.4443758,14.4538765,1.4382879,13.215881,11.252035,11.891836,3.859877,5.5237236,3.8979533,7.14194,10.431125,6.8070765,-0.20607294,5.8647137,9.902617,6.8616023,6.4054365,5.341456,-10.661703,7.160238,7.6545134,2.3967946,-1.1643951,4.0106516,-9.190772,8.77625,-0.09401426,4.820668,-0.58028203,5.3567967,-100.11316,35.07162,111.15425,45.38544,11.368574,22.310421,49.41715,16.39247,8.437599,12.051122,1.4873822,13.776631,-0.5023583,14.33751,11.3373165,10.769225,-0.11408754,9.332693,4.969134,4.2881308,11.657373,3.368472,-0.64472085,1.5668349,2.5168507,8.454355,8.831112,3.574685,-11.418818,7.0695777,-1.7576927,5.2525387,4.2314076,3.9538949,-9.690908,5.8872733,-6.010132,7.5568466,0.9646897,4.015617,-122.13651,72.69739,130.8161,19.315681,-13.681798,10.854684,41.00727,11.351436,0.023470951,11.614853,3.1841307,17.719723,2.8549411,17.346191,11.800191,12.480719,3.0216522,7.827959,12.54925,4.078576,11.358378,9.88686,-3.8563128,6.4922376,7.1390843,6.0371304,8.970214,8.893716,-9.045325,5.4614897,-0.8899775,4.980376,-2.4507906,3.4710433,-3.6224234,6.985174,-0.3894041,2.8684356,-1.7651169,4.646046,0.06459263392857142,0.05823487702463788,0.18677746,0.087723054,Desember
-128.24478,62.05191,112.26347,19.449389,7.3935146,15.786891,50.453247,23.535473,3.4503548,10.429994,4.8962584,12.709761,2.978018,12.78727,12.817051,8.783843,1.1752843,8.345899,2.8138647,7.730931,6.8267217,6.3611617,1.9291623,4.405245,10.905845,9.400332,4.5049176,3.6751218,-10.233943,6.911665,10.390229,5.43279,0.85254407,3.1585634,-6.0395904,8.661581,-0.6802418,6.085299,-0.13453947,5.516372,-100.81055,32.08204,106.06772,44.06314,14.834775,22.487226,49.902195,22.376043,9.752426,14.823693,5.344892,15.42729,1.7100158,13.839928,15.407113,6.610343,-1.6236756,7.326496,2.6263978,4.2085533,14.680818,5.0550146,-1.4074413,3.9556599,3.981592,9.692425,7.5813503,3.8364277,-13.314862,4.6054235,0.60875607,7.7805066,5.1296844,4.4825544,-10.251566,5.9592977,-3.7719262,5.746522,0.93754697,2.762592,-106.22491,62.490753,135.79288,18.566479,-10.607932,11.391488,44.020348,10.866383,3.2916946,10.686944,3.2947946,13.830619,0.07126074,16.856636,11.228845,10.429004,2.3852112,8.960551,11.185572,5.5972085,15.455333,13.250562,-2.8039923,4.9272943,5.2809362,5.784176,12.620483,9.249606,-7.3413954,6.8599033,-0.36039945,6.2073436,0.8865952,4.058965,-2.8611848,3.659834,-1.0926677,3.6344125,-0.83675396,3.6122649,0.07045200892857142,0.06321466527398471,0.19740273,0.08930159,Desember
-88.565994,57.231297,94.94035,39.28019,14.292349,23.327446,51.393726,26.501919,3.2911718,12.338416,0.31697837,10.5283785,2.2846773,13.025386,14.616,9.697615,1.7382709,5.831215,3.4954412,6.1808987,11.47842,7.8636413,0.7293514,4.5180416,12.6343565,8.223557,6.066255,5.1288676,-9.375818,7.0302978,10.82995,4.724804,1.7257289,3.4354818,-10.418812,8.1494665,3.0316427,4.1341524,-1.0530353,2.44971,-94.1022,35.500156,122.329056,23.463598,6.0795426,21.815662,59.63116,12.757103,10.737739,11.831731,2.3346162,15.440544,3.5863144,12.259622,10.803458,6.837562,-2.2321587,6.944809,2.5186644,4.604721,16.29652,6.8602257,-0.5424397,3.880203,4.2114253,10.295854,11.545267,3.5800202,-10.741077,6.0940576,1.5700656,4.9526734,8.530555,3.4734652,-10.329952,4.305621,-8.254855,4.2839713,2.6421244,5.605252,-96.79226,67.59293,130.25941,17.443033,-17.07903,11.170956,47.267414,14.718677,-0.3276895,12.141809,0.56693596,15.544955,2.4568317,14.815321,8.549142,12.80166,4.2156715,7.04593,14.238706,2.8248858,12.857261,9.680605,-3.8002536,7.253021,7.869428,4.32452,11.824302,10.319584,-9.644025,7.550874,0.6540553,6.542831,1.8755442,3.7215047,-3.2501535,7.356302,-3.5419683,4.6502886,0.7120083,4.301633,0.06386431525735294,0.040783441025489954,0.22746196,0.09020276,Desember
-156.64444,61.426407,115.85223,11.805481,-1.1319448,7.011411,50.664425,24.96192,8.264642,9.645849,11.128465,15.822033,6.712725,14.233872,12.014415,6.3401856,2.8193855,4.508157,-0.12214243,10.216631,5.5639014,9.526522,5.904009,4.0049977,3.9869776,5.1057944,2.4400523,6.592878,-4.5718174,5.074445,8.861993,4.689523,5.378542,4.876086,-4.5974197,10.119201,-0.08470489,2.3355272,2.5291317,3.038042,-105.141045,26.73042,101.367226,45.2319,13.686667,29.488653,44.304504,18.16191,17.10799,9.677174,4.988387,9.83951,-0.7115046,10.718887,15.580729,8.862332,-0.01030071,10.046024,0.5246923,4.0306964,12.905986,3.21214,2.1259336,2.8517008,1.7716007,10.327473,7.7733145,3.7652733,-9.845291,6.653466,2.2306044,6.860864,7.556366,3.4981797,-9.77456,6.149071,-4.1454425,8.350495,1.2578348,4.781032,-132.73209,59.338993,127.16425,20.151432,-11.417021,12.443899,44.076855,11.530618,6.907282,8.4300165,1.3740094,15.836544,3.306107,14.00176,12.697175,7.3674135,1.7567571,8.575966,10.644959,6.1196074,11.337773,8.30559,-0.008157858,8.4649,5.660436,5.1893272,11.3729,10.648242,-7.992106,6.2908106,-0.38718387,5.463424,2.3548992,2.376044,-3.114451,6.002302,-3.1391728,5.727251,-0.35895813,5.5923395,0.056783536585365856,0.035831935346851265,0.16557083,0.086933695,Desember
-81.17179,48.038223,125.38512,25.957436,-11.018005,19.50429,50.92176,12.616845,7.363808,11.44495,12.274837,10.30996,-14.113068,10.518711,-8.474602,10.012909,2.9523404,7.49912,-13.331181,9.453591,4.341982,11.334846,16.276466,6.1554885,-2.9568803,9.585201,9.495936,3.6699388,5.527633,3.858734,-3.9562163,6.4257817,3.3768666,4.0223317,4.660642,6.5058327,-9.848206,5.5416293,3.423918,1.4269885,-48.349506,38.143826,136.58397,9.709258,-21.997305,18.753897,43.617317,20.877977,-16.122953,12.685062,19.601894,7.946498,-11.847872,17.816624,-7.9970555,3.8978376,10.384561,8.287458,-15.420293,13.701011,11.19129,13.017238,12.926512,7.7599616,-1.5413274,8.414781,5.611997,8.238123,1.5316796,3.69909,-9.935516,9.226394,2.8700292,2.4562273,8.379521,3.9770203,-16.337355,6.518102,2.466339,5.596323,-180.10378,62.325554,102.19383,6.9067054,-3.4002202,10.268561,52.24472,35.11397,0.89500153,14.132537,15.918023,5.683685,6.322164,5.8494253,7.7076554,14.568392,5.398583,5.9189014,1.7685814,19.548674,3.750398,7.0053797,7.252125,3.748292,-0.73115104,7.464466,1.7255183,6.1518064,2.9552162,6.457913,-0.49970055,3.9751966,3.4461331,3.0938709,7.36791,3.4423695,1.4180729,4.178289,1.6633966,6.5049653,0.05439453125,0.015624923705868422,0.23117585,0.12601231,Februari
-132.20811,66.033646,123.071304,33.727623,-13.186319,22.598927,48.554546,16.77484,15.464011,5.9385552,5.4166007,16.260906,-12.61679,14.799998,3.2644281,11.996577,8.645405,7.967472,-1.8426325,11.289605,10.257247,6.3469243,16.796928,7.6348553,3.16618,4.500675,9.817882,4.106589,5.3321433,3.0052352,-3.8020668,6.564726,0.28313348,3.95827,1.3573028,5.599101,-4.3954663,7.4977875,5.588369,4.879629,-73.020836,53.446915,142.01279,6.6305485,-24.28763,24.944977,36.04265,5.807613,-9.524505,22.862226,16.127779,7.026009,-1.7192948,14.801213,-7.8449597,6.0069532,6.8668857,11.592115,-10.0142355,13.96394,13.595318,18.314047,15.67404,11.345096,-8.248739,5.506427,9.513103,10.4246235,6.8458056,4.0318995,-4.8914604,7.9178805,-0.71702194,6.112749,5.1027217,5.0653687,-7.889015,8.607603,7.6042285,2.8348064,-142.36493,81.313866,117.6062,12.729123,-11.306381,13.920965,63.16946,36.383404,-0.7480055,10.158105,9.022712,12.283992,0.77151966,17.976414,0.15568645,13.881016,6.906502,8.313804,-3.4163852,15.971471,4.000504,8.381321,10.443505,5.9142985,-0.95646155,8.356112,5.956017,3.2824366,3.0392282,7.518276,-3.148424,5.8061247,2.5728183,2.4200518,4.158091,8.372607,2.189894,5.396405,1.7150911,5.4465566,0.05060596955128205,0.01623272249289146,0.20260322,0.09759605,Februari
-132.57887,77.91033,113.15238,32.43584,-18.074894,19.866568,44.05721,20.44477,11.417893,5.3612466,5.481152,13.013502,-13.519945,20.06147,4.2941675,11.872126,12.477835,7.3277383,-2.8389542,14.217883,6.5445485,4.502837,14.344489,6.749548,4.242534,4.1026626,7.770781,5.883132,2.6659584,5.007872,-4.11223,6.1861696,0.47636145,2.214423,0.38405594,4.8063626,-7.4765544,11.254189,4.8849,3.2487407,-71.825775,46.81811,144.73076,7.9777193,-18.532394,24.60052,34.356068,11.922689,-5.485363,22.030363,14.302214,4.7153983,-5.182033,17.712255,-6.5282965,7.982099,6.3605676,8.482724,-5.582614,15.724037,12.731546,16.386093,12.481123,11.73082,-5.677883,4.9636755,7.341497,8.88652,5.3406396,3.4871063,-6.4867253,8.738438,-0.020419938,4.6901,4.0834303,7.0741835,-8.783399,7.7832203,9.005796,4.8469462,-157.58414,71.835365,113.9264,12.91581,-3.963827,8.4643135,63.120033,33.71667,1.7243652,13.090532,12.102803,11.327728,3.05417,14.752112,4.376714,14.956962,3.9797223,6.458507,-4.1104255,16.637426,3.7387319,4.356135,8.473921,5.0959315,-1.5132874,7.3151703,3.3374228,2.3184416,0.38292298,7.525421,-0.03223862,5.85405,1.6132835,2.8602023,3.8736343,6.4179406,3.6494668,8.625553,3.8904097,3.9678924,0.05950055803571429,0.02508440108167667,0.20050067,0.116392955,Februari
-135.89471,71.36272,108.343475,34.27513,-14.862517,23.31189,46.61324,16.989107,5.5466666,10.250282,8.885195,13.660229,-10.852242,15.133852,2.3658514,16.832287,7.6565247,6.475335,-0.13447571,9.628956,4.1286187,5.006169,13.520464,5.7089705,3.46261,3.5022726,5.9615,3.2010818,0.112570696,3.2683759,-3.2396524,9.223909,-0.5865829,2.57984,-2.1004567,5.837855,-2.109041,6.9223027,6.105266,3.2829142,-65.67527,40.18785,149.03877,7.326434,-26.880762,22.47657,30.287878,7.3091054,-5.149451,19.20065,13.696029,5.518454,-8.387114,19.569859,-7.785806,6.4066877,5.799279,8.303255,-9.987384,14.794141,13.168119,17.491604,16.471655,11.186856,-9.425475,8.082733,7.556029,10.589939,7.5279717,5.937017,-6.67553,10.029633,-3.6643426,2.616475,4.0426292,6.6887693,-8.696207,6.498092,6.582929,5.0969806,-173.27449,70.363205,108.79842,11.03247,-5.077884,12.28924,56.72955,32.682293,2.714701,14.034616,14.018432,9.651207,1.709839,13.016211,3.386356,12.756158,5.799173,5.540048,-4.6974807,18.176485,1.4485611,6.2099752,7.8566027,4.102353,-1.1681592,6.6199174,3.801978,3.6941686,3.4005637,6.4855437,2.2823057,4.445285,2.6723711,2.7423058,2.8002894,5.444658,1.9787828,5.5337987,0.9350854,4.675697,0.06431206597222222,0.030365636899494557,0.18583843,0.12168709,Februari
-88.69586,70.25838,108.918175,35.29417,-22.219564,22.220003,48.19698,18.306591,7.199695,10.51628,7.145015,14.405639,-12.369026,15.794012,3.6993198,13.596993,10.3696,5.901331,-2.8293824,10.261915,9.965202,5.027612,13.677436,7.7510595,3.553354,5.142003,9.799202,4.9218354,1.5243729,3.2256193,-5.3836656,6.164604,-3.5997849,3.9080427,-1.4855436,5.1260743,-7.4596834,7.4682627,3.9158309,3.6014018,-60.05599,47.394943,139.77791,10.25741,-21.330387,21.136013,35.48418,8.192524,-12.765067,18.50521,17.10724,4.1964784,-3.4113595,15.109107,-12.249602,6.3749647,8.597422,10.520696,-12.928389,16.400116,11.861803,13.787457,18.540339,11.580516,-11.5314245,6.8569226,9.762044,9.159239,4.0977674,4.5342984,-5.2877555,8.861663,-4.2558823,3.4049516,2.9790556,7.0398364,-7.279733,6.0933514,3.668568,3.2031984,-142.70004,74.27064,112.77348,12.651396,-9.3089905,12.570737,56.133755,30.92541,4.336293,10.630256,11.772935,11.521408,1.7867467,13.250389,4.7595377,15.005232,6.9785285,6.556314,-3.1660542,18.136135,4.1403,6.794358,10.949717,4.2575917,-0.08098602,9.238125,6.2201614,3.2701719,3.652352,5.703253,0.7485182,5.789018,3.6611416,4.6754837,1.259633,5.9742126,1.7350966,6.534432,-0.5534904,3.264369,0.06033602627840909,0.02662494636935498,0.23848143,0.13526475,Februari
-137.74225,78.49756,106.61281,31.056442,-14.355607,26.991354,42.025024,17.05346,10.252705,9.177152,10.447228,12.383343,-9.395423,16.191086,9.274612,14.874457,11.747691,4.060952,1.1385005,8.987066,-0.026395543,6.0679955,13.040418,6.7347546,6.827775,6.1478677,1.4657629,3.6764863,-2.0047607,4.261462,-1.0885936,5.717127,-0.8925356,3.892888,4.4154873,4.049189,-6.6582737,9.293525,2.5215793,4.5527925,-81.135666,43.060047,142.23695,7.6517987,-14.194686,18.948664,39.57457,10.776105,-2.4279318,21.011786,16.857576,5.8400826,-2.7013166,15.101588,-13.300812,7.0592923,3.251228,14.071232,-14.814091,12.926477,1.9397895,19.12395,18.685995,13.101482,-8.578542,4.9762306,8.181971,9.553373,5.377688,3.1864784,-2.1782064,7.436963,-0.5354432,3.308982,10.079707,2.7701902,-11.26127,6.5048904,2.421765,5.947279,-144.25671,79.46574,115.24829,11.082751,-8.712379,15.002289,58.443466,28.659294,1.8752756,10.682511,11.026613,10.8697405,0.007064539,12.368622,0.064716004,17.172234,9.4378195,6.9000173,-3.6982937,16.987997,1.3097581,7.405892,12.747754,4.2128043,0.57843566,7.9013486,6.833875,4.402453,1.1794959,8.678757,-3.081133,5.709419,0.21763909,4.1730385,5.4928284,2.4321165,-0.6771903,8.818771,2.2207386,4.719935,0.05923786569148936,0.026382979070313926,0.18667455,0.11618781,Februari
-123.04722,80.77396,113.746864,35.761955,-10.508608,20.832874,40.383026,14.294464,11.2942505,10.197069,13.178314,10.53093,-5.1774383,18.891308,9.605483,15.978644,10.625249,7.3640428,2.7130978,12.731241,7.007585,7.3494287,14.036339,5.3985715,4.8394775,4.342884,8.163929,4.909255,3.4830453,3.090755,-3.1038334,7.6637216,-1.0115019,3.4053695,2.365102,4.6377153,-4.9900026,7.228561,6.526792,4.6653495,-59.075893,35.766956,137.973,7.8687196,-16.4808,15.52625,42.767834,20.240568,-4.6035542,20.211002,11.863001,8.7887945,-7.6237884,13.706062,-9.123454,3.258249,7.2949414,10.181646,-9.2551,13.976647,9.929288,15.141179,19.483076,9.257882,-8.814109,7.2480755,8.130355,6.9089446,1.6142792,3.5293918,-5.4937754,10.152506,-0.94592756,3.2407074,2.6407273,7.6002064,-10.008471,5.0820036,7.650941,4.6948113,-180.65883,48.944263,108.46762,4.2862277,-2.341009,7.893371,46.12521,28.311794,8.509177,12.978609,20.667913,9.240332,10.501143,7.2443557,14.934599,13.9645,8.8126335,7.506979,5.773447,17.026325,6.1283145,4.5099072,8.942362,3.506215,-0.9553768,8.472034,5.127611,4.453888,1.3262516,5.2799597,3.318571,5.052178,1.8383992,3.9321864,2.5945847,2.6673856,3.5935524,3.5402086,0.8432842,4.681563,0.04993366745283019,0.02116120115251247,0.2046225,0.124371134,Februari
-108.23567,73.38567,112.39422,39.438114,-16.00691,27.341597,45.847736,15.87982,14.387126,5.737101,5.478788,13.670632,-14.72082,19.473692,6.129873,12.853607,10.71342,6.912973,-2.5098984,9.113151,5.5891075,7.9105945,18.620047,8.3841505,3.7566817,4.574736,5.9208617,4.237095,2.4030697,3.195781,-7.7380743,7.0521193,1.8276757,2.837858,4.5330915,5.6584444,-5.48917,7.620878,7.2551374,4.948371,-64.07258,40.89791,141.89333,10.677212,-23.12743,20.603395,40.56747,7.8328366,-15.352448,21.510813,17.389215,6.643753,-4.350599,16.250479,-6.007837,5.162276,8.894941,10.630516,-5.279689,16.725447,11.184266,15.385783,18.96512,11.748671,-7.2931247,6.697596,5.8366227,10.262746,7.347579,4.257111,-7.131427,8.278382,-0.84563464,2.715277,6.1269946,6.175303,-7.302102,6.1258893,4.7628336,3.3595097,-162.43536,72.808914,109.557175,12.823305,-4.524786,12.0888195,60.648067,30.26852,3.7156737,8.903285,9.797627,14.861937,3.6653144,12.727956,9.00268,15.454261,6.553411,8.249728,0.52243435,17.264389,3.3393703,7.631598,14.086363,5.4044685,1.3997096,8.054943,5.2414417,2.4407425,6.3454523,6.7529025,-0.12526244,4.2805767,2.5813348,3.8440156,4.0409164,5.893748,2.1149035,5.832807,4.295456,4.5964828,0.051935369318181816,0.024232968921203805,0.2116707,0.107270405,Februari
-142.48239,61.034286,119.80378,35.727806,-5.8358755,23.694529,54.949425,13.825808,16.326859,7.320804,14.448155,10.187967,-9.084826,13.94159,6.7728305,15.39918,15.052396,8.94249,-0.23249923,10.477752,10.290006,5.431296,22.788412,6.901697,5.127996,5.333518,14.1971655,6.0230446,6.0808005,3.7468948,-1.4117453,3.9650166,4.7654886,5.0427403,3.2706754,4.101072,-3.7201712,7.521093,7.9701667,2.1950805,-91.97033,42.49201,144.49777,10.04882,-16.97178,21.268608,38.485516,10.597256,-6.7482195,17.958105,17.655672,3.4105396,-1.1202897,17.258621,-3.8155346,4.69586,11.157727,10.359676,-2.537539,13.684283,18.153017,14.488508,20.379614,11.982525,-6.2180443,8.070538,11.551414,8.293016,7.2976065,6.8713384,-4.213656,7.2236786,0.33605152,3.770276,5.285069,7.112108,-6.616092,6.1289997,8.279849,3.6937087,-176.92635,71.86834,113.603676,10.671757,-5.152697,10.987844,68.108315,31.271622,4.611763,13.229407,11.24222,15.607553,4.1450152,12.289814,8.640723,14.891899,8.745958,7.6572247,-0.6051354,18.059147,6.1725082,5.782311,13.583162,4.7550216,1.2589666,8.557492,10.95728,3.420406,6.726924,6.333474,0.4111865,3.264586,3.8119159,3.4037373,2.1704185,7.305855,3.700135,8.406603,4.130392,4.4134293,0.040957496279761904,0.021491561250836917,0.1989371,0.071764834,Februari
-105.531906,52.535175,115.99206,36.64865,-6.816053,21.419937,52.474,16.978298,7.6568646,10.174974,11.816351,11.762989,-12.8348675,11.436479,6.9154806,14.632507,14.807312,7.962562,-3.2823122,11.222312,8.113815,8.54378,15.519788,6.0804276,0.67729586,4.35795,8.9545555,5.1731343,2.7968254,4.4327526,-0.8238329,3.8449495,1.213994,3.0492878,-3.4117744,3.6931815,-4.491753,5.8448033,5.1222405,3.1802826,-66.24799,44.06751,141.90324,12.387277,-10.897899,21.14412,39.989285,5.3310385,-10.476908,17.477234,20.441376,4.947896,-4.3392806,11.626068,-5.9918146,7.1806846,12.141471,10.150622,-8.1602125,15.068878,14.422758,18.47593,16.41895,10.1549,-9.401855,8.089493,10.194608,11.646249,8.335933,2.736547,-1.8398579,11.325221,-1.9731866,1.8289142,3.2532077,5.7672334,-5.010281,5.3185773,2.533397,3.9785612,-133.83232,67.14978,116.596176,10.770214,-3.4969616,13.830487,63.539207,28.323675,6.029905,11.630952,15.565728,10.96387,-2.9810255,17.356958,8.80554,14.452241,8.647963,8.8941965,-2.5512922,17.186974,2.464259,7.524805,12.630144,5.6079636,2.6575437,5.145492,8.311063,3.6458533,4.7612357,6.72378,-0.26350033,7.006064,3.1263735,4.1084685,1.6200006,4.6553917,1.4590689,5.841961,2.8202984,4.48591,0.04811895461309524,0.019370209642555487,0.24338289,0.09920133,Februari
-140.87538,83.772766,120.19124,34.618904,-17.40698,23.998941,43.65528,13.169574,18.850536,7.739965,13.02215,8.750556,-12.103385,20.986374,10.653805,16.48257,17.79514,6.7301054,1.3860891,14.035205,12.37691,7.3695393,16.630325,7.500415,6.0216746,5.3782864,11.287243,4.2913995,5.6268625,2.1580982,-1.9218229,5.7185516,-0.17697242,6.0215116,3.977697,6.2482867,1.0904496,7.273019,6.032024,4.473061,-90.05611,42.02346,146.45018,8.556528,-19.827667,18.863577,37.157475,5.184812,-6.384484,21.423931,15.999631,5.0831494,-2.7367222,11.495604,-6.9442782,6.1086383,8.731593,11.578913,-7.34689,16.923645,14.116857,12.278388,19.694841,9.803825,-7.250633,5.7016187,7.5192466,11.205975,7.880676,4.3497057,-4.374106,10.667828,-3.7538278,4.133748,4.1875286,6.374719,-7.4660964,6.540097,4.6694264,4.013222,-166.09161,67.21079,118.07489,9.0365715,-0.16460018,11.282566,61.418358,27.761047,6.2485504,11.697964,13.469614,12.972269,3.1071556,15.112833,10.039183,17.179365,7.898348,6.9013076,1.6035388,16.876564,4.5085773,5.9904523,15.074121,5.3385324,0.94105387,7.1010237,6.54696,3.5030663,3.661582,5.829152,0.57460123,6.367546,3.3130746,3.8007715,2.033045,6.2671466,2.3162305,6.544471,1.7093232,3.4631603,0.04048578789893617,0.022475800043734222,0.2110143,0.06981485,Februari
-89.60449,57.116554,134.6844,13.951463,-18.750467,24.147501,53.786636,17.395702,7.098186,13.224452,6.0504317,11.159264,-9.996422,21.238419,-12.418763,8.303196,2.7812912,7.2971835,-16.48487,9.808627,-1.3577658,7.74337,17.426876,8.868151,1.5457255,10.810211,6.6852174,5.1717186,4.019094,4.7282634,-4.111557,10.4411955,2.2062824,2.6042037,5.3787484,9.382591,-15.463977,7.0278563,0.32130563,4.8068414,-67.39166,37.573452,139.0452,12.895378,-21.944693,21.597645,43.42886,13.058558,-15.681594,10.991226,12.535724,8.003138,-6.0933776,14.502231,-15.334315,5.6079555,11.672751,7.5902057,-3.5545518,14.31009,7.563526,15.032707,15.288812,9.561237,2.7647421,7.177663,4.9990287,9.813792,3.380223,3.8808525,-14.299939,10.264247,-1.427774,3.1119807,9.819966,2.8950772,-13.428284,5.512646,4.085266,4.7773237,-171.86392,71.25849,106.73128,8.917567,-5.496325,10.545769,59.54679,35.227787,2.8471103,10.495941,12.038539,11.609452,6.7711596,10.719959,6.866941,15.815379,4.183045,8.651538,-4.2660146,19.762897,0.8816932,9.840739,9.655739,4.0570006,1.3151398,6.708282,2.6826978,3.0160153,6.438985,8.266768,0.4864035,4.434803,3.8578846,3.0440817,6.3507853,4.1963716,-1.0778855,6.520113,0.76323694,5.925451,0.051436574835526314,0.016839193803017252,0.2306307,0.1081891,Februari
-150.82033,80.41762,108.70421,30.88082,-13.985544,21.923681,40.22496,14.826176,14.332342,5.9947658,13.34441,9.222893,-7.3409605,24.357796,14.794566,11.943211,16.95942,4.1028147,4.2047243,11.977529,7.796838,6.5671487,16.357307,6.257404,6.787013,3.4087017,6.3679657,5.0183663,1.4822617,2.7794716,-2.3357682,7.824009,0.33174285,3.604416,1.4059364,4.602136,0.009927034,7.8796744,9.162834,4.4996243,-81.25798,47.448723,148.31175,7.7091055,-22.876226,19.72929,41.03365,7.8612914,-3.346218,21.56248,15.097628,3.5538778,-3.1034422,14.719499,-10.2080345,6.8360415,7.313079,8.687505,-8.233049,11.970448,8.805159,14.230752,19.83439,11.170217,-7.9220924,5.627711,7.8938885,8.7006,7.0333805,4.668232,-5.265279,8.605362,-1.8617537,3.3423984,6.1161375,6.323661,-4.533122,5.6390023,5.7357807,4.2618146,-168.12982,69.99552,115.64973,11.198082,-3.4436846,11.31442,57.59838,29.746918,4.423861,10.96989,14.176708,13.553598,4.1423383,13.992614,10.037845,14.403319,8.848042,6.756067,0.4996748,15.964624,5.9581003,6.347448,13.263494,3.3884203,2.0685403,5.4373684,7.2857456,4.596754,4.3867455,5.030333,0.42254734,6.05297,4.7667003,4.042312,4.6338563,6.491738,1.2804532,6.026894,2.3848104,4.0163474,0.042255859375,0.020119844427853445,0.1895715,0.09356108,Februari
-143.47406,87.04405,116.38755,25.46459,-11.836217,19.777332,40.52736,13.071055,12.351849,6.65128,15.673047,9.973413,-5.3735294,25.66579,11.069503,15.793558,16.329966,3.7638004,6.572491,14.223714,9.615729,3.535395,16.336176,5.1100125,6.4086285,3.2007234,7.531539,4.327873,2.5202255,3.7375185,-1.2075062,4.065094,-0.43136534,2.5743275,2.055777,4.1610527,-2.5215483,7.3648443,4.988779,3.006325,-79.94783,50.76387,147.38884,8.660536,-16.226786,22.874788,39.417046,8.313081,-1.5349675,22.540407,20.71953,5.058478,-2.3207846,15.851667,-6.805712,4.282063,7.9556456,11.514589,-7.2376094,12.88819,14.542728,13.797064,19.067528,9.859924,-8.677763,6.923493,9.396425,9.566552,9.07018,3.447754,-1.4465191,12.291928,-0.95303166,2.5729563,3.3784213,5.024696,-5.9441767,6.5285053,7.7517595,3.4922903,-142.58629,77.98854,110.99728,11.44937,-9.544665,11.715387,58.3985,31.87253,3.1931603,11.52331,14.467704,12.659507,-2.162848,15.117002,7.2471232,15.167219,7.3005924,8.005447,-0.6453836,19.700045,4.6037474,4.3098564,10.702999,4.4710994,1.6537473,7.2963543,5.493459,4.884331,3.9040945,5.0251856,-0.49358705,6.991031,3.376892,3.7071042,1.7930194,3.503993,1.1405996,5.507037,0.7631066,5.019166,0.04504654255319149,0.021154224252156816,0.21249883,0.117479056,Februari
-113.259346,67.89713,130.11963,27.351557,-18.068756,19.992893,40.746353,10.346245,17.786884,8.650398,11.857481,10.700591,-15.656147,17.384212,-0.51797295,17.544937,6.9359617,10.624534,-3.393233,7.942948,6.3639517,4.328279,17.713795,6.2281876,-0.30842185,8.249177,8.727583,4.397388,4.831559,4.108375,-1.72717,6.0025373,-1.1594675,2.7577055,-1.9978132,6.6803646,-1.435682,6.5094576,6.409608,3.7335618,-58.080856,30.219564,136.52823,9.872149,-25.622478,14.837373,48.714462,25.01131,-12.051838,10.07777,10.232761,11.362793,-7.909776,14.223638,-8.8151245,5.3023686,10.975843,8.8427105,-7.071198,17.122108,16.912804,12.483514,21.354523,8.686934,-8.045132,8.391585,6.6241336,6.9422584,3.7433996,5.7774043,-8.124647,7.269967,-1.1506902,2.7208285,1.1641197,4.4885216,-7.1127753,6.835538,3.4772418,4.5899353,-188.1277,42.82768,107.44764,4.8755145,-1.3958946,7.087869,48.362137,28.574701,8.024863,11.170773,18.60457,10.78065,10.8863325,4.563896,14.550515,14.238115,7.3238106,7.316883,5.7401953,14.195783,8.058546,4.9455695,11.036318,1.9475489,2.7155716,6.649034,5.984226,4.3154917,2.155312,4.8496327,2.493872,2.7193966,2.8690867,3.0316386,3.5644035,3.5873218,4.8165164,3.656406,6.129711,2.1635678,0.0458984375,0.018505097090858014,0.21585636,0.112856746,Februari
-130.88777,74.31974,118.588104,30.682238,-14.115916,21.719387,44.861492,15.970101,12.807932,6.877487,9.615427,14.224762,-10.00856,19.08484,5.5033264,16.426863,10.526249,6.9154673,0.70346105,11.487423,5.8587174,4.048791,17.715065,7.242546,2.8063493,4.544412,6.3633413,6.6824565,2.9852743,4.99067,-5.07427,6.062543,-1.2030749,3.391411,1.6679702,4.7953405,-3.2580261,8.452269,4.142664,4.900881,-52.215397,43.21408,142.05107,10.364725,-29.84189,20.743458,40.06285,8.830981,-7.6049275,20.05178,15.6095495,4.668033,-4.4111195,15.083058,-5.4039993,6.6238847,7.8722143,10.413512,-2.9293656,13.46394,16.245718,13.101469,17.94996,12.060622,-7.7382483,7.0149565,9.066099,7.699283,5.736357,4.976871,-8.267446,9.853111,-1.6062589,3.2479088,1.5739751,6.276941,-7.0863934,8.494787,5.7509594,2.440956,-155.53513,72.907646,112.485405,11.490574,-6.0986705,12.828757,59.231297,30.735538,7.080518,10.396835,9.872088,14.030389,3.0580962,13.110219,9.448206,14.476388,6.5212984,7.5905113,3.0430655,16.270164,5.683529,6.763359,13.036187,5.164475,1.532618,6.350986,5.9946656,2.680938,4.987678,7.318668,1.1188442,5.638681,1.60299,3.5850282,2.4743013,6.3409877,3.276972,7.2676463,3.5485048,4.5393453,0.05157081117021277,0.021718399367688518,0.2104367,0.10895035,Februari
-152.93604,83.312485,117.19026,24.367926,-15.238348,23.171204,46.272564,16.499975,13.290585,5.3147545,7.112171,15.272532,-6.0143995,21.842957,10.048946,14.749489,12.848614,4.3854337,3.4868245,13.977988,9.093922,3.9918654,18.173693,7.2038903,3.8884294,4.7360168,7.74508,5.6567025,0.8867104,4.268573,-1.9718219,6.5075827,0.94510055,3.3678997,-0.24483323,5.7765274,-2.99643,9.168534,3.6987731,3.0289733,-94.05325,52.19641,137.47012,7.880642,-13.841772,22.060106,42.660923,7.8111024,-6.439398,22.378458,16.420235,3.9009447,-1.1193119,12.738584,-10.310402,5.111283,5.3687735,12.092547,-7.385814,13.172969,12.252377,13.452228,18.186852,8.876958,-9.572582,4.3782897,10.016825,7.622933,7.37907,4.911985,-3.0053813,6.7665205,-2.4339204,3.5584161,0.024802119,7.0856285,-6.0714746,6.7935305,6.5728607,4.116847,-156.11832,70.34716,111.38457,12.996604,-3.0151355,12.750879,60.506126,29.268188,4.439199,10.7236,12.834304,11.575666,-1.0175467,14.206616,8.43273,13.469381,5.781774,7.811848,1.990535,16.995804,4.7930217,5.0357046,11.100742,6.2076674,-1.2171884,7.843154,9.271126,5.848423,3.3803966,5.82432,1.3710341,5.867446,4.236704,4.720543,-0.79705113,8.703795,3.2074203,5.6998444,0.3114439,3.7435317,0.04466278698979592,0.020922875001758077,0.17798437,0.09761082,Februari
-159.43779,70.58536,112.11624,25.000156,-8.410115,20.41299,54.199955,14.454607,11.007986,13.17966,11.341921,13.6716175,-5.180852,18.97305,8.312094,14.093092,11.02936,5.8215,1.4793606,13.052342,10.055788,6.405089,17.464365,6.6928673,1.7609245,4.1395783,8.049328,7.1890235,2.659897,5.692239,-1.1323143,5.6170535,-0.62221193,3.329592,-3.9218025,6.073047,-2.3570993,7.292315,4.878576,3.1758592,-89.34939,39.408398,144.35707,8.7438965,-14.815205,19.721489,45.884468,11.706527,-2.8752584,18.01809,21.529366,9.893863,-5.4919825,15.71465,-4.8716626,6.0254927,10.618552,9.22762,-2.9941165,13.019166,14.772504,14.974997,21.47519,9.116119,-6.7649174,9.751981,9.097811,7.9930334,6.1318655,4.0348206,-5.3162684,8.340718,-1.5163674,3.9431329,1.5123589,4.83839,-6.566993,6.011914,5.2960467,3.443603,-193.71326,63.48028,111.22495,3.853258,1.7938635,9.655667,56.987156,33.537636,7.8850427,9.399584,9.9686165,10.964996,1.939912,9.229288,9.180184,14.737709,8.210559,5.3897243,2.0398278,13.582976,2.652276,3.464808,10.5929985,7.459728,-1.6188284,5.4449854,3.7285302,3.6963024,3.2322278,6.1701393,1.7598505,4.0729446,-0.26476866,3.1815908,1.8606675,5.030123,3.0417023,4.39775,1.9935603,2.7594042,0.046335856119791664,0.019749814567654445,0.15880123,0.09166493,Februari
-136.45023,77.2977,119.813354,28.945578,-10.2084875,21.219376,48.997128,12.71027,16.245861,7.713354,13.628157,12.346671,-12.384615,22.578768,4.784899,16.400797,11.977927,6.79732,-3.8399644,13.529977,5.5824633,5.7043943,12.789041,5.8429246,-0.9359792,6.9704814,9.117356,6.5083795,3.8166053,3.5284846,-3.279159,4.005954,-1.130843,4.2529445,-2.5974915,6.559067,-4.450848,7.656653,1.3801891,5.0932217,-69.531944,44.893364,140.13824,10.319237,-20.44931,20.080729,46.407207,9.137284,-7.0711346,20.06329,19.93371,6.9304867,-6.211845,14.570949,-4.1775393,4.086697,11.4389715,10.419578,-5.0256824,12.6057825,17.09922,16.246668,18.75578,9.117583,-8.34601,7.2285347,9.801099,6.0246677,5.387523,5.587669,-6.6343884,10.417097,-1.3021388,2.7458034,-0.63265336,4.8599715,-5.854422,5.8435583,6.429376,2.2730885,-171.92693,61.899734,113.66565,7.547414,-0.42264414,12.434465,64.75523,30.780176,8.725169,12.056931,17.112217,14.78969,7.2361236,11.661775,8.864434,14.74316,8.374588,6.537852,-1.108631,16.239464,0.805496,5.49494,11.1516075,5.6123176,-2.3290274,8.058273,7.4858513,5.3490467,3.840934,6.821036,-0.8822231,3.506543,1.8115917,7.0469003,1.5325034,6.8617225,3.2207916,6.2171855,2.464396,5.478399,0.04527216372282609,0.024756151027947492,0.20455441,0.08669858,Februari
-109.342995,83.58043,114.43056,28.443594,-12.641605,19.861372,46.543262,14.742836,12.916497,10.227791,14.725486,10.063699,-20.135517,22.18242,1.5839702,12.656465,11.39437,6.6747756,-10.437976,14.634629,7.2486496,9.528104,9.221944,4.293218,1.238588,8.103138,7.5825663,5.493282,4.7132387,4.946654,-6.1142254,8.536261,0.97477317,3.503101,-3.4352205,5.1187816,-8.735175,8.692858,3.939742,4.4914126,-57.740078,40.85208,129.05814,12.71129,-16.14541,18.063408,40.671913,17.19742,-13.219724,22.57538,13.915086,8.477594,-2.1287966,15.298062,-16.095934,4.3670664,15.894976,11.227946,-10.370037,14.926034,14.211035,17.25377,16.43676,12.535337,-9.919835,8.815241,10.333448,8.723612,0.2631892,5.190401,-6.731476,10.778402,-1.003692,2.9141645,2.1022973,5.976239,-11.82892,5.9088073,8.561492,5.840243,-178.69073,60.90131,105.735756,8.181732,4.096487,10.930682,58.34828,31.40799,6.630707,10.785087,18.32541,7.687268,4.741743,9.065122,6.4189296,14.071969,9.031735,4.563809,-5.8537736,17.392397,1.1795402,4.2381544,10.581421,7.5379252,-5.991628,7.792318,2.7226334,5.205922,0.8546912,6.627029,-1.1109827,4.0741825,0.26465034,4.6180425,3.098746,3.407556,4.3660502,5.8870535,4.2405148,4.124137,0.06212022569444445,0.0312813307447682,0.19958712,0.11201509,Februari
-153.36006,82.29537,114.82354,25.288801,-7.110312,25.144556,44.13935,16.42708,15.721109,9.65359,10.631548,14.82618,-1.2514875,18.199163,11.681637,14.763523,12.631866,4.2927456,4.1368027,12.097242,8.916245,5.3432174,15.568217,6.469856,2.0690904,3.4766445,6.3976126,7.1443176,-0.35597262,4.9418583,-4.4123063,4.9823294,-3.7892334,4.675173,-3.6304014,5.1153927,-3.3887756,5.9832563,3.1245608,2.8126898,-90.33323,60.067535,142.57759,9.817909,-9.766227,21.203506,40.195095,10.022665,-6.8126025,21.548414,17.012333,7.3339033,0.16105753,12.659004,-9.039796,5.3821254,8.466448,13.134179,-10.387218,12.959716,10.185927,16.49598,19.881344,10.036292,-9.595809,4.522705,9.193427,9.748988,5.1155734,4.404717,-3.8622727,6.4436164,-4.3878675,1.8586293,0.51849633,4.002624,-11.418585,6.34831,6.3215947,3.7977,-153.23871,77.169846,114.9122,9.801826,-2.242546,9.436461,62.25872,29.854074,3.0905993,13.372434,14.665089,12.630666,6.8354836,11.633273,6.154996,17.271957,9.883443,9.225118,2.5600276,14.720736,5.638955,7.2660584,11.01281,5.957253,2.11894,6.510057,9.407719,4.2799582,3.7160814,8.282412,-1.7090327,5.1661425,-0.6476399,3.709474,0.29088232,3.3636427,-1.278797,4.4281855,2.0589232,3.2964816,0.051290760869565216,0.021409205604445432,0.18026431,0.10053021,Februari
-124.21963,77.656075,115.723625,34.489655,-9.507872,25.087332,48.721127,14.385,17.59879,6.963648,13.612521,14.306814,-6.6420813,18.019758,7.6742053,17.135197,9.795717,7.7125697,1.7083508,9.198516,9.243562,8.316427,16.79344,10.4348345,-0.30241922,5.034817,6.0370975,9.874607,1.6026307,7.301587,-6.9560165,5.6123066,-2.3987918,2.2292325,-1.7417775,3.7142217,-5.0960665,5.1172414,3.1716628,4.375451,-87.09904,53.09637,142.57042,6.387485,-16.541004,25.372557,40.07186,7.417739,-5.428375,22.452654,15.241797,5.697244,-0.2400606,11.574942,-10.154024,6.6423383,6.412009,9.085585,-8.547038,14.120493,11.307091,15.748573,17.766573,9.788524,-10.705403,6.3971043,5.3126707,9.398408,4.433109,4.7961216,-7.709684,9.726106,-4.699034,2.7091663,1.8391931,7.00867,-10.59018,6.1023006,5.760869,2.854573,-140.20317,70.24727,122.72484,10.578301,-4.825265,14.767629,65.06627,27.304634,2.7040102,12.834821,12.264183,16.359158,1.0643549,13.840086,1.3940543,14.40044,8.144607,5.730828,-2.8658938,15.752502,4.3201623,4.6251087,11.055362,5.7567663,-3.1926174,5.2285347,8.53162,6.759573,2.3643055,7.2708507,-2.761785,6.6371403,-0.26346388,3.8394306,-3.0106375,4.664198,-0.45905823,4.867271,0.37196594,4.015767,0.048351469494047616,0.01904847917998901,0.20411265,0.103776425,Februari
-83.36524,40.996353,135.85953,8.585014,-20.55904,23.04622,56.336075,14.267433,10.2820215,9.083659,4.1865387,13.111398,-14.75729,14.757354,-15.119218,7.3272433,5.930218,8.723508,-14.906498,4.8022995,-1.4052533,9.71818,17.295391,10.345677,1.3679638,5.184943,9.087854,2.6992624,8.295569,2.6090252,-8.1022835,10.1446705,-0.73234123,2.7335377,9.043279,4.927996,-13.73646,3.9981654,-2.5038447,4.001784,-60.276566,40.643147,140.48273,9.991195,-25.471874,24.095526,39.27221,16.51511,-16.250679,14.704312,12.667876,11.63491,-2.7867208,13.683227,-10.08585,3.8371565,8.779208,5.802895,-4.850156,13.999446,9.925531,13.761391,17.151152,8.100586,1.3883566,5.6397657,3.1499126,11.145071,4.013305,2.8823013,-12.809412,7.920868,-2.0398173,3.9423158,9.66473,3.6400423,-11.937071,7.4348474,4.7699347,4.134036,-176.02963,73.607765,105.431526,7.649973,-5.5240116,9.492679,57.628014,36.315353,2.9303448,9.150212,12.648637,10.866252,7.5718403,6.4648976,7.8855944,14.281857,1.1677535,7.4199424,-4.3223295,16.490353,2.2729874,6.4166884,7.569073,5.1188827,-1.6567651,7.154574,0.9145282,3.1593676,4.6540785,9.919987,0.9712891,3.7475712,4.185155,3.406794,8.382984,4.4295382,0.31312603,3.6019201,0.10954666,6.4620275,0.05486278044871795,0.013019810021271751,0.22907688,0.11232388,Februari
-142.98845,86.051216,111.05933,29.921694,-15.975074,19.685513,47.019188,21.257929,9.768056,7.966099,12.600816,13.2819,-3.1949594,18.788275,8.68703,17.279629,13.144919,6.462696,2.0401103,11.420396,10.668127,5.864876,16.61974,5.9698834,5.1288443,3.089172,11.561364,7.398966,5.258956,6.102263,-3.163111,7.982768,-1.3325694,2.4297862,2.4166453,3.2727592,-0.7620562,7.9923863,5.724302,1.8594564,-80.57924,48.388103,145.05676,7.114723,-17.772768,22.765417,38.21689,11.251434,-8.515134,22.769043,17.230915,4.018911,-0.6543083,11.993064,-10.636009,6.325171,10.797335,8.993318,-10.054061,14.451553,12.356575,14.160245,21.862179,9.642493,-9.38668,8.215762,9.8046875,9.364352,7.747682,3.9647455,-4.6357203,9.442678,0.14243695,2.5415356,9.08266,5.2783155,-9.817312,6.502203,6.662574,2.7690713,-150.35526,82.81281,116.223564,13.324556,-11.301664,14.679725,59.30322,31.138393,0.7909676,11.343397,9.954152,12.913486,0.26441288,14.891546,2.5000443,14.350126,8.294829,9.109513,-0.2187987,16.723545,0.8074739,6.330484,11.505339,5.9007063,1.3939236,7.495337,5.1646175,4.2527943,2.5389524,6.9488997,-0.55159515,9.125096,2.830353,3.8681073,1.8410969,5.04123,-0.92303216,5.7286296,1.055762,4.3555894,0.045432867005813955,0.020408605961551644,0.20159988,0.10825546,Februari
-114.92522,79.74722,113.00187,28.99775,-15.667945,21.834425,50.524536,18.931562,6.947901,8.439582,5.62048,14.77563,-11.115821,16.446987,6.259542,13.064097,9.2082,4.7275896,-4.4365726,13.748718,11.49343,8.190639,20.745693,5.228629,1.9456004,5.155245,10.955525,4.9999304,4.1233892,4.255676,-5.4001193,6.7533026,0.16703153,3.389374,-3.650317,6.867182,-3.384074,7.781296,7.469538,2.6111476,-91.52625,41.458477,141.54117,7.509414,-11.264597,15.572532,37.278996,7.846199,-7.8761525,16.191135,16.539433,6.193054,-1.842868,10.985428,-12.791962,5.05687,9.865884,10.542755,-9.659086,13.312808,13.326387,13.878707,21.405586,8.962604,-9.094912,4.988121,9.32802,7.6672235,6.116915,5.145719,-6.757487,7.924071,-2.6063757,3.1304104,3.5113606,4.5422783,-7.507446,8.094365,6.6376343,3.5758936,-150.71715,78.312584,113.98784,10.426008,-9.6804285,10.51012,60.69613,28.07938,4.1366277,10.817636,9.375713,14.297037,2.8447428,12.241887,4.4273005,15.427711,11.108062,8.48799,4.425481,14.469327,5.2692637,5.7745194,12.76749,6.466152,-1.4501882,5.660451,6.3295155,4.387955,5.6314306,7.8532233,-0.3979266,7.7772465,2.5458522,3.2751687,1.732672,6.543904,3.2825649,6.0962515,3.7682729,3.317083,0.0477562881097561,0.0169856496498434,0.19959006,0.09614874,Februari
-102.09322,65.51556,123.084145,35.16647,-12.557805,23.292706,46.047348,13.360264,11.505392,7.926625,3.341736,13.682762,-13.727154,13.045001,2.1697526,14.471221,9.071385,7.3381724,-6.4240975,9.761059,9.755934,9.6853895,16.78013,7.4188733,-1.1683125,5.5875325,8.115299,5.199428,2.1203403,3.1552083,-5.4479017,4.903136,-0.0077875396,2.9931777,-4.032572,6.2883377,-3.281455,7.413782,8.45426,3.803117,-76.47051,33.537334,138.30759,8.95992,-13.588853,15.564677,38.865406,5.448957,-10.307665,15.49011,17.488453,6.7883444,-2.9060276,14.3317995,-10.695631,4.115472,12.951699,9.893202,-8.043033,15.7858305,16.726656,13.988585,21.28976,10.235516,-8.751306,9.018528,10.850363,7.4239516,4.0135036,4.001387,-6.929227,9.410111,-1.9560138,2.0760682,1.2826983,8.015171,-5.5714107,6.706594,7.16509,2.773839,-162.97008,60.91142,110.24817,12.017927,-2.9118166,10.696977,56.5326,30.06377,2.4507275,9.320384,12.24968,13.666056,3.617782,10.087066,4.946667,16.457048,6.7097974,5.3369403,-2.6098094,16.451233,3.7094274,5.49281,10.238297,5.598722,1.5881091,8.915775,11.122818,3.7314422,3.7337193,4.903805,-0.6038921,4.4568706,1.4367299,5.3024826,-0.5119495,4.7594485,1.1817172,6.6466007,4.177857,4.5499086,0.055513822115384616,0.019998955407786977,0.207038,0.10943622,Februari
-112.685844,80.617714,111.48905,31.504295,-16.755974,23.138193,48.79053,16.6105,4.1350083,9.408308,3.993706,17.32716,-7.7569313,15.520711,6.0513268,16.45317,11.734489,4.7617955,-1.7788033,10.172514,9.5591545,7.1767178,16.960539,7.4872975,0.75488216,3.2760887,8.733636,4.1838355,2.8528843,3.6059067,-3.9984381,7.089821,-0.47869658,2.5036433,-3.8003871,6.341507,-1.1474775,8.656406,7.98918,3.0291278,-103.87323,37.054276,142.87059,6.2552614,-7.2934003,14.295899,38.025234,8.763195,-2.707733,23.00964,12.551841,2.828076,-2.210808,10.866164,-11.698192,6.3966384,2.131721,8.748716,-10.11192,9.17146,5.5666084,15.9097395,19.976698,8.504985,-5.5722866,6.5409384,10.679192,8.777477,7.477035,4.5135846,-4.6016445,5.392732,-3.6490657,3.7675204,4.5273776,4.7900944,-7.4809337,4.7300777,8.043396,3.0803378,-109.09149,74.99658,119.13408,11.30676,-14.002039,13.828623,58.131844,25.912806,-2.653701,10.855387,10.873163,10.567276,-5.663549,14.282391,-1.6742842,11.806398,10.173417,7.2919803,-2.8465405,13.688242,7.359954,6.9702177,9.669663,4.029168,-2.8989558,7.2971177,8.1998205,6.648962,0.98894054,6.094416,-4.4136767,8.584562,4.2257276,4.9567986,-0.8486978,7.897309,1.5270587,5.5739446,4.9028463,4.8936796,0.051115337171052634,0.01999573149529356,0.2144156,0.106547624,Februari
-125.50487,84.28219,108.70181,26.531353,-18.04181,22.434248,44.843758,15.729825,12.413856,4.0238314,4.9673853,12.914888,-14.087261,19.44632,3.9987433,15.197786,11.796663,3.8258543,-4.244141,10.294639,6.0122004,6.5074196,16.144909,7.451901,6.0310373,5.2192926,6.0691447,6.017171,0.396139,3.8758953,-5.9471903,7.955061,3.0586228,2.982316,-0.04756753,5.804119,-4.818973,7.9455085,7.4461284,3.9245446,-97.45748,42.69564,141.57994,8.695195,-13.502277,15.661736,31.871696,8.50886,-3.0118265,22.667303,13.395924,5.2047496,-1.8185401,14.036612,-11.067688,7.2564588,4.1875625,11.494492,-9.872545,11.815974,11.767726,13.731385,16.703495,12.460696,-8.800577,5.1946206,10.267899,6.59828,4.708983,4.3792863,-6.577499,9.016687,-0.894586,2.147713,3.440468,4.9671717,-11.677979,5.8818736,8.450896,5.700695,-156.93698,75.56474,118.11665,11.929141,-9.089965,10.261236,54.879513,28.035364,5.5858216,8.757242,8.422573,12.495331,-5.7090936,15.393568,0.8970197,12.018666,4.7730656,7.4998507,-3.2326653,16.826439,3.6300027,7.7086134,6.628787,4.9626036,-3.1969743,6.7824,5.8755636,6.7869525,2.2633584,4.65811,-2.2308354,8.715852,1.5941942,4.172146,-1.0768836,6.56531,-0.73601013,6.262764,4.1505914,3.541293,0.05408012576219512,0.020227382161869287,0.18198234,0.10689552,Februari
-103.64221,63.27764,118.04889,33.856007,-16.470976,24.695145,44.71226,17.956654,13.428403,6.2920475,5.2669654,12.243521,-14.77432,15.954827,0.06858023,14.618411,8.230951,7.084068,-5.2433815,9.530713,8.35187,5.4619527,19.90062,6.71842,-1.5852933,6.253011,8.130917,5.2829633,4.8749747,4.385437,-5.1001015,6.5340796,0.081813365,2.176578,-1.3886298,4.7336745,-5.077479,7.151308,6.37575,4.0713644,-71.18235,45.154804,143.16437,9.216482,-17.822512,18.87337,34.154366,7.082251,-11.247761,20.353855,17.067175,5.1759653,-0.8377693,15.263037,-5.740364,4.416049,4.9040723,8.539452,-7.995134,13.303378,14.637456,13.828719,18.40897,10.564468,-8.633728,6.7890577,7.088558,6.967032,4.1721897,3.378988,-7.343926,9.769179,-0.34018055,2.3513057,2.285234,7.5794353,-9.933906,6.3989077,9.55778,3.1148837,-121.087364,75.426834,115.88195,10.565576,-7.7407594,12.6593075,64.475716,30.81914,0.63448364,12.053853,7.8456254,17.0298,-1.8744749,16.374998,0.34495258,12.267609,3.9649951,6.470676,-6.362491,14.183583,2.5115914,5.789077,9.103774,6.3990965,-3.92397,5.088839,6.4200935,6.590049,0.530817,8.244972,-3.1661415,5.5846624,0.64675903,5.118317,0.7780299,7.4152064,2.24007,6.9104195,3.1533873,3.626564,0.05844455295138889,0.015160247976517965,0.22179523,0.105452,Februari
-127.40105,74.23095,117.02799,28.009987,-11.376577,18.49662,44.515617,13.110318,10.462337,7.220299,12.115393,12.866085,-3.54977,19.114822,6.840607,19.417011,8.753808,5.0230284,1.8704145,9.791971,3.0236487,3.7472017,12.021656,6.541221,2.4167972,3.6212294,4.641827,6.536814,3.0692897,6.769543,-3.6501482,5.9367924,-0.29386044,2.7691743,-0.010085674,3.9079733,-4.3075213,7.2997994,6.1620264,3.8249052,-81.82653,44.982864,147.53366,9.420579,-5.691938,15.069211,32.883327,6.3819265,-8.764957,20.482843,18.470947,5.1741924,-0.042550452,14.071937,-6.641577,5.942739,3.385011,9.953308,-7.672125,13.72672,8.676365,16.886162,15.886241,10.971408,-8.611976,7.2353234,11.217193,9.222097,4.3032618,3.9602246,-5.10919,11.76509,-0.9497014,2.0962646,1.1136615,5.099764,-8.800978,5.6048846,8.508959,5.370861,-112.44485,67.86608,119.67842,10.818971,-4.347463,11.882148,61.61709,25.535738,2.8110836,9.997016,8.09898,11.446159,-9.69528,19.216446,-1.1891912,11.927867,11.002199,7.57516,-2.7317371,18.367208,1.711263,7.7153254,11.001991,8.583863,-3.6266255,7.3744855,5.4026423,3.8619707,4.8309946,8.844303,-3.6352267,7.6482716,2.7847905,3.1223085,-1.4604089,8.255244,-1.1611178,6.0459924,4.6056137,4.8133845,0.052490234375,0.017462455802976236,0.21723437,0.11237332,Februari
-117.76208,68.271935,125.19633,28.165937,-15.640667,24.364378,48.19905,14.473213,6.836926,4.441769,8.580956,15.047992,-13.1206255,14.975414,0.34007514,17.003584,6.8974023,5.0469265,-1.296875,8.77031,3.2499824,6.1874566,16.008554,6.7643046,1.1540383,5.62597,6.34343,3.465538,4.9694133,3.2021308,-4.152896,6.2453766,-0.92943,2.3784976,-2.954306,4.5646996,-1.9203906,5.502555,8.008641,3.1948886,-68.736305,39.264988,138.53526,7.958911,-22.137367,18.404778,35.24891,6.2552586,-11.492554,17.288292,14.9787245,4.089842,-8.128064,15.7664995,-12.421592,5.0441613,7.907952,10.353056,-9.182937,14.923563,14.8944025,15.137497,21.565756,12.146711,-9.614899,6.522767,6.579274,5.306186,4.6049495,5.611236,-8.014949,9.709206,-2.70539,2.493236,2.5317154,7.6293774,-7.3632975,8.4993515,8.760893,2.0355434,-164.12782,70.35201,113.179436,12.093538,-5.3200374,9.829281,54.621452,26.63385,5.5712175,8.035416,10.67256,14.314308,-2.753126,14.971606,6.5385513,11.479308,6.1091933,6.540955,-4.896032,16.686852,-0.1573188,6.1974864,10.117932,6.1311684,-2.0116587,7.724453,5.276571,5.265225,1.5759957,5.2045555,-0.15858796,5.82504,2.7251718,4.0438933,0.3457942,5.0592937,1.5336313,5.235184,-0.3887615,3.4075017,0.05494384765625,0.013935698927415367,0.19102037,0.10548656,Februari
-141.51234,82.70932,116.789116,28.6514,-16.638205,19.467173,37.25107,12.63152,11.939166,4.825444,5.591228,13.003388,-17.650175,20.243155,1.2957358,13.790372,10.54798,5.897442,-0.0049485294,11.747894,5.016279,4.1689725,15.302837,6.1836867,5.947328,3.6085687,7.643495,3.915221,4.309782,2.9989262,-2.949176,6.379655,-1.8598498,1.8136309,-1.6816623,5.4420815,-1.5957218,8.25322,3.7671869,4.2123866,-117.07452,34.51891,140.74165,8.163264,-10.193297,13.282703,35.727707,8.981433,2.025426,26.34193,13.359246,3.8588555,-2.0571163,14.987665,-10.364182,3.419331,-3.9538572,7.4629154,-15.633402,7.5421844,7.0953474,9.704061,19.694304,10.591331,-9.376,3.614356,8.811977,8.772335,8.493893,5.4745173,-0.41767597,10.693033,-3.1197999,2.082992,5.323415,4.0641,-7.9614787,7.0687575,8.077747,3.2864845,-87.56495,69.67442,124.42548,11.553431,-14.626781,19.146013,60.384964,26.043587,-9.249887,12.48371,12.012633,13.130933,-12.101983,14.998419,-5.4425716,6.930881,8.160787,9.776429,-5.577413,13.496898,8.660399,13.068507,9.1807575,6.5044794,-9.34363,8.3376665,7.183512,2.7515333,4.1905956,5.0195274,-7.922979,8.723275,2.2295442,2.7249005,-2.529692,6.0180655,-2.0649688,5.4950514,4.601869,5.246772,0.061648995535714284,0.022829535364827114,0.18848538,0.09161447,Februari
-149.65443,85.49292,107.9087,19.343784,-11.57216,16.987741,34.391968,14.296465,10.076159,6.196401,8.542314,8.54624,-8.718199,24.232939,7.8163853,13.196304,11.451823,4.2820525,0.7016947,13.813759,5.128893,5.8332243,10.963655,6.448575,3.5615883,2.4827826,5.2439513,4.3183618,-1.4852061,4.1399817,-3.0535862,6.0350204,1.3172003,3.4530115,0.8541746,6.622559,-2.3934336,7.5891,3.8547492,3.492649,-75.89662,48.370754,135.74126,6.3722386,-15.340639,18.680187,38.34331,7.308491,-3.3226664,19.47357,17.001204,5.19361,-8.880659,15.259906,-12.041811,5.788941,3.0810165,13.959863,-10.418247,14.389418,13.690461,12.497457,16.106325,7.7083077,-9.4946165,5.010494,8.230475,6.726649,4.6977754,4.75334,-4.200699,9.983261,-3.3575468,3.3294935,-2.5342016,7.5568104,-6.2386565,8.058259,7.4682794,3.365656,-159.52133,74.71515,117.40052,9.681118,-4.4495573,12.230033,57.39437,25.835522,5.9233384,11.132215,9.721817,11.740308,1.9018013,14.424001,4.011009,14.624267,5.2791624,7.9244246,-1.6997663,19.354202,3.000956,5.5049314,9.940877,5.6213226,-2.1534495,7.9126015,7.558517,6.0458727,0.6170318,4.651536,-2.0914636,4.3489637,2.0300038,2.654382,-2.0238433,6.7490845,1.2712173,5.585371,4.530889,4.502973,0.05702039930555555,0.024697977815204327,0.17886175,0.115927026,Februari
-83.645454,46.836647,143.86194,12.013899,-30.96957,24.058249,57.872334,10.7698145,11.031099,11.800104,0.70816815,10.6227045,-18.835014,10.208829,-12.5794735,3.3621762,6.2331815,6.096183,-11.121541,4.162575,2.3522544,11.074536,15.7725935,8.11199,-0.7097472,8.5734005,5.2093115,2.1674163,4.7639832,3.342954,-9.999631,9.076994,-2.1982021,4.016738,8.229697,4.985781,-11.444181,4.285447,-2.031232,1.6945153,-73.30973,47.41275,144.7013,8.676203,-19.061865,25.827051,32.959602,4.8305135,-17.850658,17.981573,14.178995,7.5663724,9.469118,15.5981865,-12.649734,6.714619,7.414717,5.7552505,-17.94328,11.583249,6.1421976,17.424482,18.567335,7.475519,-4.9467535,5.2906036,7.667404,11.002812,5.4282494,3.2421336,-6.273169,8.236471,-0.32679087,2.827621,12.305176,5.6283417,-17.55623,5.1378136,1.2112043,4.519091,-101.75869,68.91847,118.942986,15.834444,-16.26961,18.322319,70.36277,29.38695,-8.624257,10.916304,9.39009,11.537518,-4.3970437,13.582835,-6.045733,10.779343,7.0050435,12.663193,-8.760161,14.989535,-0.6656718,8.777168,8.022208,5.564241,-2.7255151,8.154135,0.75789624,3.72845,6.367765,7.825345,-6.646667,9.275106,3.5472393,3.209414,6.6366878,4.7074237,-5.017636,4.872011,-2.933962,3.8319333,0.05804443359375,0.014645258240602817,0.27032262,0.09247054,Februari
-173.92229,84.71988,108.81588,23.899128,-13.792048,17.364902,37.669147,17.251951,9.363904,6.5503507,11.639605,10.015186,-2.2794788,22.43018,15.194136,11.477143,11.073716,5.3894362,3.897279,10.528546,6.476722,5.1275587,14.589171,7.4063854,6.680308,3.3569067,8.999855,4.61312,1.9159149,3.0247254,-2.7742536,6.050377,1.5431832,3.4484541,0.2871545,6.023048,0.49872786,7.8653293,5.9739037,2.9003553,-95.09129,43.337505,139.00594,8.989705,-6.7773504,19.567564,44.01919,17.402254,-3.7710547,22.55993,15.969566,6.637342,-3.6043344,14.270992,-8.779246,3.361353,3.956557,10.706913,-10.06688,10.128161,7.643037,14.596579,20.576845,8.966595,-6.5691257,7.7541876,12.406394,9.284288,8.877551,4.752754,-4.7250605,5.184478,1.263918,2.8690372,2.0852904,5.8944583,-6.257726,4.579791,8.653367,4.166356,-136.47595,75.3162,118.0677,14.478583,-9.879821,16.141083,59.351273,27.514452,-3.258449,11.603943,8.385767,15.419397,-3.2915184,13.8229,3.70941,12.786358,7.2285147,7.416535,-3.102486,15.065425,6.301694,7.7132607,11.269313,7.971137,-4.7442007,9.4054,9.946296,4.1463456,2.8157954,6.3711033,-2.4762282,7.7569785,5.1920896,2.847378,-2.116818,7.404395,1.1531854,7.056462,4.7857885,3.5184999,0.04993785511363636,0.014813363265697824,0.16664483,0.09962133,Februari
-160.00194,71.98667,106.47269,30.646175,-11.134763,17.347212,32.64281,11.750192,11.941918,4.2050996,9.607086,12.060828,-6.784189,18.976698,15.7982025,13.262703,12.746178,3.1566443,5.8692565,11.208631,5.9558396,3.7745874,14.078128,5.9065814,4.315804,2.8369572,5.472756,4.859946,-0.37427554,2.1520007,-1.1241678,7.044158,0.84220314,2.9003427,-1.494564,4.8187323,-1.4687439,7.592871,6.840118,2.7189083,-85.98838,37.61514,142.14342,9.6469,-21.619165,18.357416,41.015804,14.46821,2.1270416,21.75971,6.96611,8.86223,-7.378799,14.968944,-12.523555,4.7213297,1.9385151,8.035112,-14.915732,10.008949,7.49226,10.850907,23.841599,6.452148,-7.400003,5.7332497,8.417132,7.8780093,7.6934333,4.9874187,-2.5295105,7.4125166,-2.7320497,1.8489901,3.2512038,5.663235,-10.920593,6.429584,7.3087173,1.5531276,-84.819214,79.50884,130.03616,15.1649,-23.22797,20.753849,56.93665,28.008572,-2.2424057,10.0321665,5.4157615,13.11006,-9.80911,16.322313,-2.2337713,10.676831,6.054979,7.700812,-3.4748046,16.058193,8.225343,13.027321,11.578226,6.301934,-6.6616592,9.268516,4.4927077,3.4040105,3.437611,5.378527,-7.969367,7.005913,1.3446732,3.539456,-1.9133857,6.664366,-3.5892475,6.9626527,6.307376,5.620229,0.05470034950657895,0.0216007237926203,0.21413259,0.11595009,Februari
-125.44808,68.80566,114.792305,31.67289,-7.3359656,19.601856,49.279724,17.110258,6.263502,8.282741,11.85935,8.559362,-9.518972,17.999163,3.5803626,15.0437355,11.3932705,6.6497245,0.06927908,9.464203,7.8091054,4.5385795,16.374645,7.726296,2.7796183,2.0625749,8.19522,6.7101665,2.6131353,4.060143,-2.9445753,4.7549253,2.2931437,2.7524018,-0.5790091,6.2522483,-0.81955236,8.150123,6.617127,4.200005,-71.86791,47.849453,147.36263,8.901306,-12.44661,23.723898,35.337566,6.0015545,-10.122039,15.948317,19.2422,3.884519,-6.8575215,13.6081295,-8.630177,4.1035576,7.7241583,13.038788,-5.9927793,12.132395,18.34797,13.659718,21.348482,9.328298,-11.419108,7.171033,8.5719795,9.085574,5.3594184,4.9649906,-8.282743,10.754892,-0.012214441,2.0112908,0.5012715,3.0256042,-4.9422073,5.8290443,7.6576033,6.2843,-131.21852,75.200386,121.86731,13.864694,-7.118659,15.082678,62.782772,29.682943,4.143858,11.326017,7.193518,10.466182,-3.2264788,19.340961,2.483303,13.503609,8.103569,6.0746226,-4.824919,18.5872,3.0644057,4.998477,13.060706,7.1661286,-3.1167145,8.443331,10.316565,4.784621,4.945024,4.3317966,-1.8142521,6.732785,3.861233,3.621653,0.94162166,7.6821504,1.2595694,5.3085575,0.8293912,4.389375,0.04974365234375,0.018069437133591455,0.22283559,0.11127607,Februari
-132.20338,73.278755,112.29146,34.63734,-18.227089,19.504118,41.50474,12.9044,7.350718,3.4758186,4.941586,13.791199,-11.212,18.496609,4.3259435,17.19755,13.571355,5.070054,-1.5121429,11.681676,3.77471,4.2704816,18.038328,7.123046,2.8914456,4.8063874,6.5484543,5.989012,2.1319213,4.244839,-4.552166,3.735063,-0.5030269,5.3643775,-1.8685969,6.5116096,-1.2296283,9.53169,6.467798,3.8710878,-70.41225,51.601036,140.36986,11.433857,-18.465923,21.869856,34.875763,5.3709264,-6.436933,21.091177,16.40024,4.7315807,-5.70308,11.97856,-11.656819,4.950449,6.0960574,11.582223,-7.1825128,14.459483,11.817414,14.593148,21.167297,13.065527,-10.941792,5.6060824,5.34108,8.43098,7.4053063,4.1470647,-5.928049,10.920858,-2.8472366,1.2183723,0.97947985,6.801652,-6.3639092,6.7395105,7.7098136,3.0800512,-137.2274,74.03911,116.95528,13.101182,-10.52356,10.25998,60.46504,31.000072,0.16126633,9.643776,8.999666,9.475324,-2.906244,13.450333,3.942298,13.411446,5.6367416,7.4339685,-3.3694737,14.656124,2.2388625,6.2684803,12.87983,4.8088512,-1.7584711,7.705507,5.08338,3.0614061,5.31181,9.629491,0.48014703,5.9523845,1.5895123,3.6993022,-1.0654258,6.9861236,2.0198176,5.678532,1.480132,4.277417,0.060475419207317076,0.025082679655643838,0.19974709,0.12090759,Februari
-153.65201,77.28954,107.7189,26.99372,-15.561211,17.694595,36.562046,17.304047,7.995448,5.1167417,11.226948,12.66719,-5.349683,19.796118,9.698783,16.329245,9.980907,3.8660564,2.8880823,12.595175,6.1870317,4.7385864,15.134865,7.0658684,4.7459974,3.4671369,6.6154175,5.9230294,0.9348192,5.653329,-3.559232,5.820565,-1.4341697,3.5809543,-1.830622,4.562438,-1.142509,7.097204,5.899043,3.074237,-72.89098,60.495613,137.09702,8.803496,-17.816906,24.234947,42.311462,10.358659,-8.946087,21.41704,15.366971,8.255332,-9.11278,9.836172,-14.389199,3.573442,3.191277,12.34461,-6.030117,13.962605,11.634769,16.108175,20.641123,11.430096,-8.119963,7.670397,5.198311,7.3450055,6.548734,4.030007,-6.7815633,7.355267,-3.4134936,2.4290254,-1.802638,4.3471394,-4.737912,7.722262,5.977146,3.3540068,-166.17706,69.97758,108.1546,7.071962,-7.683955,12.387279,56.4151,31.482702,4.265124,10.358149,10.892936,12.15482,3.9535954,9.749587,5.457868,17.0829,6.3659754,8.5530615,-1.559519,16.21742,1.5318978,5.3006735,9.914259,5.3653874,0.12724805,8.184595,7.6674433,2.3922136,3.9099894,8.057116,-0.09404981,3.8529017,3.398608,3.6535075,1.9794242,3.9367383,2.73098,6.350716,3.0295627,4.0712624,0.055246988932291664,0.02325730237471494,0.18090443,0.13200276,Februari
-122.90458,66.74382,121.09507,37.034157,-12.692594,20.327599,42.94726,13.005785,8.308459,8.10046,11.634821,9.494583,-10.750169,15.286544,-5.253995,17.831432,4.769185,10.0342865,-1.624602,12.33698,7.138139,7.177001,14.30525,7.1240606,-1.9995311,6.6748137,7.5520787,5.1371865,4.377152,4.607073,-6.468454,9.00579,-0.88447887,3.6515346,4.9474425,4.6554213,-5.9233956,6.7500267,1.4820527,5.9970446,-57.73716,36.03603,134.10838,10.067725,-19.59962,16.874,48.04063,21.621855,-17.017284,15.607675,15.902863,7.923179,-7.241825,14.648649,-15.360444,5.628858,7.4934874,7.3025475,-8.9162,15.468192,14.488569,15.441109,16.635382,9.18504,-5.8279624,7.937243,5.811094,7.9284,3.0369744,5.099382,-10.710961,8.81166,-0.22442566,2.2726204,-0.59695965,5.2918344,-8.091455,6.7087817,6.0075493,8.103318,-190.42584,57.24161,103.00148,3.7812297,-5.646024,11.084794,48.0967,34.60204,-0.39161187,13.943187,13.930147,4.6054482,9.453589,3.636265,5.4966106,17.092634,5.4499707,5.8719583,0.64762,14.902992,3.497027,3.8036249,7.714845,1.8735155,-3.3498683,9.081595,4.4175,4.5268445,2.115889,6.298611,-0.7613959,6.69454,2.5843651,4.3461666,4.772316,3.6325161,4.520369,3.5032187,1.4860467,5.543364,0.06038789970930233,0.02165729277767048,0.20117001,0.13257305,Februari
-125.27378,72.10807,119.48092,25.028353,-10.128316,20.324608,47.401524,18.885426,10.634245,9.311157,7.6640058,13.606365,-9.925698,17.232704,7.0944824,10.55594,5.3214993,9.929542,-6.6525,12.840818,8.085762,6.581842,17.672205,8.632607,1.5565077,6.165953,5.4872108,3.79478,2.7650397,2.6098812,-3.2081046,3.3807027,2.4492898,3.9752665,-0.9399615,7.584288,-4.4325213,8.662662,3.7240977,3.3701794,-70.20399,40.764473,136.59914,12.430965,-13.811917,16.03681,41.481846,13.773494,-16.109343,15.810215,15.201335,8.576467,-5.085156,14.3827505,-11.375963,6.8090696,6.9585114,9.340987,-5.886868,13.571461,8.875655,13.937845,15.322568,9.711431,-5.5141625,7.0757146,6.0511107,9.373241,4.004384,4.20424,-10.447037,9.087594,-0.6513624,2.2565577,-3.3137703,4.811583,-9.36415,5.3515143,6.419656,5.327604,-171.0457,60.329876,108.45021,6.0731163,-3.2987382,8.401803,59.072594,34.291183,3.6302311,11.562068,14.217614,7.7822814,6.55603,7.28428,6.12094,14.356793,4.189033,4.0306435,-5.9329486,16.454958,3.5482996,3.116719,7.8099723,4.7533937,-3.645105,9.703622,9.416699,4.0488915,1.2051437,4.860718,1.5913061,4.7179127,4.397046,2.8872907,4.486926,4.9134703,3.4514298,3.5591986,-1.5416516,5.1307187,0.05089750744047619,0.01613996649023291,0.19830404,0.11633207,Februari
-117.54564,82.180305,108.38893,32.468605,-17.32159,20.200659,43.23401,17.831936,6.459117,8.41242,8.322508,13.4519205,-12.516663,17.44211,5.0688596,14.845198,10.612284,7.4057336,-4.9951553,13.429246,9.282917,8.604546,17.401854,6.1569724,-0.40582672,3.7795808,7.111848,4.82169,3.9853833,5.256619,-7.0856214,7.5463333,-2.0145795,2.9099846,-1.8219575,6.8863854,-3.9971414,6.512554,3.2646165,4.333818,-88.54674,45.610588,138.20117,8.119505,-6.6854367,16.95245,40.8561,9.75699,-10.136239,21.713707,20.905945,7.37515,-2.0693164,11.717424,-11.329631,6.264817,3.0216868,9.191014,-11.246296,11.614923,12.96768,14.666542,16.371738,6.85338,-8.301802,5.509364,8.01642,9.469101,3.5298216,3.0957642,-4.3995204,8.162901,0.9652569,3.205398,1.3647224,5.0999093,-9.525816,7.511831,8.004427,3.5861561,-131.23079,77.42211,115.336624,9.688259,-9.403873,12.95894,63.661007,29.854128,-4.8110046,12.919947,11.183793,11.919345,-0.10675672,13.084209,-3.5461314,14.04506,5.0594177,9.363086,-5.9417987,16.901932,3.332661,7.986855,8.7104435,4.321928,-5.7219043,9.494058,5.5575843,4.2300158,0.8888668,5.6762314,-3.471811,7.854178,1.177645,3.537493,-0.58045614,5.815813,2.550577,5.406448,1.2748863,6.0809846,0.058403201219512195,0.026067504531018294,0.20616885,0.11472415,Februari
-119.13811,63.76412,116.24261,25.294596,-16.925636,17.722553,52.071888,20.595255,5.7629642,10.834601,6.752276,11.308725,-2.7894795,16.557453,4.114122,14.642257,9.352138,7.322141,-0.4811338,13.2451315,8.21157,6.4163175,20.688244,6.3041945,0.25909004,3.3474603,9.092752,5.4065046,7.488363,8.33496,-2.8025484,5.9940686,-0.3102092,4.3389277,1.4986428,6.192819,-1.456601,6.6392584,3.9773154,4.8251176,-73.928856,33.63226,141.31007,9.675074,-7.3670697,15.21621,42.502514,11.636134,-9.788787,18.155481,16.40233,4.7171726,0.80277497,15.054161,-6.8794475,6.2864532,4.8314166,8.33801,-1.7074639,11.952105,13.841955,13.486431,17.46797,6.9994016,-4.665932,7.8492413,8.925546,7.2458777,5.4800134,5.0686564,-8.224053,9.2564,2.672807,2.077169,2.2368557,6.1429524,-6.5725284,4.382074,9.103923,4.74668,-150.4209,58.650127,115.79914,10.39167,-5.442602,10.061649,59.151295,33.40175,4.2557244,9.512859,9.3772335,6.4123297,6.4650354,8.857139,4.872288,14.523958,2.9648657,6.759536,-3.0589297,15.771486,0.75583404,4.9978423,9.010888,5.259321,-2.1049702,6.8506193,3.504218,2.9715154,4.384231,6.749983,1.7017988,5.0395427,0.71787465,2.7068183,3.4301386,4.6178703,3.1271627,5.41713,2.2097268,5.904297,0.050520833333333334,0.014094939315849903,0.20697795,0.11636298,Februari
-177.34808,74.17842,105.72287,17.83726,-12.850089,13.175089,34.14606,14.755914,8.623126,5.750218,9.603036,10.406295,-2.275443,17.886665,15.063231,6.747419,8.802271,3.7072804,4.063713,10.599831,4.514785,4.4262204,10.488139,7.239614,7.517405,4.7385116,4.1160374,2.4325266,0.9715464,2.4426615,-1.1794431,5.1219163,-1.8602055,1.465204,1.9696734,7.61996,-1.3475056,9.946594,6.9260907,2.9377987,-97.87564,44.958843,138.62631,10.893255,-12.775182,20.263124,50.88419,13.687466,-5.6325955,22.516361,12.857729,9.388416,-5.6488066,14.957648,-9.112632,9.55027,4.8336387,8.386054,-9.338436,9.514524,6.266341,13.260265,16.386095,9.160395,-5.2794523,6.567213,8.262955,5.018977,6.3285956,4.986312,-5.980063,6.5726047,-0.577506,4.1191106,0.4313349,7.2902026,-10.9281645,7.0893164,6.282372,4.710796,-137.6354,73.74438,115.740814,9.298971,-11.334377,14.213757,59.127304,28.250519,-3.7199514,14.555833,8.562156,11.961462,-1.7934607,12.679836,-1.5192531,12.311185,5.6809516,9.1148815,-2.307857,15.556854,2.063767,8.526593,6.104752,5.4629674,-2.6211836,6.6112914,4.269442,3.390342,1.3043072,6.848469,-4.7711053,7.747019,-1.8947805,3.7411911,0.668865,6.546536,-0.84411484,7.178999,2.0350862,5.685997,0.05298394097222222,0.01767569798787599,0.16699313,0.11122788,Februari
-85.51698,49.03964,120.80546,26.715155,-23.614737,22.370052,54.635227,15.681094,11.40298,10.961417,5.8766203,12.091269,-18.161259,11.484646,-9.460562,6.6614375,5.9870944,9.536331,-15.645869,10.088376,-4.731019,9.265308,15.78359,9.148257,1.0672262,8.585394,5.350609,2.9509332,6.1676884,3.356213,-9.694947,8.483512,3.5107474,4.7525616,8.190049,6.7064643,-14.957738,3.4074082,2.3066213,3.254516,-78.65837,38.542805,141.5346,15.985033,-18.46843,18.352884,42.258915,21.538132,-13.747089,14.769521,15.906732,10.554035,-3.1131492,16.262424,-5.726237,6.0954123,10.499375,8.397212,-8.9145155,15.942278,4.9580035,13.185154,14.944652,9.74934,1.2884036,8.593069,7.698599,7.7916965,4.3975554,4.953861,-8.669477,8.555724,5.9625163,2.8704758,5.9026737,6.198846,-12.095095,8.040273,3.6843705,4.0515347,-203.09872,60.50193,104.87359,6.438568,-3.1808712,12.742443,50.162945,35.320786,1.9849799,10.554918,14.421877,6.2731805,10.082601,3.6352315,7.766813,12.856829,-0.07157258,8.757422,-2.7258084,16.6466,2.463242,6.143877,5.5183287,4.173378,-2.8312876,7.5108285,3.321999,5.9329686,0.5957863,8.146161,-0.026520627,3.732703,3.5195775,5.5661273,3.6205404,3.377861,0.44991645,4.470827,1.1182945,4.2479744,0.0606201171875,0.014060274583840309,0.18796602,0.11083738,Februari
-98.47193,57.836708,121.50775,34.58855,-20.791649,23.170517,51.31576,15.647745,5.374388,8.074735,2.226965,13.560806,-15.482041,12.405269,-2.0974128,13.858877,2.0689895,9.488165,-10.896655,9.369548,5.413715,6.047877,20.07773,6.3682265,-0.33889166,6.3482547,4.5119777,4.4867377,3.5612419,2.5794654,-5.253227,6.998344,0.28062114,4.1772094,-1.7408386,7.9469285,-8.130795,6.135807,3.0644162,2.5979764,-75.50364,33.719757,138.40309,8.159234,-16.913065,13.758314,39.94629,14.1572895,-14.30351,10.072327,15.240123,6.188955,-4.7799826,15.068753,-11.433701,4.460346,8.612239,7.454855,-6.8506064,13.340648,16.444595,13.182754,20.483437,9.548989,-4.8830037,7.446106,8.737653,8.876376,2.6216452,4.9750776,-9.611131,5.8775964,-0.9877632,3.073635,1.4858066,6.893839,-4.416019,7.327958,7.6170354,2.7892728,-169.09279,64.727776,110.01902,5.3992963,-3.0524313,10.402594,58.21783,36.915417,3.2429307,8.630013,9.60698,8.166693,6.789628,8.934934,4.98644,14.151512,1.243599,6.2365575,-3.9825313,16.335552,1.4897463,3.5489511,10.84788,7.224727,-2.9854338,6.2527833,4.5882864,4.2519965,4.1398435,6.9035997,0.052395444,3.7991168,2.2100742,2.973469,3.5859237,5.5764112,3.597998,3.8797126,4.004108,4.2354283,0.059171977796052634,0.017072159282601407,0.20154728,0.10848705,Februari
-104.86418,73.360085,113.59575,35.85311,-26.242558,23.040255,48.997902,15.963125,12.316719,4.909936,7.8751726,8.1164875,-18.893234,13.883073,4.8698564,10.299983,15.568555,6.495654,-8.388962,12.146525,10.108583,8.124411,17.041634,4.550875,11.016015,5.231483,7.6763086,2.8735445,0.8058159,2.287898,-10.5840645,7.7505093,3.0839105,5.5993013,4.3559813,2.1630433,-13.8225155,7.092323,7.755988,2.9718282,-131.39383,31.3005,138.17397,9.407955,-11.7942705,17.499857,35.31766,13.649069,-0.19656143,26.785913,15.339482,4.597639,4.399099,14.244321,-11.371729,7.133148,-2.2524178,3.3554885,-22.997631,10.417434,1.0729334,10.697138,19.107433,4.9677916,-5.2949176,5.926358,9.681149,8.72381,3.7770085,3.1717079,-1.8316433,7.478975,0.79572,3.4679868,12.069446,5.6410656,-15.545873,9.5756235,3.9525275,3.2433188,-98.485634,41.622944,124.79273,17.162703,-18.998695,26.211826,61.414215,32.55715,-9.788731,11.506828,11.123523,14.356476,-16.529654,10.696875,-7.8377686,6.6313114,6.0378017,8.787758,-9.902479,16.239058,8.632623,16.066784,6.76572,7.297543,-7.593413,8.676805,0.37134537,4.6792293,3.8396032,4.7175794,-10.254989,7.4951224,6.9787965,2.11119,0.8709781,3.665642,-9.910339,5.426235,0.57091486,7.4779153,0.0604095458984375,0.01611708827272492,0.19054481,0.067331955,Februari
-104.23552,73.37737,121.03889,33.75441,-17.091228,22.81835,44.88613,13.708578,12.875734,13.223151,12.160529,9.44776,-19.8303,16.746773,0.74303377,14.057353,11.043817,10.636255,-7.539147,10.605766,4.270667,5.5582542,13.657085,5.6137505,6.112856,5.753736,8.843744,3.2031689,3.49007,3.6833515,-6.7312794,8.165581,1.9998562,2.3649545,6.5012975,3.269945,-10.996837,7.0676613,4.236961,4.9507265,-61.656334,41.32982,142.8246,7.8978453,-26.073662,21.761642,33.02194,8.172455,-15.567776,15.745562,16.295193,4.226879,-3.5449893,16.163689,-8.188766,7.4354076,8.506458,9.492015,-11.188729,16.03449,11.33485,13.82748,12.073617,11.506669,-5.7630215,7.760793,6.045061,10.870368,3.4634452,3.2998314,-11.236566,10.742963,1.0842096,2.4999928,7.2704487,5.104431,-12.139504,7.745025,2.1051798,2.756311,-155.9007,74.48428,115.30204,11.720302,-3.7754006,15.968322,66.85384,31.938725,0.1889556,13.705086,8.413107,13.920765,2.0172033,13.461116,3.7685122,14.0884905,3.2681084,5.8492026,-7.537887,18.497854,2.2674387,5.309285,9.206196,6.0911937,-2.7259212,8.277653,4.5045915,3.9875667,0.4774286,7.4114094,-1.556417,6.4061546,5.943769,5.6341386,1.568894,4.179692,0.53887796,5.840851,-2.9223783,6.1919065,0.05618990384615385,0.021007121472547567,0.21483876,0.1061924,Februari
-129.08177,93.80251,113.69187,25.619305,-20.385431,22.580297,46.038197,16.652576,8.195741,7.51083,10.025517,9.846185,-13.725971,18.132294,-0.050299644,14.065766,8.79821,6.080141,-7.6990304,15.488258,6.7547193,5.396974,8.208173,2.629254,6.9378905,7.223295,5.72191,7.830333,1.5539442,3.8967566,-2.3471136,9.073518,0.71916556,3.9546688,8.610957,3.485829,-13.823212,15.854506,2.4237392,5.2056055,-63.40948,42.97067,132.77406,10.791901,-17.145206,25.995594,37.069458,8.862315,-14.302407,24.099651,18.810862,3.560656,4.474621,12.987084,-13.978509,5.338947,5.5708776,8.87459,-22.169802,15.889828,8.377349,19.936918,10.407002,8.76003,-5.6263947,5.3429055,8.14211,13.066262,2.4951985,4.46371,1.0342556,8.519777,3.0865824,2.4094665,12.735108,3.849323,-20.175821,6.4087615,1.8079182,3.1728835,-79.84909,80.936195,114.94883,13.13399,-22.03227,22.220776,71.30642,32.9415,-11.059541,11.069857,12.439301,13.86947,-3.368602,14.758545,-4.329288,9.177435,8.540342,13.047869,-13.51178,14.861563,3.6796124,10.499708,1.181172,6.6078057,1.4769887,10.97657,1.6321176,3.1255422,2.457908,7.86604,-6.186003,8.229931,3.8961556,2.0549052,7.1657233,3.996877,-8.76982,6.2903857,-1.8492311,6.0642567,0.069091796875,0.023398614343913538,0.23023804,0.101945646,Februari
-150.24126,95.50955,102.5223,29.138933,-13.527612,17.846642,35.15233,13.440001,6.746691,8.82892,10.210592,10.895754,-8.271432,19.463018,9.274013,9.536734,11.57414,4.0454435,1.9023327,16.37548,10.35598,8.005989,13.773473,4.5834265,5.2051053,5.5812254,4.5400305,6.6314454,-2.0547802,3.5407991,-5.8392105,7.1152267,0.30523798,1.4330257,0.40253964,5.7992854,-2.0015337,7.4887323,6.403501,5.36479,-104.784035,36.430206,134.76677,12.023097,-10.140613,14.852705,46.910183,13.894635,-3.386278,22.834524,11.196381,6.731896,0.27699915,18.863932,-10.562521,6.3467865,-0.32091692,10.840825,-22.941933,10.671535,3.740142,10.907171,15.86713,8.147531,-3.7448435,5.2417684,13.365657,8.180796,5.400053,4.807488,-2.4296792,4.6687245,0.53781766,3.3497448,6.697742,5.5048814,-13.5500765,5.4948797,5.442718,4.5228143,-65.6967,62.428802,120.56079,16.42038,-27.57487,24.57508,63.457737,34.60589,-18.113909,12.102605,5.870246,11.152917,-7.8379145,12.901316,-11.314872,5.668729,8.031396,11.612013,-9.337422,12.664508,10.368381,17.463894,6.486451,8.704526,-8.231499,9.126749,2.6363454,5.5975595,3.6721377,6.4507523,-8.922577,5.849331,-0.11386265,4.2560067,2.261728,5.673866,-5.743302,8.402227,2.2422109,6.115664,0.06527549342105263,0.019601188406002026,0.20878987,0.10446985,Februari
-86.81874,70.7146,121.52866,26.237635,-5.023997,26.778183,57.808094,9.911889,3.1214347,11.944778,8.432229,8.49778,-11.222481,18.61513,-1.7078065,8.39185,6.9340487,10.642492,-2.106311,12.010329,1.3470582,8.930485,10.003212,10.685263,7.839242,5.1728635,-1.8006728,9.245913,3.0119023,6.7965684,-2.8215146,10.046376,5.832686,7.9557285,2.5348918,4.090685,-6.6357965,4.809739,2.6824398,4.548926,-64.951385,34.826317,134.12529,14.601983,-27.679108,18.54824,54.63145,23.832113,-20.839573,17.97265,14.693475,12.470693,-3.6667976,15.868368,-6.2192297,4.95649,4.3380957,9.505278,-2.5585632,14.197769,3.7210698,10.412696,5.6546793,11.847253,3.1167336,6.9400268,0.1853605,9.480345,0.78891295,8.186939,-11.854654,9.794313,7.278779,2.7022054,-2.561806,3.875755,-11.144755,5.0228624,-0.88053256,7.7963295,-227.08115,39.186523,107.61667,7.9036775,-5.171164,4.6229997,40.758812,23.505817,11.768538,9.087052,19.885357,6.882776,13.178693,2.7056098,13.85991,12.075268,5.6930375,8.767584,7.334262,13.146347,5.868092,8.561102,9.369734,3.7648487,0.8871737,6.7146025,1.586568,3.0657504,2.9541838,7.455629,5.3936944,4.1548615,2.992161,2.179657,5.072401,2.3280103,3.5900202,4.8751974,2.0659328,5.3326654,0.04893909801136364,0.020634213230499403,0.20235652,0.11355421,Januari
-91.33722,61.229534,118.43649,21.441591,-18.752983,30.63227,57.616177,9.1725645,-0.6321562,9.483162,-0.79909813,10.222331,-21.869225,12.844569,-7.466338,8.687611,9.006494,9.033142,-13.356659,14.455683,2.593157,9.0788355,14.68406,6.061776,4.2449627,6.4553623,-2.5779784,8.000483,-0.33109277,6.3175535,-3.766377,6.224136,-0.07006105,4.909593,3.272112,3.2701304,-14.453554,7.8625245,0.16148345,3.1928458,-127.236786,46.519413,153.62526,8.442002,-14.533946,19.062765,45.693607,11.664433,-14.254604,17.519928,12.183426,10.388217,5.9161897,4.5890884,-3.809419,7.9276543,1.3684173,8.264495,-2.9058561,6.1122923,7.837449,9.621287,8.691679,7.639436,0.07448827,5.030023,7.683536,7.000819,0.16987148,3.230339,-1.2929788,7.2357,8.811077,4.12668,0.3995896,4.0183134,-16.682743,3.113577,1.581761,2.7138982,-91.32447,39.07072,139.62152,15.425591,-29.367884,18.137255,64.04985,37.617157,-9.986146,11.721593,11.815061,14.989189,-14.629809,10.125088,-9.890858,6.86297,10.442799,14.103109,-9.993218,16.51051,-0.8060458,12.153526,12.3063965,7.8126445,-1.8876895,10.388129,0.9787779,5.269514,7.307877,6.2209725,-11.42664,7.2549605,2.1138241,3.555756,7.620181,3.7165673,-8.91838,3.7869391,-3.2998521,4.8763876,0.05086543642241379,0.014924255922468547,0.22582683,0.05953779,Januari
-96.14318,76.25399,127.148705,19.875252,-12.659865,33.00481,55.754955,9.306998,0.98508096,14.830736,6.2328324,9.1379,-15.095652,16.232283,0.50016856,8.056451,8.708322,11.553288,-0.8926365,8.140442,-3.2093465,8.358318,9.854079,11.901623,6.018559,5.1736746,-2.5119727,3.0062656,-3.8201742,7.1221714,-3.3652735,5.778852,2.5612876,3.9508905,2.967192,4.2344346,-9.114985,6.7705526,0.10429204,5.0704637,-87.52334,36.85081,150.52933,9.949905,-25.822643,17.116789,42.27026,14.373016,-21.197588,16.100925,17.29696,13.837065,3.4325964,10.515497,-6.2356706,7.056224,5.450349,10.191816,-2.9638197,7.959368,8.607416,6.4652386,5.0975533,6.6725636,-0.86158293,3.826281,5.613087,6.887613,-3.8239462,3.9060278,-6.114995,10.749902,4.403289,4.36606,3.3098872,5.1179423,-12.673056,4.8017035,1.8257381,2.049634,-138.17625,79.74187,121.834526,10.0532255,-16.140314,17.124601,66.22175,33.943993,-2.423925,13.762077,8.106252,13.183135,0.1771497,17.489857,-1.9143658,12.557093,6.0284214,8.666837,-8.069831,17.228695,-3.1749318,8.996298,12.253765,6.723995,-0.12845431,7.382119,2.4031084,3.0730364,1.2962419,9.40536,-4.066236,7.147784,2.4067402,4.634298,5.568195,3.6303542,-4.268681,6.7481446,-0.031545836,4.061902,0.04996266084558824,0.01759396330458724,0.22041664,0.09593775,Januari
-87.20276,57.56478,125.936,23.173853,-11.335242,22.079943,53.971695,12.490744,5.3344746,11.600241,4.8879223,8.188971,-5.8975363,17.640049,-3.2654033,11.031315,11.158923,12.518683,-4.9916763,12.130745,1.5213096,8.912737,10.234699,9.478168,8.320564,5.5662436,5.3548436,8.948988,-1.0804286,6.0955963,-1.304322,12.040541,7.496134,7.5780396,2.8548784,7.3384986,-11.197529,4.8353457,3.4600532,2.386943,-75.20696,47.42693,135.23987,13.853734,-16.542343,16.877476,54.61972,28.389456,-16.842924,13.737745,18.389671,16.255466,-2.7853165,11.4836855,-0.8881649,5.7033663,10.991014,12.972592,-9.407381,15.009614,6.252513,8.028245,9.300468,6.6430554,1.2608513,6.6985583,6.499241,7.2231536,-0.45425248,5.8763723,-10.128862,8.457341,12.269003,4.177504,-2.8268495,6.8129196,-7.369752,6.055977,0.52797943,7.904583,-234.65764,13.6244755,102.422935,8.702772,-2.1194327,2.8978848,36.129898,3.9073675,15.867167,3.7059147,24.11682,2.635608,11.656029,4.4181685,21.168621,3.9581888,6.4648266,2.4767408,10.569629,3.3584864,3.145225,3.7285109,8.485256,2.410412,3.8420887,2.5484295,-0.41680783,3.2632914,1.7994488,4.788181,2.3951788,4.6467056,0.55042243,3.2435782,3.3612158,3.0252388,-1.700101,3.412338,3.6645606,4.6720705,0.04681521045918367,0.01925719333404487,0.1817737,0.108257346,Januari
-99.16133,64.96539,132.0741,26.43078,-9.70088,24.117039,57.32468,9.83517,-3.8964229,15.84185,10.367758,9.618779,-5.1561027,14.669299,0.20168456,11.966511,6.113454,10.147194,-1.1640421,10.3726,2.3189669,6.3478236,10.3921795,8.5414,3.8295908,4.891606,6.2096825,5.955565,-1.159335,4.652244,-3.8960128,7.4091163,0.89316314,3.9707417,-4.4129424,5.7504325,-9.450056,5.3559217,-0.41554347,3.7219584,-79.22486,61.462948,131.93468,15.218865,-19.422598,22.368395,59.383347,32.676884,-7.7967253,14.664244,18.009693,16.615,-6.870301,15.772078,1.3786907,9.211741,7.4807415,11.118833,-5.019067,16.667986,6.8633494,12.08578,9.920359,7.29985,-3.0960815,8.011525,5.947249,3.8360147,-0.4571792,8.223815,-12.362257,10.161581,8.185538,4.792645,1.0992519,6.8392787,-5.0849223,4.4266686,-2.6609783,5.1706734,-221.08098,5.027751,115.47765,2.8226008,11.724386,2.3996787,44.71919,3.5616822,20.136333,2.2531774,27.233862,3.4837828,15.758611,4.2453337,18.974983,2.8456266,5.8860674,4.9878983,8.890666,3.8287272,0.6085423,1.5196507,3.7337565,3.1367345,1.7165791,2.5154603,0.54118854,2.1760123,-5.239946,2.5183775,1.5213747,2.360681,-0.74836487,2.406087,3.878918,2.7299712,-0.5052832,2.5749362,1.880031,2.8699195,0.04263708726415094,0.02080718894578761,0.180695,0.097252384,Januari
-148.69908,83.66468,119.77592,19.117092,-6.556612,19.00705,54.293324,19.56361,3.9939227,15.827624,15.19157,10.624787,-2.3205185,16.463186,2.810344,13.178132,8.793541,7.7426076,0.4424093,11.62115,5.779147,7.0771585,11.066807,7.8329315,1.4879707,4.19451,5.325474,5.6697764,-1.5074866,6.404352,-2.0953927,8.293536,2.672638,3.9018238,0.8455026,6.533092,-3.2918596,4.805026,0.19512671,3.220161,-72.124794,26.819096,138.20184,10.877175,-29.354445,17.209099,56.939724,25.879885,-19.117018,14.049862,12.555249,14.782722,-8.40815,13.282034,-6.439291,7.009712,3.624364,9.291964,-4.112242,14.793523,10.413424,12.386243,8.350244,6.346008,-3.9630656,7.345328,8.130794,7.1133957,-0.60305625,9.173767,-10.24439,7.6497827,4.279591,3.6905801,-4.4783764,7.089113,-6.892474,6.1419864,0.10331634,6.1149273,-235.1272,16.37712,106.60546,4.1964703,-8.36269,5.3181143,34.69088,15.6974535,12.185426,8.5789995,20.562246,3.8633213,11.864786,3.7194111,14.916282,9.112637,7.5362864,3.1512501,10.754455,7.5297475,8.492407,4.17212,8.898783,2.5261712,5.3937535,4.2291656,4.5983496,4.097426,0.96115524,4.6723576,4.6152606,3.5466306,0.1406843,3.5728962,4.681131,3.92733,1.6346154,3.2559354,4.280245,2.399282,0.04844835069444445,0.01742541801050847,0.16275807,0.11199066,Januari
-85.17495,63.218037,121.90661,22.081572,-15.983252,29.151398,65.7083,13.019929,-2.8808973,13.701628,7.5784445,9.731265,-13.354244,16.570896,-5.869749,11.321903,1.76479,11.441931,-4.307519,10.444847,-0.2985731,7.4371777,10.309317,8.270669,-0.1388345,6.0162063,1.7731938,5.0086913,0.2226923,6.2115474,-6.9509344,9.047866,0.67032146,5.324228,0.048948925,3.253774,-7.866147,5.226535,-1.0219234,5.9365635,-47.253136,22.889112,133.78255,11.298745,-27.31723,14.549554,58.113575,26.65835,-20.935343,14.205471,16.193508,15.921506,-7.1946073,11.310972,-4.144489,3.9678054,8.210153,10.943021,-5.5002165,16.939934,7.599388,11.745377,12.536094,7.5738306,-4.324435,5.6113505,4.123874,5.9761844,3.6488926,6.456744,-13.381044,7.8257437,6.6520224,2.4727316,-0.9385348,4.3376675,-5.5691595,5.7584486,-0.14196688,5.171522,-214.11688,20.65853,107.93837,4.9642363,-4.9664416,4.578602,35.18108,16.024647,12.666458,5.9349537,20.293442,5.268039,12.42396,3.5300164,15.916302,9.450499,7.7051067,4.880518,9.144505,7.9558187,5.2187195,5.1122966,9.901466,4.263854,3.8125815,5.6033287,2.6532962,3.875772,-1.2080555,5.567244,0.00270617,3.6205862,0.34690323,3.4519398,5.26021,4.0933294,0.74293005,2.5971944,2.7266665,3.171498,0.051789656929347824,0.018439354511318812,0.20827049,0.12521644,Januari
-106.612976,64.83636,122.07802,19.50313,-9.545477,23.865177,64.83846,9.766988,-3.9132218,13.225166,6.561516,5.925798,-6.0645556,16.303314,-5.4411707,12.839574,4.9918375,8.654216,-5.036162,12.931458,2.1717486,10.248575,9.810658,5.6802487,3.0952437,4.590576,1.3622055,5.8300576,0.5860341,6.7219257,-5.3062162,7.419102,3.7924953,5.195384,-2.414727,3.8495646,-5.5766873,5.13964,1.8347311,2.5257654,-81.33779,38.468822,139.08578,12.7899065,-24.970325,18.983276,44.81916,11.893057,-19.678318,13.837621,16.942663,11.180244,-3.2679448,17.26635,-3.2648659,4.0748606,9.855536,10.807314,-1.1860523,6.7573724,9.212234,8.80197,2.1654477,8.332169,0.5677038,7.0068626,3.6504924,7.4533086,-2.439185,3.1790307,-14.833989,10.421598,6.7995377,3.8511016,-4.071733,3.7013774,-7.540783,5.9531775,0.2764302,5.3182116,-207.7392,56.354748,113.36122,5.8529325,1.5285207,8.104545,55.566597,29.212128,6.851648,13.198001,15.183707,9.074526,5.92701,7.498806,8.0935135,11.779529,2.2133527,4.654143,-3.240387,15.083439,1.2972372,3.8013887,7.0638857,5.729296,-3.069603,5.1686187,1.9355574,5.431836,1.6864887,6.6684155,-0.42501837,3.3015254,1.5315521,3.561274,6.938628,4.8951077,3.2051768,6.4736357,3.0329921,6.624521,0.052490234375,0.015818867044744427,0.16488482,0.09054448,Januari
-96.39338,62.197212,123.71687,20.987787,-14.849204,24.884684,61.649517,11.784265,-5.725547,11.090443,7.1062756,11.400901,-12.29576,20.081188,-7.0601664,9.93356,6.541919,11.103463,-5.648113,10.562913,-2.6587524,7.960015,7.3373647,7.5196753,9.726473,6.7764015,1.9735898,8.838575,-2.3545783,5.760761,-6.5599546,5.9539924,4.515348,5.0442686,4.527609,5.2435656,-14.441289,5.9154544,2.910669,4.607444,-61.966896,48.821976,134.66473,7.7548537,-33.807026,21.339163,43.816036,13.533841,-26.25355,15.5279255,18.65147,13.486526,-6.601402,10.639527,-3.23531,3.8539693,10.420386,10.591562,3.598925,8.380864,8.361284,7.8229494,4.755732,6.9002595,2.0913796,5.4062114,-0.19790095,9.67618,0.31520864,4.6904187,-15.447623,8.75468,8.699706,4.275699,1.2764373,5.385606,-12.6792555,6.8331017,3.9254098,3.7112317,-189.15767,71.19384,107.984985,8.418007,-12.021325,9.435381,47.29965,30.506966,1.8223287,10.740109,15.212508,9.968609,3.5050774,7.6393957,7.3468294,13.695688,7.1866612,5.3088713,1.2299302,17.849669,2.399618,7.5079765,10.094797,6.5649724,2.019068,5.8505707,3.2121937,3.0734227,1.1235174,5.381272,1.6054504,5.436299,5.3787313,2.7919834,7.1969447,5.542436,0.34056297,4.492319,1.141655,4.755166,0.060201505335365856,0.01938068510649011,0.19191213,0.10826229,Januari
-113.77259,74.01703,111.76229,21.413727,-19.184774,28.705086,64.01197,10.238375,-4.948439,14.115531,1.3333236,16.084827,-16.80622,15.185274,-4.110113,9.714649,8.708496,12.7347355,-12.100921,10.745134,5.8486447,10.881416,9.860826,6.700812,2.94197,3.4324605,4.761368,4.305446,-4.2233796,5.6245265,-2.9834394,5.9347982,4.3513217,4.1599154,-5.430313,5.225344,-4.749209,6.123298,3.9808178,3.3712533,-101.2015,47.879723,140.69606,9.205109,-24.222595,20.90487,35.59643,8.482369,-20.698772,13.332736,15.6286,10.627333,-1.9626311,11.202115,-7.4667053,9.1163845,4.7909527,9.131494,-8.414332,5.1178966,17.311409,9.746096,2.828785,8.005878,-3.8764143,4.5089736,7.4879966,9.559339,-1.9481219,4.3604345,-12.760838,9.7513895,3.704281,2.1829042,-5.207047,3.0123339,-8.476265,6.988508,6.0614166,4.7397914,-162.2642,72.846245,121.46749,11.051272,-11.338729,14.581807,59.88471,33.05949,-0.391675,12.78904,9.617373,13.144441,-5.415585,16.175219,1.5400147,12.653505,4.909058,8.407309,-12.413472,18.268423,1.0024525,6.0029855,9.635083,8.149133,-4.439301,7.5622587,3.8464215,7.5802298,-1.079432,8.259953,-4.3370633,7.4520473,2.1166942,2.5577319,-3.0748703,6.0295043,-0.41876253,4.593926,1.0288044,2.689749,0.06007215711805555,0.01684727015623447,0.17090362,0.07122321,Januari
-141.41582,80.812195,110.649796,12.951625,-8.163406,21.826578,47.659702,16.979036,5.850941,12.794045,10.612633,13.656618,-2.0236597,15.9617815,5.3764434,11.639547,10.660959,8.717609,-0.6566958,11.974386,4.84088,9.332936,7.6879783,8.052075,2.9154758,3.4109652,1.2446243,3.0707536,-4.97297,4.159753,-0.8378593,7.8270025,0.09821354,2.616728,0.6645219,3.5488877,-1.5332048,7.65703,4.043393,3.8935773,-66.99184,50.010952,136.03157,9.340356,-17.611649,20.666553,44.598515,14.007739,-17.185728,15.081922,13.595012,11.029438,-3.803358,12.186021,-9.979525,6.2638474,10.559942,10.237517,-6.9521346,7.113432,10.4709015,10.998243,6.759063,8.135108,-3.6968083,4.580806,7.8132296,9.215823,-2.4007196,4.370403,-11.577257,9.104082,1.5755725,4.4035773,-1.4645016,5.119052,-10.084431,6.9177475,5.16191,4.3036776,-152.60199,72.44508,117.36728,10.456915,-6.1133213,11.833947,52.329395,26.506191,1.8871627,10.231548,12.446136,10.575139,1.1209445,15.143813,6.025315,11.870065,4.026212,7.907297,-1.2942551,16.598988,4.2091055,7.650215,6.253675,4.135736,-0.9460392,6.7859077,2.610067,4.087802,-2.368478,7.9885697,-3.3961287,4.7620444,-1.6385351,3.390541,-1.759209,3.41172,-1.4044535,3.922071,0.16325738,2.388668,0.04990234375,0.016288114012403484,0.19306503,0.12306565,Januari
-92.07589,43.011032,129.60391,22.92824,-16.59278,20.00053,59.119026,10.087895,-3.2892137,13.227738,0.69909334,5.216753,-8.93315,19.32072,-4.5397487,6.3111215,2.2616715,9.30165,-3.8453968,14.145874,0.95044124,7.9285192,7.840878,8.884962,11.476722,6.6549044,2.609447,8.238527,1.2944628,8.445549,2.4262297,9.079013,3.1906395,6.847489,0.12717935,7.540934,-11.418178,5.013361,0.7004865,3.2717335,-75.909035,26.031857,137.84483,13.124817,-30.345697,18.38346,61.672153,28.373251,-17.01943,13.900364,9.6492405,13.402371,0.062622614,11.917523,-6.6103177,7.2048335,5.473991,9.658875,-5.6469626,13.291843,1.2476709,11.476419,10.598674,7.786002,4.630886,8.451715,0.28806904,8.136783,2.0997488,7.490625,-8.761228,7.859515,6.1613464,3.831928,3.351933,6.571659,-10.491579,4.3574705,-0.8148383,6.570903,-230.13635,21.55929,102.675186,4.3721075,-7.5700445,4.368915,36.410744,18.164562,10.503942,7.1845307,20.81697,4.913402,11.989601,4.8066554,15.905382,11.794882,9.850934,5.4016304,9.894012,6.6284866,5.461975,6.965349,9.078915,3.1891835,3.457667,5.1161985,1.2449671,3.608031,1.5185963,4.46988,5.693158,4.1844077,3.7341652,3.32668,5.9431944,4.7580233,0.6180826,3.6956556,4.141029,4.8108053,0.049016779119318184,0.018584514072334364,0.18043317,0.10467835,Januari
-109.35542,88.0756,107.07703,19.983122,-7.40152,28.49006,49.82357,12.845837,1.9725021,14.711181,13.390009,15.074142,-9.809187,18.448835,4.452727,8.396349,8.147708,8.388445,-3.7389274,14.778991,7.8004,6.762567,12.409097,7.5306606,3.555834,5.398099,2.4367285,4.237857,-1.5337275,4.166438,-2.5688813,7.436065,-1.9633881,3.3288338,-0.8042711,6.0349174,-0.73598176,7.18718,7.1472325,3.7570925,-93.60977,35.918602,140.27177,6.597224,-12.693845,15.400384,52.085007,15.408659,-16.81266,14.561486,6.7024794,8.272299,2.780523,9.095755,-10.20219,9.3489275,3.0739114,5.886837,-3.5569358,5.115506,3.5920064,10.415242,9.865183,7.3003883,-1.2662512,3.167108,6.722853,8.683226,-3.7653358,3.0653286,-7.662161,7.573198,5.175484,3.7135496,-6.332318,4.58681,-11.126778,1.9651097,4.1608205,4.1071916,-56.895695,47.346046,124.325165,5.8008,-22.623339,19.305641,56.73176,28.964975,-11.54096,10.248017,13.888174,17.392813,-13.194341,7.687552,-4.200208,7.70594,12.321092,11.090419,-8.548333,14.366726,9.932624,11.881149,8.046495,9.317965,-3.8340406,7.4897685,4.083964,5.9659195,1.260802,6.1003537,-11.633651,7.741517,5.3919654,2.9917078,-6.138883,4.265174,-1.1405793,5.7719626,3.710819,4.8239217,0.055078125,0.017429383716817036,0.25891078,0.09097801,Januari
-136.79324,85.690796,114.04242,19.34517,-10.46621,24.436604,52.669075,15.045879,-1.9952118,16.541586,14.402805,9.605776,-8.294526,18.828756,2.1813877,9.451277,11.495464,11.746988,-2.3169513,12.836754,7.341338,7.367464,9.342121,5.2882876,5.0351257,4.5162787,2.3164768,5.8215218,-3.6949065,5.086571,-0.2692519,6.895216,0.30785847,4.204597,3.588823,4.6343403,-4.205097,6.4379125,5.7277794,3.6381872,-92.106514,40.03986,130.52733,8.654322,-18.945023,18.1898,51.812717,27.98531,-17.68796,11.227411,15.891957,12.294194,-8.926937,12.820468,-2.6124864,4.790648,10.197894,10.141851,-11.726633,12.301199,14.0578985,11.800507,8.501152,10.488327,-0.5306144,6.702245,7.8401837,7.6340365,-0.76122934,8.019953,-7.0220914,11.543585,2.8905125,4.7256136,-1.2739769,4.3368044,-5.5602083,5.0766068,3.222025,5.920999,-245.88402,16.824923,106.39738,5.07767,-7.8261666,3.892575,33.783783,13.337256,10.331755,6.0772,20.355738,4.748289,11.88186,4.4050684,15.195884,7.3522263,6.73122,5.4085746,10.501856,8.349337,7.6410027,4.499383,8.0293255,2.4692078,2.4649808,5.08985,2.184529,2.8873687,-1.3919723,4.015804,3.509058,2.8653328,1.9802648,2.4822478,6.112295,3.0733562,6.2623873,3.3703845,3.1432133,4.650496,0.04986213235294118,0.018047803962881612,0.13126545,0.084702924,Januari
-129.72252,84.81878,114.13152,18.490812,-10.2929535,21.489254,55.98445,15.80749,2.181151,10.466024,11.80283,14.031264,-6.1129503,19.618279,6.5784826,11.772387,11.485371,7.1441584,-1.9170159,11.526866,5.484635,7.6536202,8.705823,6.1550155,5.783484,5.6988926,2.201165,4.2062864,-3.2184372,3.383705,-1.9889761,6.884179,4.4835896,3.9242704,1.6420116,4.269565,-4.999929,6.273831,2.767923,3.2717474,-78.90818,30.559313,135.46214,11.05562,-17.931065,14.031088,45.79107,22.818863,-15.954415,12.035224,15.675165,13.986993,-5.59017,15.463608,-3.7865374,5.723744,10.750797,7.670052,-4.199302,10.9646225,13.045883,10.246299,8.610251,7.5525007,0.36122644,5.1230745,6.366962,7.1429224,-0.6912823,5.1071644,-12.834164,9.696367,3.9104156,3.1694977,-2.6022274,2.4921978,-7.4064636,6.102003,5.67029,5.2777066,-204.49606,38.230167,107.759094,4.250239,0.88937145,5.2731595,49.62069,22.472734,8.722299,11.004428,24.313087,7.891211,8.883341,4.7309084,15.305965,14.524212,7.4132247,6.2260675,5.1148415,15.085669,6.1358395,4.146304,6.897505,3.5010707,-0.34995484,6.5792522,0.43875426,5.1394224,-0.22636735,5.1832724,2.5916834,4.711843,2.731751,3.2425761,4.7802916,2.9612854,2.5566154,5.134828,4.409091,4.374869,0.045664469401041664,0.023045114047633708,0.16646223,0.08443127,Januari
-114.5539,70.800514,115.140434,22.406635,-8.531218,20.684032,54.029648,15.6501465,3.1551783,7.018021,11.971566,11.775229,-6.876346,18.727087,2.9879687,12.35769,8.664515,7.0274878,-3.6868656,14.512037,5.684265,7.5203624,11.155979,5.8031116,5.1499534,4.8717074,4.891295,4.299793,1.3618138,4.371396,-2.2879474,7.6168957,1.3530427,3.4841044,-0.5615379,5.768512,-4.267986,6.969718,3.768718,2.4122841,-59.080997,36.908253,139.93654,10.982648,-24.465723,15.666197,45.19343,21.578344,-18.139639,11.617026,16.483881,13.596473,-4.987514,14.043088,1.859075,4.113668,7.4156413,6.462476,-3.836475,12.202302,15.084144,9.663994,8.678125,8.566367,0.50768363,6.4182897,7.9536104,8.523654,-0.15599601,3.5706732,-10.390238,9.666635,5.56511,3.3184643,-4.896967,4.0611424,-4.9614835,7.503058,4.495278,4.4248247,-191.97723,47.335484,110.25611,3.159976,1.2310284,3.8313565,50.05608,29.48453,7.032066,11.34853,21.111162,8.291203,14.029044,7.172157,12.760083,11.885974,7.1642456,5.053017,1.9634229,15.18151,2.841036,3.4947326,11.09016,3.7117002,0.22225346,6.627119,7.0100436,5.321958,3.9399805,4.7183843,5.6518106,3.5499024,3.7904058,3.100652,4.421284,2.844362,3.7207627,3.4025145,4.2098045,2.9914048,0.04565972222222222,0.019814199964280382,0.19472699,0.104421385,Januari
-79.13188,63.89511,117.96901,20.070312,-10.855503,24.437204,56.055202,14.357954,-6.1080003,13.19522,13.505246,8.144457,-14.534765,16.623924,-2.7129602,11.335262,9.330354,12.044394,-4.238125,12.187123,6.231784,9.583075,11.101465,5.4645905,4.5910683,5.7631955,7.047099,5.31807,-3.5629761,5.4605784,-3.5767162,7.7818136,2.6642864,5.2401314,-1.5048286,3.0300963,-5.0966673,4.882507,3.537323,3.8204618,-47.925407,31.495491,135.32803,11.353917,-24.988937,16.639166,52.52056,26.665903,-16.14138,9.973068,15.58193,16.99371,-11.273958,13.656526,-0.9149699,4.7665896,9.177275,11.073332,-9.16364,11.687818,13.259335,11.7342415,11.239737,7.961724,-1.2927258,5.4228334,7.621267,5.4042983,-1.855525,4.809715,-11.131549,8.045431,3.0421495,3.0205028,-3.1094325,3.8266964,-2.2350395,5.810196,2.1862648,7.711347,-200.42587,16.935125,105.15607,6.7083883,-3.364219,3.407224,36.865776,14.38156,10.283455,4.7837386,20.629684,4.9877195,9.380683,4.168333,15.798368,6.939046,6.981831,4.858469,9.863895,8.48023,5.0864286,3.203257,6.4194236,3.592891,0.8427408,5.5887685,2.1327548,4.3825207,-1.1207116,4.1352835,4.5783124,2.917658,2.7698176,3.248651,5.7568555,4.1470146,5.22314,2.3256955,1.5984296,3.1611621,0.05412946428571429,0.01711274772591321,0.2078836,0.12894961,Januari
-70.974754,47.660236,110.28881,28.974197,-3.8336003,24.655018,59.64631,10.095693,-3.1330469,11.126266,10.726069,13.109921,-13.662535,11.834791,-10.91987,12.999161,7.4921517,10.978291,-7.0035076,7.1636777,8.982725,9.003111,11.504181,4.338751,0.48032174,4.8861365,5.9869494,5.0050745,-2.0948267,4.849177,-6.5201135,6.4039984,5.958781,3.8781092,-6.1655636,2.2792654,-3.4452085,4.0042567,3.1660168,1.8872851,-58.533894,37.78985,141.09991,9.174337,-26.098076,19.03447,37.32394,11.37701,-13.5239315,10.872017,16.489626,8.937592,-10.567069,18.595472,-7.438347,5.4320636,8.806747,9.567339,-3.2616334,4.0706353,13.828847,8.849795,9.279641,7.915938,-3.1791418,7.5387735,4.7563777,6.8423944,-1.8012881,4.0605145,-15.851979,12.063621,2.773254,1.7618059,-5.6994696,3.790898,-2.1299596,7.3770795,3.2471843,4.4608893,-165.63858,62.39184,106.32808,7.0517178,-7.2074904,10.05125,54.30193,36.279568,-3.2445934,13.62723,15.407651,8.416523,5.562378,9.116805,3.7703831,15.448777,5.0089273,5.0999084,-7.723454,18.906025,0.43159595,5.0237646,11.172249,5.525946,-4.262367,8.008194,7.0134964,6.359884,-0.45672908,3.8923411,0.088007174,4.8390336,4.142212,4.778235,-0.5259267,5.8599296,3.0402565,1.4151734,-0.61838657,4.9175425,0.0566650390625,0.015530088170151928,0.23852734,0.12791535,Januari
-154.29166,81.865746,108.46803,15.568778,-6.3614736,19.180563,48.329002,15.1781225,7.713935,12.307241,15.9404,13.360628,-1.5890237,18.322453,7.212394,13.898389,8.720351,5.3613997,2.0608404,14.255779,6.155146,7.431859,9.4862995,7.6508555,-0.7456325,4.785878,-0.17700733,4.043768,-2.1311357,5.3670964,-6.0010233,6.8367443,-1.634087,3.6719472,-4.062076,7.7547874,-2.0724437,2.561184,1.8395727,5.8295383,-70.967026,37.232952,144.0757,9.98281,-29.669355,20.225956,44.615,13.252386,-14.401162,10.975366,15.337223,10.4411,-1.8687851,10.732694,-10.470424,9.638225,3.611079,10.21166,-4.8793516,8.219292,11.209594,10.092201,11.903243,6.7075,-6.358953,7.1155396,3.0064375,7.6327553,-1.349422,4.613706,-15.272658,9.066163,4.7573085,3.0782588,-6.9917617,2.6171224,-7.7755322,4.804823,5.7117634,4.7655306,-143.46443,79.42773,118.86696,13.079707,-12.910864,15.81859,59.216564,31.626122,-3.8984897,13.798767,11.905336,12.544016,-2.9014716,14.61029,0.015250269,13.4188795,3.7347653,5.8992586,-5.1966147,17.194239,1.4774938,5.9047985,9.275783,7.1701455,-2.6205375,7.7420015,3.7945282,8.031307,-1.0952518,5.4462314,-5.9531493,8.151114,2.0007875,4.7479205,-2.9983778,5.0433416,-0.60075164,2.8299074,-3.213027,2.4396296,0.05340711805555556,0.017813542471643806,0.19766508,0.12028276,Januari
-91.109436,59.23222,126.41317,18.269659,-8.7867775,22.175436,54.933617,7.257835,2.0296729,9.900945,9.049021,9.500666,-10.126267,17.409172,0.89434516,8.56687,6.7794647,7.84908,-11.922052,7.8856077,6.3271756,8.573344,14.368403,7.9196687,-0.38239074,6.088226,6.932488,4.772658,-6.352178,5.0782857,-6.027737,7.1531124,7.2522073,5.2088223,-6.401628,5.2461276,-2.6840117,6.375463,2.1704583,2.8110082,-61.742428,27.01354,136.3253,11.525057,-23.027857,13.367494,46.047234,22.395498,-14.49971,10.991155,13.695712,14.353295,-10.626974,12.870917,0.3380503,3.6911561,11.560914,8.949086,-8.193943,10.362935,14.967444,12.606073,13.298715,9.622898,-4.0501566,5.534121,8.311995,7.164025,-2.0792294,5.532005,-15.638807,8.361922,5.677971,2.3216739,-7.325183,2.3583565,-2.216749,5.9579706,3.389478,3.234441,-200.97372,46.646927,109.73222,5.7345057,-5.883317,6.1872754,43.740013,28.644629,6.08298,9.61021,18.842281,10.641449,11.919857,6.4626966,13.360952,12.845461,7.0927296,8.482143,3.3526292,14.627068,3.7206833,3.7097204,8.537731,4.95051,-0.6497328,6.154044,6.4128857,6.970041,-0.15940809,6.8282585,0.75001127,5.469655,2.002685,5.909069,3.2916942,4.027886,3.2518878,2.2915146,4.085445,2.9224305,0.05057040127840909,0.01715010609878079,0.18798834,0.104811385,Januari
-108.74279,69.17044,122.50557,16.85297,-10.172728,20.822788,56.7809,16.784096,0.9979426,8.971832,12.522454,13.315413,-3.5180464,15.554903,-2.130599,14.523461,4.925829,6.6543617,-3.2353044,11.638539,3.568219,7.3658338,11.00047,8.645027,0.8975133,4.21537,0.02364273,4.3112206,-1.5370495,4.740126,-5.6336985,6.545869,1.5180708,3.5581098,-2.7873616,4.862989,-6.3457875,6.552885,4.2551513,6.0066967,-72.851036,32.180122,145.31519,11.098063,-21.419865,15.728587,45.545666,11.436969,-16.137144,11.205786,16.305504,12.582998,-4.4503183,13.986885,-6.212512,5.604257,7.7886806,6.7421856,-4.073454,9.88915,10.396069,10.40179,13.226241,6.844948,-4.3871493,6.752943,4.3370385,6.978509,-1.8471333,5.1894393,-13.879663,11.729131,1.2126759,3.2232332,-9.157592,2.1482284,-6.1860433,5.9923024,4.043258,6.6829777,-190.0564,43.436356,122.814224,4.1530256,0.46331763,2.3729627,51.656094,23.696533,10.962473,12.809111,18.07127,11.21689,10.657749,7.288807,11.473088,11.065596,4.387916,9.11879,2.4038942,14.418454,-0.42709437,4.097791,5.3008595,5.8055043,-7.346807,3.8176882,-2.3504186,7.400231,-3.536459,8.715585,-3.1049278,3.2961717,-3.807134,4.5912256,-4.8921766,4.69397,-3.002888,3.2520406,-4.776542,3.0200782,0.045836103723404256,0.015484315977945496,0.1920981,0.10568723,Januari
-106.150566,72.39759,125.85102,15.879135,-12.15162,23.342136,64.22177,16.737059,1.3769904,10.113302,8.808626,12.260864,-5.60179,13.912607,-3.881229,11.670945,6.5133905,8.486348,-4.878634,10.966833,2.9628189,4.914781,15.002919,7.7155447,2.4421346,3.889306,1.4201385,4.668488,-3.0844867,5.930308,-8.156441,7.0822086,2.7033775,5.37334,-4.1209593,5.398463,-6.802921,5.855817,3.3360884,4.3960266,-64.06025,39.85096,143.33675,10.849188,-26.04919,19.517263,46.625847,9.284014,-12.631654,9.458218,17.601748,10.109242,-1.454852,13.013193,-4.661428,4.448476,9.708342,9.932494,-0.71270406,6.807676,15.45356,7.975736,11.916341,6.6869173,-6.6349006,6.3101377,3.4010885,8.31352,-0.5395238,3.5964348,-17.16754,10.196705,2.012426,2.9803793,-4.230048,2.2215466,-8.699159,4.9863477,4.131258,5.9542727,-181.24025,56.24944,122.721306,3.5957046,1.6730123,9.27928,59.724983,23.673801,11.352026,11.688801,17.517721,12.307133,7.7872915,8.865067,9.758709,12.155168,6.2997293,5.9086413,-0.88095117,13.921192,1.1877925,5.4481397,6.5831995,8.491286,-5.8531795,4.811988,0.6656773,6.4396367,-1.6220312,6.7610154,-2.8059971,3.6942654,-0.6411209,4.915103,-0.5280587,3.959063,1.0071675,3.8026376,-1.4890589,2.1662838,0.04736328125,0.017599381974301047,0.20546478,0.09842447,Januari
-92.18965,59.46075,129.02829,26.536272,-14.952892,27.92418,53.924015,9.876996,-2.2658606,11.784416,3.9139621,13.575391,-7.2363467,16.341875,-4.718744,9.506823,2.7925487,14.475769,-1.926374,9.793178,0.9326033,6.4479413,8.710486,9.175491,11.395156,7.221427,4.6238766,8.19524,-2.2686179,5.582728,1.0375069,7.625797,0.9449384,7.260545,3.9199877,5.412825,-11.646922,4.120739,2.4397306,2.5843287,-68.654976,44.564587,131.01709,13.357403,-22.861425,19.612534,63.386562,34.007015,-17.977152,13.438899,17.13021,11.122428,-7.473478,15.400655,-6.4307914,5.935911,3.5660002,9.376499,-6.5412955,12.007221,-0.41937643,12.979451,8.802646,7.6668606,1.7707713,6.847591,-1.0741104,6.875649,5.6491942,6.6083755,-5.8675756,9.612723,-1.0298257,5.081226,6.648966,5.2127705,-8.04175,6.275682,-3.6757822,4.1456923,-230.20338,14.392035,107.57731,3.4460208,-6.47097,4.8601203,34.65129,7.5361905,13.837909,2.2741876,17.942219,2.5601742,10.132327,5.536691,17.308847,6.645562,8.189388,5.09245,11.584972,5.045336,5.855833,4.0704703,7.592974,2.9822848,2.7806702,4.1789103,-0.51435155,3.0840738,-2.6553292,3.7628284,6.3470597,3.3295887,3.6489012,4.140441,5.6788025,3.6993718,4.274591,2.1409938,6.467955,2.876655,0.050032552083333334,0.017927481765649136,0.18640429,0.115114115,Januari
-87.796,57.077152,125.21259,24.279575,-10.743085,30.433262,56.840694,12.289432,-2.4129963,11.634773,7.7103295,8.755587,-14.308641,16.156698,-5.750741,11.868983,5.3389363,10.792409,-8.233183,10.879315,5.870092,9.915828,13.226288,5.03927,0.3803411,4.3376384,6.05039,6.1275496,-2.9578762,5.2102065,-5.1621737,8.099553,2.518376,3.3825538,-5.1812005,3.9594994,-3.2882254,3.612233,4.8246827,3.3842723,-60.897724,25.498335,137.96147,12.217605,-31.895367,15.242532,50.567127,25.363708,-12.256285,12.063187,13.6403675,14.094741,-9.837157,13.381482,-4.2172294,6.433368,8.43856,9.964451,-7.5342827,14.763603,11.428828,14.391825,15.811289,8.274276,-7.153998,6.0673614,3.6365104,5.727622,1.2855977,5.2304587,-16.564306,6.8584404,-0.0065686232,2.8596046,-2.2243452,4.310994,-1.6876303,6.063861,3.8392622,6.0683303,-209.73607,28.786154,112.32252,6.6853085,-2.780934,4.417937,40.456524,17.566442,11.477765,10.56285,20.346909,8.282552,9.015654,4.484862,12.49273,12.59954,3.5785887,4.379417,5.636635,12.65314,3.0017695,6.1410522,4.628116,4.584157,-0.6399923,5.1512313,1.6783819,4.2900777,-2.1530373,4.947709,-0.19433358,3.5139296,-1.4343662,3.7827091,1.5100422,3.3216317,3.9548717,2.9082322,4.7408943,3.5249286,0.05349004836309524,0.016139049498664428,0.18828721,0.10467165,Januari
-81.955154,51.906746,112.35233,23.29744,-4.5484343,25.154385,58.895157,10.132003,-5.3309298,12.372527,9.176173,12.5472,-14.223322,9.567255,-8.6842985,8.40469,7.8733444,10.099703,-9.77828,10.588326,7.928886,9.570711,10.788667,5.784759,-2.0053492,3.7904007,6.2929,6.431591,-0.037709214,5.6519504,-6.520015,6.4159436,3.28702,4.4548783,-5.9199853,4.426473,0.5263363,4.836291,0.57915455,3.058552,-58.209183,44.011467,137.6893,12.448641,-25.699461,18.633648,36.314007,12.980926,-14.763285,11.6341505,16.37749,10.876044,-11.131809,12.269368,-4.887548,2.660259,6.054047,8.485696,-3.261406,7.740856,17.019016,11.204949,5.669934,7.798558,-4.030095,7.0745234,7.5780034,8.155246,-3.272347,4.746989,-14.432145,10.092433,8.229916,3.6303205,-8.331475,3.4461942,-2.5517542,5.952694,4.0641665,4.871149,-182.98396,57.592888,98.85642,10.513504,-6.8786783,8.782377,45.388412,29.947672,-2.0842888,9.244124,12.999143,8.210698,3.740415,6.8177733,8.78116,13.9271,3.3153565,8.372764,-4.6915083,16.948336,4.0191145,6.6086164,7.9694796,4.2623897,-2.7640865,7.0924635,5.8561544,6.0820637,0.10638568,4.6593595,-0.40974385,5.4913254,3.5822532,1.9842972,2.354596,3.2191298,2.1412034,3.0573845,0.4534884,4.210965,0.06425066692073171,0.019132376522349247,0.20400822,0.1216583,Januari
-83.34026,54.975075,121.28369,20.57715,-9.468654,25.629492,52.60114,10.743539,-5.8746004,10.471628,3.9401953,11.357744,-9.977762,11.589927,-11.198715,8.608379,6.7012587,10.970619,-9.800101,8.670839,6.827944,8.486661,12.295251,5.9660716,-1.3332673,2.81164,2.4556653,6.240472,0.29688752,3.7164636,-7.4125614,7.906438,2.2066731,5.0401783,-6.005793,3.0737166,-3.8973525,4.7786818,5.074924,2.3591287,-53.93317,37.13506,130.14217,12.313871,-24.570839,16.686752,44.41014,24.226404,-16.138926,9.594331,12.694658,10.527005,-8.182158,14.834919,-6.4927087,3.5368166,12.30053,6.907879,-6.540369,10.627841,16.437386,13.119263,7.032508,7.8860974,-2.2790759,8.291471,8.619919,8.31216,0.39863476,5.0489,-17.46889,10.346676,5.5226955,3.5796351,-3.7424693,2.4523888,-2.0640821,6.223296,4.670937,4.8653865,-182.16742,49.600178,103.19295,7.578705,-5.648691,9.870179,45.81526,29.578518,-0.9991958,9.041641,17.055515,9.301269,4.995414,4.9006534,9.909428,15.922208,3.3964143,8.442084,-0.68753064,13.476342,6.089401,5.094379,8.685004,3.7263112,-2.655431,7.5003743,7.4436216,5.286921,4.183212,5.641649,0.9186595,6.0592446,5.42002,3.4898615,4.681378,2.2618496,5.5912266,3.8183284,0.8093886,3.1765153,0.05814302884615385,0.01541004890716552,0.2089999,0.1141088,Januari
-126.23952,80.59604,110.607376,17.540358,-8.610777,22.315908,55.911037,20.451065,-0.1297775,12.8947735,8.22793,12.053334,-7.464806,14.909132,-3.595286,15.844315,8.799772,9.312412,-3.1168673,11.747333,4.0667176,8.56451,10.648924,6.1991863,2.8056862,4.632037,4.0907464,6.2501297,-1.3309629,3.5212884,-1.8065935,8.300804,1.2697356,3.2800663,-2.508474,5.843978,-0.09694842,5.4853854,2.8550086,3.4927006,-50.79679,38.223274,134.89046,7.698169,-33.34286,16.836956,43.54645,13.413546,-17.214079,11.021831,18.503387,10.092756,-6.804145,13.678173,-9.887097,6.651822,6.629687,9.209028,-0.59910786,9.361151,10.977488,9.6608925,8.77941,8.119472,-0.12308519,7.805171,1.4084576,9.531587,4.47177,4.2343783,-11.396123,8.885542,3.8726401,3.2964506,-2.0681307,5.2293906,-8.665274,5.3199844,6.377127,6.0834994,-198.11253,64.41364,103.82148,5.2601833,-7.06573,7.105193,51.268578,31.745024,-1.0745966,14.3954115,17.659193,9.735817,5.1127896,8.221295,4.0479274,15.28575,4.094689,7.34848,-0.8959507,18.702255,5.2832894,7.736684,10.525957,3.7566836,-0.257786,4.463107,5.755195,3.8780584,3.398889,5.522867,2.8795712,4.560057,5.3646464,4.0596247,4.161472,3.0903788,2.3983035,5.058732,1.3539792,4.6661415,0.05873325892857143,0.020828687707814517,0.18234709,0.11518752,Januari
-109.32666,78.3696,108.195244,17.40229,-11.45559,25.532213,51.83984,18.188072,0.9616579,12.375128,8.163592,15.14508,-9.3878975,12.710496,3.5648472,8.366327,6.5014596,8.6217165,-4.9074965,12.956997,7.2454405,7.814891,14.695626,6.660169,-0.112269714,4.0890045,1.0767438,3.2547743,-0.6418832,5.771133,-4.036604,7.789261,2.29567,5.147539,-5.833536,6.894875,1.8077068,4.3454742,3.9674337,3.1046743,-57.946598,38.710323,132.50107,6.562476,-24.276896,15.028298,39.77384,12.056531,-18.197472,12.204305,12.534273,8.345369,-4.894395,11.479952,-10.2670765,7.0336843,7.74396,9.783167,-5.3004484,6.564122,13.504905,13.243758,5.4393787,6.2961693,-3.0235379,7.5378714,7.903183,8.349628,-3.1720393,4.6166716,-14.694891,10.377667,6.2528906,5.2774334,-7.6554875,2.923773,-4.9510593,8.043116,6.179894,3.4724755,-161.17116,60.075462,108.70787,10.897492,-11.320762,8.871125,53.781826,29.992392,3.7074249,8.873408,11.585795,15.6974325,2.7145112,10.65842,6.85844,12.656914,-0.7020938,7.3010416,-5.273665,16.58965,4.557718,6.2520647,11.3831625,6.1385636,-3.4822497,6.496226,5.2352505,5.107523,1.2377532,5.254513,-2.221039,4.990203,4.460002,4.164441,1.4874965,5.5013766,2.8028855,3.95241,1.9488717,2.967404,0.05665253429878049,0.014875529402724744,0.19960457,0.12000399,Januari
-131.84879,82.82862,106.386024,17.20636,-6.565532,22.912273,48.81637,17.424255,2.6147735,9.480003,8.167541,13.183118,-6.6050615,17.083603,0.39042297,12.292328,10.859573,11.590294,-4.5043974,14.083634,7.2613325,9.276656,5.454997,4.6217375,2.198439,5.5355225,4.692517,6.186939,-2.2450435,5.2443714,-0.9138899,7.9292684,-0.14913535,6.5304804,-3.1942995,4.8085794,-2.9856503,6.3686314,1.3258798,4.0774965,-69.45463,46.703,126.5747,11.429721,-18.385786,21.31745,34.292004,11.766639,-19.641054,16.450893,10.236475,10.617689,-2.141876,14.126176,-9.914598,7.5499735,15.575757,9.363137,-11.893392,5.095669,21.725124,13.789547,-0.34720856,7.5231,1.2413805,8.175126,10.348998,7.080047,-4.965081,4.1646104,-6.176423,8.585791,-0.8074322,3.308474,-7.40206,5.5004606,-8.641478,5.825565,8.981527,3.5127704,-191.59702,66.97238,105.615234,8.329805,-4.0217466,12.177841,51.66203,30.731388,8.351529,11.733672,16.568016,12.880851,5.5386305,11.355095,9.889006,14.305645,4.565812,7.860897,-0.13077927,21.770823,8.481226,4.532739,9.424948,5.700281,0.12985462,8.490812,7.639684,6.257087,1.155782,5.4639587,1.1048131,4.9219794,1.5146968,2.9340394,3.0486584,4.9367175,4.5189314,4.6718946,2.4702334,3.933888,0.052911931818181816,0.021573998248807614,0.15464172,0.090079546,Januari
-117.64231,89.61178,103.55028,17.67273,-7.564097,23.531448,55.282032,21.510992,1.9472636,13.513662,9.92247,13.940892,-5.9984694,15.907063,2.1223192,11.013029,9.565672,8.81487,-2.7351456,14.560688,7.277333,7.0313044,11.897042,6.7190137,3.3743558,5.5926485,4.194778,5.5378385,-3.5249116,5.24391,1.2867153,6.955226,2.3787744,4.247153,-5.493284,6.4620905,2.6302612,6.548972,2.2769957,2.3384104,-64.82539,44.09923,131.63101,10.835663,-22.982513,20.903278,44.015553,12.993788,-16.179564,12.861694,13.872019,8.099762,-0.55920815,15.013185,-8.272693,6.836018,8.805509,7.8626747,-0.32678837,5.4996257,18.189096,11.224217,5.894501,6.258816,-1.5784461,7.094582,10.243841,8.170849,-2.4609704,5.290579,-7.976392,10.270217,7.364774,3.793918,-7.8311734,4.3580112,-3.0049632,9.719497,6.645557,4.5041857,-176.20453,69.13279,105.05455,6.45131,-11.043625,9.90892,53.84127,32.994675,2.0557628,13.683579,10.443688,17.248281,5.0568643,10.043135,5.327476,14.383397,1.5538751,8.367848,-2.2554069,17.788124,4.668236,4.535094,10.749991,7.5495753,-0.9977163,7.1354313,9.002632,6.572166,1.5343468,3.1021605,-0.688286,4.3045745,4.6740737,5.6083837,0.659848,6.3960915,5.203224,5.004335,1.9038286,3.3235266,0.058328379755434784,0.021066258038189206,0.18157224,0.11465335,Januari
-129.7895,79.9503,102.448586,17.018538,-2.7544374,23.784622,47.816124,19.949236,5.039305,10.67961,8.062205,18.209206,-7.378975,14.637298,8.1637125,9.801761,5.1439466,7.7390594,-3.4044306,13.135636,5.1827397,6.7406616,11.046314,6.2036395,-0.5336934,5.484615,2.5099006,3.1614249,-4.8215666,5.539115,-2.156474,8.793412,0.46739247,3.188975,-4.8307185,2.6065032,2.6410797,4.220183,0.97214276,3.2530084,-80.4388,34.105007,133.83788,9.251696,-12.185293,12.84366,48.17727,13.8676605,-22.279013,16.740915,13.909313,9.244418,2.3335369,7.487164,-9.657708,7.907369,2.787978,8.4310465,-4.5586348,4.984271,12.525046,13.73295,7.788432,5.5633698,0.95717585,4.0796123,8.825961,8.119136,-5.64487,3.379894,-7.9766307,6.552651,6.313818,5.5758295,-10.34675,4.188524,-7.102811,4.001633,4.9063444,3.140345,-80.84689,74.95718,115.741,7.9030905,-19.565483,19.127714,64.62291,26.430313,-9.52985,12.495736,11.533477,15.371096,-5.551796,10.906978,-2.0769083,7.7199917,8.081918,12.882783,-6.84503,18.402262,10.512862,11.475481,7.8027964,8.811448,-3.9598277,8.672488,7.3568096,5.8923492,-0.48581845,6.2251086,-8.791449,8.530035,9.188218,3.597158,-2.2830274,6.200815,2.4031053,4.977108,1.5681094,6.5435696,0.0623046875,0.022448863699760735,0.22478713,0.10291662,Januari
-103.53336,75.18815,103.513885,17.794765,-4.1084704,18.7803,55.57947,19.459488,-1.6580588,11.998227,9.161959,12.992541,-6.4879146,14.998761,-0.04877325,9.152342,7.7663693,8.176167,-7.8300834,13.277011,5.8635516,9.944315,10.436746,6.92334,2.5481033,6.753953,0.10457798,3.9985166,-4.0009894,4.7676525,-0.4870651,6.695272,3.6476197,5.0936513,-4.647689,7.4605846,0.27263248,3.8467557,0.9136722,3.5499308,-54.714275,42.745316,130.48653,6.91809,-19.612488,16.909761,37.09932,9.968962,-23.452026,11.532426,21.758383,10.5444565,-5.8488135,9.926228,-4.678053,6.23563,9.149565,6.91249,0.16107981,7.152917,15.22729,9.236296,2.2425122,5.302501,-1.8649808,4.3667145,5.944948,9.645055,-4.438772,4.3971367,-11.829603,9.209371,6.095676,4.336144,-9.817083,4.40021,-3.0913568,6.44224,5.5031643,4.079706,-152.40938,67.65074,110.997696,13.710158,-7.782711,8.276234,57.25047,29.283222,1.3985746,11.210563,13.304084,12.259423,0.41252205,9.280637,8.524203,11.501133,1.8582984,7.09457,-4.2657213,18.145805,5.967092,4.200626,9.843596,7.2416224,0.12443918,6.933714,7.011766,5.607242,1.357866,5.321558,-0.41965386,3.9587564,2.7698576,4.276452,2.1014934,5.1124296,1.7469319,4.7647357,0.45502156,4.6440816,0.057275390625,0.019098976131778023,0.2059495,0.11288328,Januari
-99.332436,65.95448,116.05168,18.735645,-5.724219,25.120905,56.327522,13.936482,-0.3510588,12.488224,9.150231,8.84266,-4.1427126,11.741122,-3.5823755,12.83714,8.623705,8.372634,-2.2374384,9.479526,4.4363112,8.880104,15.276532,10.248382,6.914134,4.458452,5.2183623,6.139724,0.56598854,4.2429166,-2.9563925,7.8976464,2.675344,3.374943,-4.2247577,4.396988,-2.6270404,4.361478,8.916177,5.422267,-60.461052,29.771582,125.97043,10.886899,-14.866846,14.749362,55.046753,25.62681,-16.53075,14.059184,12.542018,14.175132,-6.306488,9.998918,-5.145525,6.591696,9.645028,7.6416297,-4.447163,12.787816,15.208324,12.712641,9.752215,8.741776,-2.2404802,6.922686,7.4720407,7.175466,-2.5403807,6.516326,-10.11529,10.030724,1.6159527,2.9108362,-5.572889,4.6312704,-4.3361883,5.700506,7.401315,6.430598,-192.7923,32.11464,111.82757,5.4219365,-0.9966278,5.8131022,45.66027,21.031273,13.196135,9.544562,21.926666,7.9707475,11.64865,5.655665,14.405525,12.744246,5.1029363,7.362834,8.287196,12.269794,6.6602507,4.1254325,8.3619175,3.875168,-1.507745,4.917992,3.834426,6.7630157,-0.3606738,4.4772463,0.32061225,4.3414674,2.403639,3.369489,1.7375474,3.232698,3.8508873,2.4632618,2.6803348,3.4801364,0.048583984375,0.021177673476075683,0.18688594,0.091203235,Januari
-90.61115,47.195213,128.71652,26.893257,-7.757542,25.552696,54.818317,9.460497,-2.1911962,12.6273575,10.852681,9.619139,-11.159205,18.459606,-5.136605,8.318208,0.6222232,8.264735,-5.2934723,11.491177,1.4950562,8.025309,7.109177,9.186632,5.8784575,6.753987,2.1496243,8.177913,-0.79490125,5.922431,-0.8004741,7.987508,3.2669606,4.5745625,-0.2944221,5.4502196,-10.347209,4.409235,0.34150764,3.2002459,-70.17477,34.829224,139.77461,11.886213,-21.178133,18.942305,50.73679,25.470673,-15.675595,13.318731,17.263567,15.597149,-6.650167,11.7066145,-4.162178,7.019336,3.3385398,11.81909,-3.3895316,10.307859,6.4816413,15.26645,4.9252243,6.0947394,2.53535,8.337059,-2.202317,8.463072,0.90275055,8.496681,-9.092219,7.1798744,2.192037,3.1135206,3.4610808,5.2442117,-11.244102,4.1580014,-2.355224,6.809666,-217.63356,19.444126,106.90972,4.7335796,-8.874176,5.0540657,31.885107,18.14863,9.235122,6.2239738,18.067005,2.6605341,14.592746,4.1823554,18.85722,11.219834,9.851435,4.3274555,9.599983,8.203633,0.73546124,6.979028,8.596879,3.5315204,5.286511,7.723893,2.378413,4.091883,0.12084593,5.303371,4.8535247,3.9866207,1.6180514,2.7875202,3.954262,2.3625042,-0.29437107,2.9535186,4.7583623,4.4118047,0.04736328125,0.012849534725454761,0.19853471,0.11488388,Januari
-158.72916,81.264854,109.90182,16.336412,-0.22308786,18.01453,51.38421,18.291956,10.095664,15.021781,16.584707,13.627027,2.8273926,17.633926,12.975926,10.560943,10.588248,5.5513744,-0.031111376,13.852868,4.6968427,8.311597,10.900597,7.709374,2.5105968,5.0051074,1.973405,3.8796523,0.28248802,3.321366,0.9544946,4.802553,-2.4513757,3.6150815,-5.580802,6.601406,-0.8557598,3.828634,3.99791,3.330395,-67.192314,41.853107,126.521065,13.128818,-16.68009,15.067164,46.270687,12.879795,-18.612682,12.145033,20.825014,11.806961,-2.9430504,11.477219,-5.070384,6.5437155,10.356253,7.351113,-3.6522338,5.9792604,19.91121,11.676716,6.1478744,5.293391,-1.981032,6.5164866,2.7595997,6.456092,-3.910775,7.168288,-11.908212,6.4769464,0.9427653,5.430739,-9.559898,5.2513266,-6.227413,4.969211,4.3392124,3.8981485,-155.80432,68.83364,116.88974,7.963019,-7.455681,11.77068,59.860157,26.458286,2.0025144,12.274032,12.314354,13.786213,-2.5209782,12.265869,5.040679,11.3635435,1.0924172,8.397188,-8.092423,13.857344,2.578245,4.9050074,6.5683994,6.936401,-3.1301131,4.936947,3.9318671,7.476782,0.26072955,8.650355,-5.80856,6.437976,-1.8769171,5.6945825,-3.3866343,3.1293871,-2.8234565,4.555907,-3.592603,3.2692888,0.0550537109375,0.021642966574122898,0.15829664,0.08765172,Januari
-82.52472,74.296875,107.660484,19.907888,-11.975158,32.039875,60.943058,11.927335,-9.857861,17.929491,8.827371,9.352037,-15.429917,10.630982,-5.305741,6.943074,5.8271995,11.194782,-7.8448563,9.938232,3.3245602,10.368719,10.781177,7.8272314,5.7804236,5.02569,1.5966438,6.016664,-2.949796,6.2563334,-10.161888,9.322894,6.8574004,9.063935,-2.935871,2.2234535,-7.098388,1.9531362,2.0079217,3.41089,-61.95059,40.064487,138.70262,8.068708,-32.410828,16.872847,38.53869,9.775824,-21.033861,17.21291,12.139554,7.7173724,-5.4741044,7.9062295,-3.8050892,9.807609,1.0587503,7.374397,-8.725484,5.6005507,16.472927,13.400041,1.1531758,7.770114,2.9727223,8.598119,4.9053054,5.864835,-8.287051,3.2972498,-8.620356,10.435358,13.215835,5.0356207,-6.8250337,2.808997,-11.508885,3.8821871,0.7784333,2.6440206,-131.27579,86.35025,115.57247,13.993957,-10.998046,15.099506,61.045086,31.752834,-7.0593176,14.5211,11.755528,7.3718767,-8.4523115,17.971907,5.4807553,10.936506,-2.5400102,9.522778,-11.755869,18.997648,7.368973,7.0783877,6.857972,7.472899,-1.9287245,8.885748,10.198456,6.5576034,-8.436547,4.5944595,-3.7645721,8.079881,10.171014,6.2954354,-5.924057,8.060452,3.2541926,3.5798006,-5.5739594,7.0760036,0.06162623355263158,0.019222398017421753,0.22678481,0.10054836,Januari
-188.87039,58.164658,103.828445,12.905852,-3.8315043,19.295647,35.989197,19.857227,7.9870634,6.657097,16.829966,8.981768,7.3268666,12.08907,11.342078,11.842596,3.1664722,4.7526565,0.57655585,12.836144,0.11706143,4.957875,8.845152,6.502133,4.01685,4.2193246,0.107843146,5.7111883,-0.05218715,5.951311,1.4667089,2.6467195,-1.213155,2.8099418,1.638562,6.266045,-0.44063956,3.8040993,2.1801367,4.8344054,-82.19524,40.022377,130.69,19.607622,-16.533962,14.8631935,49.16825,12.1466,-18.688253,10.097422,10.738723,8.126976,-7.564318,14.937186,-9.3753395,7.523432,10.42808,10.477141,-2.4677484,4.635237,8.822547,6.917879,8.79858,5.4117866,3.447676,2.7359712,7.973163,7.3047442,-2.101433,1.8171297,-8.730591,8.670781,4.714713,3.099767,-5.880149,3.9081218,-7.0081754,3.7380402,3.584262,4.2895308,-67.26204,58.875076,121.3552,10.163701,-24.410938,19.3387,61.622128,29.394493,-15.087155,11.428421,15.684355,14.999484,-12.48514,14.247784,-7.603123,5.176019,4.2375712,13.3674755,-7.827025,14.655369,9.248895,12.568479,8.510555,7.1712494,-3.4315383,7.824738,3.24216,6.1665735,4.124142,4.116603,-13.662836,10.222065,4.788057,3.7988188,-2.5345328,3.7675562,-1.6907363,3.8947911,3.8289576,7.391429,0.057414729420731704,0.01532019157009649,0.20936257,0.107926734,Januari
-90.8916,71.715355,114.16784,18.867231,-8.931669,23.160572,59.44197,15.690129,-2.8944366,15.441644,9.684772,12.819631,-9.605195,12.411374,0.4800837,8.3037195,9.99039,10.719398,-3.2878835,9.404942,3.645899,6.651323,10.8674135,7.9969525,5.0161085,5.6139555,1.3694261,2.326523,2.173442,3.9765017,-2.3667247,9.687999,3.8994625,3.7054641,-2.389484,4.6697736,-3.6842473,5.165204,6.333317,3.0473251,-76.32344,49.7508,142.47668,7.5788956,-19.276815,20.958569,36.09349,9.384947,-20.242266,15.201017,19.054253,10.337368,-4.642446,11.115468,-8.420062,9.084863,5.676661,10.267072,0.20920856,7.3006034,14.039592,9.775932,4.7812176,5.6453834,-2.4011676,4.746522,6.989881,8.990787,2.566832,4.1484118,-11.097499,10.261344,3.7600029,1.8404698,-3.726529,4.816536,-7.801454,5.5355296,7.385479,4.21912,-120.28812,70.86612,114.06415,12.183759,-11.405141,11.207616,68.22112,34.076416,-8.454333,11.264191,12.09891,9.174597,-4.501558,16.700193,-1.8492584,11.992293,1.3257548,12.452064,-6.0939775,17.329588,2.1406784,6.9501395,11.980541,6.396564,-0.091953136,7.864989,5.4453626,3.4464164,3.845866,5.8682785,-3.048769,7.4054866,4.32177,3.2289593,1.013418,5.5178604,-0.01624147,3.3205445,-0.9381307,5.9460397,0.05784776475694445,0.022800546156346687,0.22141905,0.09466104,Januari
-133.26646,92.98538,110.2755,13.654121,-13.266199,20.985165,55.81878,22.908432,2.7907028,15.254056,12.792174,12.701117,-4.358886,13.909105,3.4934947,10.634289,12.298068,8.370934,2.366443,12.0548935,6.502801,6.2254744,12.307019,7.4970875,5.5116224,5.2071047,0.0702734,3.4827623,1.5713648,4.6895113,-1.2838653,7.5621753,1.9363228,5.1400876,-1.3085284,5.0591316,-2.1279778,4.945204,8.180021,2.7023053,-77.84207,31.817402,133.41995,9.406373,-16.76297,10.321761,50.143982,17.90928,-12.189259,10.032968,17.278008,11.096238,-6.165865,11.307074,-7.4763227,7.878551,9.754969,6.6749573,-1.4637797,8.816712,14.662201,10.988581,10.750769,5.857132,1.7097931,5.7858853,6.5572147,6.1137557,0.46888864,4.6271725,-9.78012,7.0385947,3.1860583,2.7792437,-1.7995445,3.7341356,-4.5703106,5.4896417,11.436354,5.4976783,-199.81915,48.823666,104.81655,5.538655,-2.844908,8.082952,48.810593,29.616362,6.4506445,13.298494,20.781834,6.533088,8.115133,5.6665993,11.438985,13.382703,4.719446,7.9867167,4.5595293,14.776688,3.6860132,5.698994,7.8228555,2.7515876,0.61668307,4.1969132,4.2889795,4.0536075,1.5396867,6.6391807,2.0376003,4.5817966,3.9238102,3.88842,3.8835285,2.8079195,5.2320843,2.541335,4.8155985,4.5665874,0.0437890625,0.023161921538918138,0.16517211,0.098868735,Januari
-73.249664,70.69894,101.115166,18.406185,-14.299667,28.361622,57.925823,15.173615,-2.4235847,13.885249,5.6292276,13.884421,-20.4983,15.227035,-8.057488,14.004635,13.882187,13.531099,-8.272966,12.433255,2.639894,8.657305,10.3567095,5.808987,5.6112204,4.6350994,4.4617896,4.312053,-0.6039013,4.0346775,-11.038869,12.320114,-0.8188213,4.7147384,-4.6478395,4.2452374,-4.89333,4.67363,6.2835436,4.675193,-83.84783,33.832657,132.1155,8.32782,-23.349924,15.822917,40.66098,11.042494,-23.133316,15.087387,21.723068,9.432461,-7.415863,8.270926,-16.27055,9.668319,6.0117087,5.8674345,-6.0799794,6.48426,12.745806,10.322283,6.055046,4.991958,0.4282217,6.6257834,6.483771,11.226406,-3.6682327,4.547591,-8.693683,5.725428,0.50335425,2.6875017,-8.929705,3.8366184,-5.611163,2.0989273,7.862529,2.799684,-63.585987,45.488064,118.98293,9.661386,-27.446053,21.115358,73.017845,27.614307,-17.42244,10.007924,9.981482,11.289164,-18.339117,13.437862,-6.7871184,5.775024,7.736463,11.400808,-5.738325,16.859344,8.756433,7.8102283,7.040209,8.468683,-1.3295444,5.53362,3.3121083,5.354191,1.5478792,4.811745,-10.104154,10.055564,0.42879736,4.5839257,-2.78331,4.085728,2.5130322,3.2169201,-2.5152469,6.764981,0.0661773681640625,0.01702562938258891,0.24230826,0.07335686,Januari
-86.998535,68.522385,106.22918,18.879908,-17.61269,25.136118,60.48788,15.868759,-4.007345,16.342867,5.325003,17.390133,-15.885163,9.819648,-6.60065,5.694541,8.605962,10.63,-5.6255727,10.191535,2.1485925,6.2026443,11.288978,8.319096,4.9613113,6.660432,-0.7126378,2.7994764,0.106689624,3.4922137,-7.633965,9.92048,-0.536277,5.2878785,-6.518932,3.5471945,-7.654398,7.180215,7.5014114,4.59475,-62.361694,32.8234,134.84637,5.268731,-26.027721,12.688915,36.405884,12.843777,-19.677753,10.078135,14.56627,9.927295,-4.967373,8.785704,-14.53128,6.9225283,4.49481,8.120739,-3.4888055,4.749998,16.797245,14.655463,9.124195,5.536351,-4.5778575,7.9070587,5.779118,10.632341,-1.062591,3.8356507,-14.1775675,6.236754,-0.5529757,3.1013503,-2.661678,2.4212017,-9.631125,5.788625,9.419728,3.50993,-92.424934,50.030594,119.65823,7.807221,-6.966936,10.674969,73.719406,26.254696,-6.999428,8.182388,2.623947,13.866006,-14.620637,13.054009,-5.9456635,6.999183,-2.1155338,6.3973045,-16.118822,12.512994,0.7317571,8.32942,10.164601,6.755684,-4.1043606,8.722827,6.4020967,3.04248,2.4861565,8.869794,-8.136418,6.050109,3.916268,4.614631,-2.8920627,6.7491784,-0.6594658,8.648815,-0.5477676,3.770772,0.06063565340909091,0.015481208403738884,0.24330977,0.07978864,Januari
-120.51475,90.27182,110.34732,17.450893,-15.983464,27.296574,53.880577,20.8018,2.7264752,13.87043,9.145713,15.080425,-4.079726,16.428211,3.6288621,16.5221,9.678448,9.276902,-0.12502679,14.161711,5.162492,6.455391,13.300523,5.436052,6.153244,4.9169765,3.3577614,3.9934335,2.8762789,3.649625,-2.9099314,11.826685,2.929134,3.251812,-2.4680498,5.5137935,-3.143464,4.597109,5.577736,3.8117428,-60.862144,34.51101,133.99948,7.9343495,-28.027275,16.609402,37.058105,13.990441,-14.16123,13.2337885,15.991239,8.515903,-6.3012667,11.825291,-10.4891205,6.7266035,4.318581,5.5165944,0.22906505,7.0668316,15.088141,9.244982,3.7193027,6.5597982,-2.0833917,6.9916263,2.421702,9.9507265,-0.9527703,5.2171254,-16.253641,7.773846,2.7244594,4.075317,-9.329474,3.5457554,-8.145811,8.422657,8.242783,4.2691445,-162.42842,64.95364,106.13109,9.176442,-4.292428,8.955087,57.679935,30.030384,-0.4301538,13.754743,14.188416,10.216221,1.4609451,10.278848,6.448875,14.57695,2.6116002,8.220379,-4.7596726,14.998433,4.570737,4.2815614,8.537757,5.8470755,-1.3903766,4.0847416,4.148113,4.9046745,0.851455,4.019817,-1.2737188,3.5871656,2.787501,4.168246,-1.5832121,3.662048,-0.5315134,4.6796236,-0.2093682,3.9516053,0.055123836436170214,0.02050762303475824,0.19737001,0.11426624,Januari
-125.835075,85.509514,104.13494,18.290136,-6.4318633,24.142214,51.58652,18.14185,-3.1361847,18.073673,9.199064,16.62649,-7.61785,13.360507,0.5682799,13.340907,9.390752,11.872033,-3.860981,11.548096,5.4698653,8.701327,12.835999,7.1673517,1.359135,4.3646317,3.8788707,5.7058,-2.2636912,5.11072,-4.2630477,6.4282746,-1.139479,4.370988,-3.0867662,5.534911,0.73430806,6.5435066,4.7042136,1.6787785,-72.89352,35.96129,133.36067,8.602708,-20.80472,18.495983,42.89273,10.9474535,-18.546318,13.247446,13.640747,10.051135,1.8261627,7.0466294,-11.519653,10.732152,4.734147,9.30152,-4.7835326,6.608008,14.604894,9.843797,8.558095,5.8593774,-0.7998998,7.3234406,8.059556,9.476352,-1.7380605,3.324546,-8.645426,9.115922,3.0056121,3.9956615,-8.159581,4.940062,-9.257304,3.3154645,6.9281254,3.1828494,-95.50709,83.96721,114.15258,12.996851,-23.580652,21.525688,61.3688,28.928043,-9.749918,11.249354,11.011577,11.9432,-6.7100325,14.467332,-0.361275,10.762713,4.455114,10.620775,-0.9941992,16.289452,7.595762,6.4572,9.394313,6.4949274,-4.140893,8.505636,4.5432405,5.2370677,3.2184482,4.9649405,-7.2956095,10.852263,2.2587566,5.714062,-0.8065281,4.8723226,4.144814,4.0111456,0.95901245,4.8855157,0.06302682976973684,0.01828504651792721,0.22043176,0.11022853,Januari
-84.7945,69.1447,116.60143,18.367651,-13.620511,28.228924,57.628147,12.502008,1.2654508,16.21309,4.061679,12.451719,-9.846091,13.978347,-10.275909,9.805877,10.15067,12.78815,-4.627553,9.115791,6.334986,10.230704,9.261963,8.366865,1.9297342,4.91868,2.0517242,5.9891353,0.92505866,4.461019,-5.8768196,7.086111,1.1217817,3.7782998,-2.889812,3.8066401,-4.92079,3.195289,5.734849,3.825968,-59.884438,38.313118,134.81483,10.855637,-23.679256,16.785141,42.23734,16.408981,-13.733193,9.709707,16.458138,9.787744,-4.0993257,13.451002,-5.399944,5.0585504,10.585269,6.643516,-2.9769902,9.964249,21.692942,11.355225,10.439898,6.561001,-3.3238013,7.480109,5.7433395,8.454621,1.4994471,3.910948,-11.118782,11.223441,5.747395,3.2307887,-3.9379957,3.6489449,-3.096039,5.716885,10.290197,5.1313457,-186.17432,59.359943,108.646095,4.623222,-5.912395,8.481296,46.51786,31.721642,3.430191,10.750958,15.603519,7.798017,4.402489,11.038171,10.532392,12.65998,5.5904493,6.9627175,1.7231909,18.057161,5.0939207,3.7533402,9.017436,4.995146,-1.5949988,6.621418,4.5179396,6.6629405,2.6405244,4.740268,1.6543374,2.5975046,4.0227733,1.8858516,2.2392638,4.5629716,4.689836,3.0751994,3.89943,3.4947355,0.05182594476744186,0.01789838829763653,0.21220852,0.11646204,Januari
-124.12353,98.01161,113.41843,21.893826,-11.023103,28.083672,54.1552,16.196527,0.34448078,11.723187,12.155612,13.602245,-7.9110103,16.801245,3.9074616,9.829841,9.93464,8.83547,-3.2730215,14.7582655,2.595303,9.54397,16.263008,5.964024,3.5461807,5.1571603,-2.3118296,2.8042152,1.1246145,7.9288015,-0.46023542,7.6219864,3.1994393,4.4426885,1.0501491,2.2634604,-6.3993177,6.1447144,0.63640267,3.020515,-92.33451,30.53963,149.28627,9.433391,-28.652636,16.752903,54.691673,15.381347,-13.832656,21.034664,9.30238,11.598849,4.543746,8.854429,-7.323286,9.049735,-0.7640137,5.115779,-2.579954,6.915209,5.489705,9.575844,11.2713995,7.458965,2.415976,6.377636,2.2964063,8.473456,-2.7141993,3.9945776,-7.5522933,8.394341,9.486421,3.9520416,-2.9881554,3.1374831,-11.849972,2.0444818,2.678815,2.9632928,-94.75784,74.380745,123.77941,12.632886,-26.071453,19.25859,70.1848,32.503384,-6.9524884,11.749539,10.674684,13.164723,-6.2639513,15.339075,-3.8520775,7.279672,5.901062,10.192673,-10.023036,19.370031,-0.8409577,10.04174,9.470585,6.86692,-4.9864984,7.231246,1.3497952,4.950864,6.6540837,8.274667,-7.268845,9.067171,5.4888005,2.7935164,5.157092,4.3658752,-5.0283504,5.527068,-2.71805,3.6729844,0.057158499053030304,0.015989249173027388,0.21990731,0.08857531,Januari
-93.38485,53.858986,128.00214,30.869913,-10.215007,24.866318,58.74922,10.317427,0.002337742,10.921284,4.374047,8.795176,-9.501284,14.749609,3.1673896,10.936605,-2.8746758,9.3364105,-5.948126,10.072012,16.57867,11.858724,8.43655,7.10939,-2.1976051,3.0936475,9.6782055,4.637339,-1.3772645,9.053607,0.8963919,3.901497,9.336934,4.463129,-7.2884555,8.319693,-4.716255,6.388489,-3.3622873,2.5509973,-62.640137,36.5424,130.43231,15.229622,-21.86079,15.723189,62.849167,23.699924,-14.255447,13.796015,11.841388,13.220674,-4.678955,12.361511,4.9336,4.500453,-5.9058766,7.6115985,-14.876111,12.132167,24.598993,14.327506,4.226006,8.177418,-1.6662894,8.797455,9.530277,9.700563,-6.326065,7.842176,2.397584,6.6708865,7.958368,2.569596,-7.566394,6.559746,-1.272594,7.0542784,-3.5227737,3.1927376,-230.86354,13.505572,108.407135,3.4792805,-3.0656936,3.2271845,36.14223,11.334543,15.206572,5.0089097,23.233732,3.8645008,10.171375,2.8273845,17.686115,4.639486,10.056533,2.6624548,12.4378,6.6137533,7.2354403,2.9660125,10.696318,2.5703661,4.813229,5.6313877,1.8260099,3.174386,-1.1632044,4.154056,6.1430306,3.592977,2.021936,4.002962,4.57984,4.305403,2.9773178,2.4356458,4.620429,3.0741467,0.04947562839673913,0.01721706767630377,0.19215457,0.1130402,Januari
-98.48071,49.193207,127.54499,23.778992,-18.41995,28.271027,58.31315,14.542197,-4.147012,9.027589,5.9568634,10.371191,-13.102849,19.369553,-3.1492827,11.596142,6.647264,11.345912,-8.130395,13.498098,-0.6953645,9.261929,10.248047,8.776525,6.5743527,5.090694,2.2276218,6.928748,0.093529396,8.00007,-2.3315387,6.1474476,2.6653085,4.9318495,1.6892664,4.467445,-9.562161,4.9382434,0.63719493,4.5355573,-82.6486,35.134727,135.88576,12.611564,-30.367432,18.245974,57.429405,23.080761,-20.305908,13.224672,12.617208,15.192007,-3.4582121,14.087239,-4.252965,6.0787697,6.4938273,8.58184,-4.9942737,14.235441,5.549915,13.621,9.976958,8.022267,1.3571633,6.849144,2.6977077,6.856494,1.667056,7.369675,-9.750415,9.387406,6.288249,3.2948475,-0.85662544,4.2681026,-7.59325,4.563448,0.12909868,3.469343,-243.42686,32.302498,111.83926,6.3570046,-10.723355,4.847807,29.628744,21.824835,7.693037,8.294623,19.577007,9.781653,14.651324,4.725083,18.706028,11.85327,8.637877,6.743039,8.601713,10.285148,3.261323,8.9108,7.630782,3.5097854,2.8230622,6.7694044,4.453985,2.8911958,1.9865228,5.4274645,2.8132691,3.0821111,-0.20232442,2.8808472,3.7104387,4.555969,0.9613875,2.8541257,7.718044,3.5950155,0.051882721656976744,0.016596583095767222,0.16728382,0.097914696,Januari
-95.16318,71.248886,121.96445,22.499228,-14.016521,32.351757,55.50388,10.811315,-2.8288527,15.652772,8.706344,11.120294,-17.377047,15.270103,-5.078961,7.621493,6.09536,9.901248,-7.168604,11.401475,-1.463454,9.948716,12.783829,8.1445,2.2725825,5.097489,-4.642977,4.0834455,-2.4931264,7.034507,-5.5275035,7.785961,3.5168874,3.4601483,-0.7884012,2.9079928,-6.0251937,6.4093685,0.3108578,3.9373994,-88.5842,45.893265,150.90056,9.660414,-32.494064,17.292452,40.64288,15.399424,-15.64952,17.039461,15.296771,14.105447,0.47736776,11.114979,-8.027835,9.769567,-1.4726261,12.490223,-5.083279,6.2021346,9.430816,11.363088,5.6649976,5.9252105,-2.4012086,6.3178544,4.7412295,7.538115,-2.412792,5.0632,-8.784932,10.662921,7.0304446,4.405392,-1.4168358,6.543034,-11.981612,4.743791,1.3570782,4.793929,-128.2187,85.36138,121.311806,8.89637,-16.943022,17.392576,64.825386,33.63497,-2.8137097,13.646801,10.470533,15.055416,-3.0195498,18.83865,-1.1661747,12.637233,5.4106674,12.886016,-6.0429354,14.153424,-2.5422711,7.324317,10.541391,5.5285115,1.4779693,7.3049545,0.4460232,3.8254848,0.96332395,10.066916,-4.8178525,9.968212,-0.01554656,2.048246,6.4058847,3.829524,-3.250641,5.5803657,-2.6809218,5.891111,0.05311104910714286,0.017909849584189935,0.2349484,0.09807968,Januari
-150.81152,95.138374,110.58069,21.663528,-12.079207,23.543434,48.78587,18.884336,3.304476,16.319378,14.681837,11.937996,-6.182702,19.789927,7.6380606,9.536852,6.8633027,6.317872,-1.2434355,14.353325,-0.31592628,7.8071856,10.534337,8.757487,2.365032,5.9391456,-2.9879363,4.610063,-1.4721779,4.718233,1.9522952,8.16955,2.4316235,3.239327,3.3870637,3.7311375,-4.087732,6.340397,3.5275292,3.499663,-85.38163,39.338333,151.59529,8.639756,-30.469427,17.811148,50.662693,14.0323105,-16.9859,14.075986,9.887521,11.206915,5.6450553,7.883377,-5.768546,6.768335,3.301088,9.101163,-0.25157255,6.638525,5.9546084,9.078911,7.197074,7.6374474,0.9348756,8.303245,6.362905,7.785136,-2.826532,5.218071,-6.139483,9.783193,8.3461685,2.0046413,-1.0843424,5.3316936,-9.950437,2.6883986,1.3317728,4.4714217,-146.76764,86.12893,120.17076,10.631634,-15.6626625,15.543655,59.475143,30.531397,-2.5885215,14.265442,11.595717,14.220232,1.459066,13.406835,1.4482077,12.653146,11.066335,11.845704,-0.3296416,14.123318,-0.7576478,10.316889,8.294959,6.301245,0.67335665,7.014776,0.9652297,2.5631812,2.664176,8.12379,-0.95930105,8.915605,3.3644063,2.9662738,4.566086,4.2531443,-2.5516465,6.1143327,2.0707645,6.6214943,0.04769258720930233,0.01652044756056585,0.1965601,0.1137975,Januari
-111.404564,72.497246,121.11921,25.957644,-17.496983,27.648727,62.243,11.510433,-1.1211777,13.299144,5.3599486,11.891912,-7.5093665,15.300212,-4.368779,9.906116,5.87273,11.0556555,-6.9879255,12.238948,0.6589579,8.4136305,12.809157,11.095845,3.8420804,7.288514,4.11892,7.1240788,-0.0012652874,5.048276,0.121497914,7.6572604,9.13561,4.570618,0.52773356,4.018918,-9.971021,3.367353,1.9230617,4.0225005,-100.52026,29.357815,144.2754,14.432948,-29.196281,16.891218,50.95149,32.760025,-19.161419,10.949545,10.573747,15.847346,-3.3959787,12.046065,-3.8435473,6.150387,6.456658,9.24538,-7.7637067,13.097277,2.7947228,11.559388,10.969631,8.419637,-1.0366747,6.5449486,2.342506,7.6195774,1.9610155,7.0772767,-12.712632,9.519204,6.1263156,4.821069,0.090737276,4.3103104,-9.377206,3.218513,1.6629423,5.08035,-255.25735,17.955208,110.461205,5.6833487,-4.7878356,5.0485005,37.31444,16.639378,11.48719,6.1371317,19.772123,3.9333136,9.770979,4.593996,10.715057,8.986702,4.5409517,4.0215554,5.996023,5.087775,4.005596,3.348975,8.724476,3.628345,0.8758541,2.9177961,0.24224773,3.4575884,-0.9754065,5.3353205,4.800364,4.425225,4.179455,3.6130624,7.985939,2.817462,6.3704553,4.395538,5.2816353,2.4062157,0.05440090013586957,0.01648833976053221,0.14106412,0.088695526,Januari
-216.18112,21.958061,121.28013,25.882849,14.296853,15.318172,43.009777,9.395969,19.684994,4.6897616,22.225235,2.4593463,21.667862,2.0622249,18.547182,7.410384,10.084254,5.064253,9.094514,6.2535954,3.707747,3.310988,6.12848,3.682965,-1.3793668,3.9460716,2.7755587,4.6924357,0.055360455,3.1046085,3.894012,5.769967,6.4585404,4.4684777,8.01057,2.026656,6.164062,4.20621,9.316261,4.6650505,-114.35657,10.733535,121.12392,26.048141,-2.5776463,12.902912,64.10645,18.867619,2.480553,16.102652,6.4519076,8.971148,9.957376,8.421192,-1.2392431,8.143828,-0.36350903,11.336925,-31.058142,3.207402,10.45194,4.5662227,16.007765,2.4752614,-13.400408,4.3711934,12.0439825,7.2349524,-5.4581723,3.2922251,-3.1503508,2.420016,13.102847,3.6674259,6.7787356,4.9605865,-10.6317625,3.8088932,11.387848,5.96303,-108.681595,45.36223,124.97007,12.614823,-13.581495,17.138567,85.54998,19.041668,7.566959,8.4177685,0.80375063,10.383392,12.513092,7.942089,-7.3620586,14.274815,-11.152827,10.882208,-19.714863,10.115711,9.134016,6.1966515,8.535965,6.036844,-14.171316,5.2282085,9.50075,2.921184,-1.4608737,2.5815167,-1.024444,2.6211157,11.483973,3.0526395,3.7343297,5.632839,-5.673535,7.60756,7.0562496,3.8198156,0.023193359375,0.017768674778250743,0.39690056,0.14906713,Juli
-164.83029,53.047382,118.42649,20.909054,0.2744522,15.0229225,60.908737,21.637724,15.036615,9.76446,12.430515,12.415892,9.661432,6.7125583,9.024303,8.590736,4.929205,5.900669,-11.157655,14.092659,4.6169605,3.5214977,12.132648,6.212652,-7.6757965,5.6186113,8.461391,8.897449,-0.110388495,4.7241488,0.43964693,1.0529183,4.091917,4.6139507,4.5910387,5.0167613,-4.8236523,4.9522476,3.4805968,7.1362605,-130.54036,25.09292,131.88225,15.790644,-11.583367,10.110473,81.24706,25.982685,-1.9826217,10.177943,0.71142477,4.9408927,10.591414,8.572687,0.54646665,11.03441,-7.9752245,6.5225353,-19.265415,7.960668,5.215929,6.4910593,7.681015,7.3614397,-13.9296055,3.2606754,14.979175,6.629711,4.420254,2.3340244,0.62440926,2.3271606,5.532998,3.7234764,1.0286486,4.028466,-5.094713,5.2365756,0.86669886,4.5600047,-237.31087,7.08306,112.87985,3.476256,3.7874825,3.694188,36.19582,5.74594,13.662411,3.5066082,20.255934,3.565881,14.467988,3.6959553,24.08223,3.1752694,14.899886,3.4032652,11.060394,4.760523,4.266879,3.3188431,5.0659103,2.7492821,1.3315278,1.9098752,-0.9236675,3.9047306,-2.7741566,3.5977247,4.8666024,2.1960344,-0.39949378,1.5787005,2.7102048,1.8992289,2.6004698,2.2715735,3.2766523,1.915367,0.036606732536764705,0.014913392186272108,0.15264858,0.101242475,Juli
-178.45839,52.568005,101.01857,23.678806,3.840655,14.411272,48.20714,18.769867,17.424713,4.5456543,16.089808,13.162974,14.073036,7.348541,13.337496,8.73068,11.739672,4.6729703,-4.8253336,12.892449,0.7005832,3.7381015,6.5911856,2.119814,-4.8580194,5.912419,6.112138,6.003072,-3.765367,3.5425081,0.6265112,3.0525877,3.2917247,3.788183,2.742661,6.3552804,-4.1538935,6.6545277,6.3217254,6.3347435,-110.08569,17.128613,137.44855,11.005443,-14.53446,13.250234,72.691536,22.11985,1.8972136,7.847136,3.4230561,7.685404,6.7114105,5.648503,-6.176888,9.25854,-9.6152115,5.467233,-19.98707,6.807781,6.390446,4.2540517,11.589047,6.704665,-17.554323,2.481181,12.298526,3.1654894,6.9467545,3.5087368,0.6631451,2.123406,6.390622,3.8247385,6.078473,4.362204,-7.653444,2.8543754,1.2192469,3.63932,-204.93427,38.00707,109.35883,6.3625827,-0.5535745,3.4967453,50.203976,29.181517,9.595321,4.228487,14.605539,11.385145,14.28263,2.80858,19.515003,6.3746157,5.7690372,9.815161,-0.37284338,10.9887,4.7064667,5.2553315,8.488228,3.1018476,-2.4988337,11.390586,5.21229,3.6494615,-0.24057995,1.562684,4.3038845,5.6684794,5.034711,4.207041,5.562958,4.0127883,3.6026642,4.032074,3.413788,4.023146,0.04032258064516129,0.017206575963657933,0.16722485,0.11438711,Juli
-171.40643,58.754345,103.1631,20.737167,-4.5623035,15.919601,60.36466,25.438452,13.679919,4.653611,11.012385,12.379672,8.849327,7.755381,9.944973,8.015964,6.4829307,7.2679825,-10.545164,13.229337,0.77700824,3.0343328,10.229878,3.705597,-11.597492,7.9356275,7.2865276,5.2607493,-2.1758063,4.056861,0.95211625,3.6391866,5.4493594,2.5726004,2.7029161,3.0909863,-3.9263432,4.45031,5.8020515,7.686369,-114.35191,11.58663,139.24716,8.545343,-16.502214,9.6598625,73.51544,16.749603,-1.9598359,7.0042973,-0.4410892,10.445391,6.9229584,5.429546,-6.1482654,6.958108,-7.7790494,5.835212,-18.116058,8.96349,12.040213,6.9522967,11.370422,3.9683893,-16.765274,2.3697646,13.552376,1.8793545,5.0618505,2.4118454,-1.0645785,1.287474,10.827065,2.3819737,5.078547,5.022359,-14.248461,5.150813,-1.5707978,3.2449093,-209.97392,44.354668,104.45155,5.920829,-3.9111507,5.836009,57.919586,33.23596,4.95055,6.2781377,11.248766,15.881612,11.236315,4.315145,13.55672,6.607901,5.1580048,10.206264,-4.073621,11.348956,5.803713,5.457515,6.471601,3.8289678,-4.9014335,9.340387,8.371889,6.03463,0.6337131,2.8063748,2.9269466,6.1418176,4.602195,4.2125816,4.763544,3.9006624,1.641613,4.1625724,1.1384878,2.9475267,0.044677734375,0.014875415498533507,0.16758178,0.113441184,Juli
-216.69128,19.436739,106.32829,11.026686,-2.3024535,8.459395,28.893932,7.034552,10.0032215,3.0414963,20.167057,2.8771212,14.708527,4.0488806,20.48443,4.930279,10.226531,4.161127,7.54436,5.605561,-0.21850376,4.516847,3.7577477,3.4710882,-0.5135562,4.955867,-1.6565502,2.73264,-3.85331,3.6712735,0.6604338,2.7904017,-1.7513256,1.4666258,2.8347275,3.3215396,0.755751,3.047177,0.748563,2.3201034,-116.93961,17.610985,122.91988,23.048271,-2.7597647,14.1514,55.42857,13.5060625,5.2703905,10.7201805,5.6549945,6.931472,2.0594501,6.5790606,1.3251591,9.499424,-3.5407658,9.438349,-23.752512,6.4013405,7.5319686,8.081783,8.593756,4.860617,-16.15029,3.7009873,8.871732,3.5686355,0.99790955,5.550098,-1.8193071,2.1267788,6.204914,2.19462,2.750633,4.24777,-12.669966,2.3820026,-1.0552809,7.651305,-161.19873,56.145752,115.067055,11.303206,-4.3278165,5.7521377,66.32237,31.977564,4.7770653,6.798657,6.4659142,10.803057,7.8159237,9.063402,9.546398,11.918903,1.6414622,7.155112,-9.341956,13.029694,2.7264192,2.0326421,3.5638502,2.810728,-11.091077,9.03117,2.5935588,7.4641447,-0.7540975,3.4211063,1.0137024,3.996172,3.951236,4.477897,1.6057416,3.6583307,-0.55775476,3.4011202,-0.15149342,1.5612744,0.0446014404296875,0.011759755791427335,0.16844097,0.12687694,Juli
-220.54703,33.525127,110.62996,14.7058935,8.780877,11.628828,35.047417,11.30618,9.170148,3.9297523,14.07716,3.7276657,11.1413765,1.5649701,19.336147,5.7924676,11.347311,2.5797548,0.90581656,5.963032,1.5986452,2.445402,6.7409844,3.326971,-1.9592768,5.2524104,-2.4393754,3.771017,-4.280551,1.8510281,0.20319831,2.4527864,-0.06714165,3.3408346,2.5551524,5.0029263,0.18019128,4.29506,3.2717721,4.310247,-109.83136,6.998249,125.97467,23.137995,-10.445067,12.626052,59.4718,15.021342,6.477781,18.74223,5.010462,7.8676085,2.1140027,7.0877833,-1.9497799,6.2715654,-2.5649526,5.778715,-28.031784,5.118587,7.914734,6.291563,12.705524,3.7390108,-16.628345,5.368218,14.795853,4.531458,1.893316,4.765979,-0.52883637,1.598857,5.4624925,2.2369335,7.4373236,5.150005,-11.038017,3.942476,2.7143555,5.761706,-100.13778,32.658596,125.947876,13.202127,-17.939121,14.325595,87.70065,24.586964,-4.836553,7.4905486,1.6117884,5.325902,5.186739,10.443251,-10.098078,11.430459,-5.2861996,3.763656,-19.020359,6.356841,8.646928,9.656925,9.31912,5.0652413,-15.248176,4.26842,12.327892,3.3192534,7.432467,3.6484754,-1.7902442,2.7527435,6.8655944,2.601957,1.1138465,1.6206467,-5.950364,8.577224,2.7059817,2.0744574,0.04955078125,0.009574417168231606,0.21549627,0.12151433,Juli
-136.15237,31.46893,123.05847,19.117785,7.191227,14.765315,59.10094,13.64784,12.344769,9.598499,10.836495,8.1916485,14.733818,6.890635,-0.75971735,2.8018038,0.31675228,5.783221,-18.489292,7.8263144,2.8207142,4.64688,16.689625,6.4884186,-10.704362,3.3080423,8.813925,7.7587905,2.7391045,4.394915,1.6253605,2.2113104,5.035044,3.778618,6.5176773,6.2880535,-10.167631,1.4490119,3.3929849,6.7355227,-128.4943,21.779009,126.850685,13.654731,-8.287149,10.978433,83.89765,19.298906,-0.9751851,4.133593,-0.61027414,5.260342,7.387059,8.025344,-4.1548734,9.255071,-7.8453393,4.259437,-15.480532,5.895473,8.539872,4.487023,9.0367155,7.3249707,-13.128385,3.3477347,11.807437,3.951088,4.1002755,6.031884,-1.0950288,1.8796965,6.620227,2.7253807,-1.3955404,5.087139,-9.276269,6.4811177,-1.2921991,3.3390427,-225.51509,20.14407,103.33585,6.3015823,-3.7184753,1.9938974,32.683895,7.5892587,6.5227175,5.881725,24.293987,5.475333,18.68366,5.5640287,22.365429,5.7273307,12.215439,2.7442656,3.0403006,6.999926,5.356626,5.6110215,5.501089,1.9738989,1.3768448,3.5334334,3.2797368,4.1215496,-0.23376036,3.7019992,7.8536263,2.8309736,3.4996324,2.4649665,4.7848635,3.991009,2.115378,2.9107697,4.8527517,3.7487814,0.041162109375,0.010758562034660094,0.17607704,0.10931207,Juli
-124.24138,29.934467,123.41323,23.60864,-2.1750295,12.917594,59.255592,17.35059,11.01919,11.03686,9.9887905,12.425433,7.2429075,7.6035895,4.01093,6.964832,0.102200605,8.834632,-18.477873,11.227214,4.6724825,4.723508,11.106921,5.485298,-13.529093,4.076719,8.548544,7.5791607,0.34785536,2.6139185,-0.30208057,1.988265,6.456109,2.2950342,6.456607,3.9263868,-9.236985,3.5535738,4.4671946,7.7998896,-109.836876,14.682127,120.76941,17.76171,-6.312728,4.7691965,89.73631,19.778612,-1.0386434,8.16391,1.3502116,6.1828237,6.646601,7.6033087,-4.4579062,7.579341,-2.7557187,3.931044,-14.180684,7.134743,7.929948,5.9120736,8.666333,6.45092,-11.79966,2.135113,15.715231,3.1215963,4.8565445,4.6855702,-3.3990264,3.624532,7.3906374,1.785503,-0.0808119,3.3588784,-4.4846582,5.504022,3.304343,3.328566,-212.14372,15.085895,105.463234,7.507765,-2.1181314,4.593706,36.29652,8.550753,8.653607,5.678707,22.723957,4.590701,15.1080885,3.5540724,21.370564,4.8883495,9.758526,3.6309109,5.572755,6.0018463,4.6573424,4.5008388,6.875435,2.454849,0.53038824,3.3983228,0.8775835,4.6774516,-1.094882,4.0124054,7.2739553,3.3279395,3.7615387,2.1452396,8.084917,3.884416,4.260764,2.9272957,5.962448,2.6669734,0.040869140625,0.009624757111362245,0.19909376,0.10682364,Juli
-156.91478,55.17342,113.06385,15.974808,2.6081517,13.279741,54.38181,20.813643,14.817569,7.2300925,10.780613,9.407061,9.20597,8.162206,8.422477,10.047802,8.334533,5.001422,-11.770092,10.699691,1.3819208,5.5953574,7.8490434,1.4584926,-10.790922,9.98836,5.1254377,5.8781757,-1.6142505,3.4660013,3.2194533,6.856554,4.807787,1.8523886,3.4747453,4.99575,-8.625657,5.394438,5.587263,4.6220717,-112.99973,5.532857,126.89192,17.18441,-5.086859,7.2090144,82.75806,27.882048,-1.7894115,6.491278,1.0829657,7.1267533,8.887693,7.903484,-4.2644258,5.9925528,-9.022396,4.0072675,-19.864843,5.5637217,9.640344,4.3137136,12.106592,4.3843117,-15.700255,2.2984943,10.427018,3.7438664,3.252188,4.3450007,1.0050126,3.080847,4.8329487,2.2052054,0.3161558,4.4034796,-8.531347,7.370267,0.073221594,4.289303,-205.55498,21.166954,111.41635,5.771422,1.917628,2.1883895,41.828682,15.731713,8.772091,7.2642646,20.613869,5.4783015,16.041693,3.8561046,18.058098,10.224934,9.929453,9.402431,3.659574,7.7567363,4.2903085,3.4659424,6.340257,3.0511749,-3.082181,3.8773446,2.1194575,3.8822155,-4.508945,2.7195423,3.1077683,3.6611438,2.8888347,3.1358054,5.052287,1.4630994,3.6292143,3.9505134,4.180662,3.084649,0.03604403409090909,0.009555818070443003,0.17819229,0.11209309,Juli
-178.8353,56.324314,115.896996,17.238558,-0.45057946,14.306977,54.326313,24.885012,17.573124,4.3626695,11.749968,9.993306,10.970864,8.866507,11.826059,11.678884,10.570871,5.2887297,-6.356218,14.559442,-0.010960912,3.0081747,9.342987,3.5074356,-6.380771,7.1373696,3.9023087,6.5626636,-3.9146953,4.6236963,0.18532518,3.0157511,4.50538,4.8208504,1.3257735,4.2950854,-4.957668,6.5397687,4.9881334,4.9004135,-115.10811,11.154397,135.02522,14.993804,-13.293417,7.4559603,73.56794,21.196777,-2.71833,5.9521165,3.4530659,6.842525,4.243173,5.0520716,-4.589862,7.9466157,-7.064786,2.758972,-19.853512,7.1401796,11.058643,3.8879461,14.712996,5.936106,-16.671196,3.15345,8.911702,2.8160934,4.883261,4.5553317,0.46149606,1.729621,6.7626877,2.713123,0.4632246,4.9594707,-10.149038,5.625452,-3.4770103,2.9445655,-212.53506,29.217394,113.60732,6.623496,6.8786154,5.794564,47.968655,21.529799,4.9038553,6.2125435,19.089125,5.453565,14.066564,3.5022182,15.942787,9.256845,8.203112,5.9214544,0.9446844,7.1210012,4.2215643,4.8269753,7.250196,1.5697724,-0.24338102,8.144805,6.933801,2.4021416,-1.0865523,1.9869679,4.5419283,3.4325762,2.9274213,3.9342344,2.8039005,4.3167768,3.2344947,2.129492,2.057111,3.1405237,0.035416666666666666,0.010145393503043498,0.16153438,0.09959791,Juli
-157.25711,43.810566,125.72898,20.024002,2.4836526,13.377376,59.829906,16.556726,10.7307825,8.42214,9.741393,9.557314,10.19659,7.6600127,9.2488575,8.598568,2.02608,6.0165973,-10.31161,10.780908,0.77231234,6.433649,10.825654,5.5804496,-10.10133,6.7997174,8.715735,5.8296113,-2.0573862,4.4464936,0.3708954,1.8759068,5.0909257,2.5323539,4.3262916,4.3734026,-6.667596,4.483437,4.3593283,6.003466,-124.197,20.404316,127.6239,15.780495,-9.585737,9.64692,88.06005,19.238773,-1.2402086,4.3181286,2.3922215,6.139199,10.556195,5.3096857,-3.6592414,8.763151,-4.59305,3.279589,-15.432074,7.43636,8.257333,5.5490713,8.991635,8.321896,-14.104944,5.0953164,12.362363,2.4126444,2.6499088,7.2489967,0.75065005,2.9380043,7.122635,2.9542394,-1.3510898,4.3095837,-3.4281719,8.298228,-0.05183916,3.9315827,-229.36076,10.659379,107.02249,6.2134476,-0.3636066,4.6925845,37.45827,8.316234,11.805809,4.8742847,21.367136,4.0980124,14.6729555,2.8977597,21.24005,5.1917906,13.946213,2.893994,10.05955,5.700734,5.53385,5.519685,7.3265367,2.9644563,1.2716597,2.8540678,-0.2836891,4.3813806,-1.5026727,4.252123,6.998745,1.4826887,4.144401,3.3260221,4.992096,2.6911263,4.466988,2.4934342,7.1529465,2.2768366,0.0342559814453125,0.01209365647486815,0.15848202,0.09702146,Juli
-160.70921,51.907127,116.08755,24.642263,12.573875,22.867132,58.33027,9.172679,14.277394,7.095572,7.470899,13.0102625,2.2844636,6.7781086,2.9728644,7.3088017,4.052739,5.6169095,-14.667101,11.300776,-3.0363755,7.303516,9.020591,6.3199644,-8.67973,6.959259,4.876537,5.9781613,-5.288253,3.6209667,-2.5461674,2.4842105,2.0387378,8.541796,1.1839112,6.5691385,-11.986036,4.956859,5.0140796,4.627306,-101.45219,27.80017,131.67615,6.5032496,-17.306469,20.499249,65.47603,19.466478,-8.94482,13.480056,5.8586054,9.5207,13.731948,8.925447,-13.533216,14.772084,-8.984027,4.2367053,-25.283987,9.169865,7.029431,5.317459,8.888934,8.839871,-11.992841,3.7242274,21.049093,2.5519714,1.420462,2.298718,-0.539596,5.8996425,17.252508,2.8678436,9.763133,5.0521274,-18.476957,6.590593,7.5214896,2.4866567,-196.81313,70.782265,113.4098,5.629864,-4.975318,11.709679,64.295105,34.497845,15.726617,2.6449919,5.084594,13.740462,5.967037,11.163211,11.2273035,9.131926,1.632355,7.257792,-9.391561,21.617071,3.5591033,4.3535066,5.550414,5.693908,-1.6003565,8.214968,4.776747,3.961507,-2.0842505,2.975325,0.9305916,4.012472,7.4629745,5.9790254,4.031639,3.4743707,-1.3707544,4.833306,2.8974843,1.900392,0.04702360733695652,0.015054270370348807,0.18115006,0.10051242,Juli
-160.57259,48.38397,119.83482,18.619152,5.4255223,14.450969,58.41079,16.56273,17.653017,6.579383,11.370588,8.946211,8.849149,8.4118595,11.197095,8.358246,10.151657,5.7804165,-5.3476067,10.716947,3.776033,3.5233886,9.990711,4.01269,-7.311095,6.3507442,5.012493,5.9408593,-0.030256212,3.8811042,2.2295682,2.3490028,2.1296961,2.9389732,0.43735752,5.172481,-6.8971567,4.7422786,1.0508411,4.8666224,-107.06818,15.1549,128.1594,18.337461,-12.835138,8.608817,86.80324,22.602324,-3.0220914,6.0789833,1.6215519,10.256844,6.0277724,6.331227,-3.5593681,8.009514,-5.4758368,2.7450836,-16.769918,5.7638073,9.863467,4.0690317,10.132765,7.6192923,-13.398435,3.075047,10.632367,3.2821007,3.7648244,3.893448,0.54341096,2.4881363,3.8863297,2.131608,-4.515109,6.4480686,-5.5629253,5.986661,-0.6109719,2.6772003,-203.02585,13.742523,115.37941,6.334953,5.7033854,1.9111577,48.56402,13.867582,8.6658945,7.87161,26.09317,5.916478,16.683249,2.8965745,17.119862,4.6126394,9.618061,4.454516,3.6585987,7.430985,4.8900595,3.115603,5.7642503,2.5600982,-3.023011,4.9404235,2.5904636,4.1605864,-3.8043575,2.5612178,5.6684227,3.151884,0.9942838,5.7444515,2.397797,2.415384,2.6983223,3.8985684,1.5375258,2.0832129,0.03601888020833333,0.013864484114546254,0.17309424,0.08895203,Juli
-164.16249,56.210453,108.86796,23.045128,2.3598619,12.43208,61.069775,23.950909,19.895596,4.728402,15.366451,12.311197,15.894404,8.409272,15.046514,8.909356,11.734553,6.949322,-3.2601545,13.154666,3.2841861,5.2372417,10.254121,4.511442,-5.9629345,7.9335613,6.505793,7.502345,-1.041219,4.996373,2.2431867,3.5472605,4.7082562,4.705758,3.334072,2.4538074,-3.9085777,5.729727,4.286435,4.7925086,-132.6368,20.22317,129.00851,14.055555,4.8428955,6.9579883,77.19544,18.917736,4.6788297,5.823918,9.703165,8.275721,15.521634,7.451578,3.4978268,9.764561,-0.9187653,4.3436737,-15.297199,8.484186,6.298937,3.110101,8.622552,5.1741047,-11.348274,3.1327505,11.921283,4.2000427,0.19552605,4.275624,1.7138562,3.8437755,7.5907707,2.8736885,3.0098076,4.167205,-6.973034,6.91635,4.4815474,2.5143528,-209.73274,11.829965,115.02327,3.5757544,4.9495926,3.4665155,41.40977,4.7641616,16.950544,4.5634193,28.304407,2.375335,21.912561,3.5656915,25.454004,3.0292966,14.277023,2.6736872,11.033488,5.1107616,7.4398737,3.6193154,10.622156,4.4327745,3.0760598,2.0229013,-0.92387205,4.8085666,-6.344121,2.5891788,5.206665,2.6952171,1.4233719,1.7474087,2.5177476,2.075719,2.154389,1.6731153,5.4313083,3.2906082,0.025467722039473683,0.012486785286010417,0.18813294,0.080180824,Juli
-178.57751,54.369267,114.629364,15.599443,3.7191627,14.65855,59.362167,21.518353,18.037188,2.3040183,14.177596,9.754381,12.104068,5.6235075,9.937434,8.493412,8.072591,5.3043175,-1.925543,12.415137,1.8818265,5.006204,9.232743,3.7768962,-6.445566,7.003358,1.4513975,5.724633,-2.981772,3.2386608,-0.2842799,6.3635707,3.7821805,4.96186,1.5950931,2.5836182,-6.9870944,5.8706923,4.655781,4.3590484,-124.172264,16.500483,132.61844,15.794555,-1.9570365,7.707066,85.44681,17.821276,3.9625654,6.062632,1.9352428,9.459941,12.590756,4.78075,-0.029104732,6.0566187,-5.252291,5.1453705,-13.645115,6.5496235,11.691649,6.532114,7.495311,6.3903055,-10.499282,4.162603,7.8552012,1.1665611,-0.15240808,7.2177153,-0.49281785,1.9250026,5.077981,1.8329808,-0.80423456,4.7575064,-2.6548734,8.294423,-1.6791329,4.5718384,-217.47139,7.2792892,117.998535,4.946254,3.6630049,2.6386595,37.756508,7.699487,13.046875,4.4780965,23.05173,2.8741517,15.678843,3.1279244,19.79597,4.7571826,10.619009,3.7467268,6.3417907,3.6639626,5.586066,2.7897701,7.8106303,2.0581005,2.091085,2.1684086,-2.5539665,1.6461459,-5.7252564,1.9472013,1.4058635,2.1584904,-2.870464,2.8396964,0.049449965,3.4704876,-0.8858748,1.5337337,-0.36148068,3.2553215,0.0341796875,0.007810650230825262,0.15771183,0.10156448,Juli
-121.15984,12.618619,135.36009,12.069341,-13.008921,10.162124,72.85819,19.744503,7.395288,7.3675213,6.1560206,8.283537,5.204778,3.4595714,-3.428546,3.7265208,1.96176,7.6607566,-17.199303,6.3362565,7.474405,6.361255,17.361998,3.5177805,-12.170654,2.6887953,14.389747,1.9501616,4.7185884,4.5996237,-2.9298255,2.343151,6.9314513,3.7294588,4.790609,5.343767,-13.127877,3.2585423,0.11927544,5.845324,-173.4394,50.02835,115.10922,5.471638,-0.93690526,6.2752013,65.668976,34.57898,7.3946185,8.9594755,10.191169,12.409939,16.282297,4.6378665,16.470057,7.2657743,4.3291655,8.109512,-8.461305,16.336823,4.230437,4.9584646,6.550151,3.627631,-5.066374,6.6538286,5.5151706,7.899359,-3.4230154,4.122398,0.9313462,3.9365525,4.3941646,5.277862,1.30141,3.2820961,0.0056732353,3.8682458,4.429865,2.422826,-226.8277,4.1542125,107.53588,3.070827,-2.4618883,1.8218648,29.215717,3.4470155,16.210815,3.393346,22.636742,3.0643344,17.890675,2.0824158,21.25064,2.171366,11.595731,2.8175232,9.720639,2.3975966,3.0190027,1.8134125,7.2674313,2.2227855,-0.99069697,1.2539899,-1.5776017,2.976995,-4.129723,2.6408715,4.789171,1.8909408,2.0738204,1.9521953,4.544299,2.3761134,2.895882,1.6515745,1.5960888,2.7168496,0.039299242424242424,0.006984528453177603,0.14865793,0.09871655,Juli
-137.798,41.469536,131.5011,20.514217,4.0135994,13.027736,63.46046,12.113952,11.00272,11.836933,12.162103,5.2738857,10.606434,6.8774943,3.6401734,6.6834006,4.4700246,5.7418327,-14.629089,7.3151355,6.708666,6.553302,15.381826,7.083976,-11.873554,4.004589,12.279756,5.613658,3.046389,5.623301,0.33727548,3.1891184,3.784127,2.8176866,5.2821493,2.4988961,-9.225729,3.4636197,4.193503,6.8625865,-147.47723,44.969078,118.30462,11.9049635,-4.527127,7.591044,81.55521,26.629295,4.7280955,7.73169,4.490249,11.461113,11.366576,8.161117,8.313735,10.104007,-1.5465938,9.405343,-10.759392,11.704562,6.6779003,4.2091846,4.717891,3.2484841,-10.327747,6.5202036,10.9212885,5.597176,0.85367733,3.3112123,1.5595428,3.9498975,7.7547135,3.3793447,0.09311975,3.6346228,-2.715857,5.4914556,5.2140226,2.3165898,-221.41783,9.085073,108.69004,4.5188885,0.06831221,4.1811333,32.993397,6.1270943,12.867172,4.139902,19.554094,1.3679934,16.525087,3.0922158,24.061596,3.0519524,12.478244,2.5461419,9.126113,4.445571,5.993866,3.7311306,9.773418,2.765025,3.0719995,4.0263486,2.1457193,3.2756312,-2.9284499,2.0553567,4.3947887,4.38049,2.9760406,4.2159066,4.249619,2.7596853,5.190642,1.8704906,5.3495245,2.0210702,0.03626598011363636,0.010466443555094889,0.16584183,0.10430418,Juli
-143.39673,42.625298,123.172775,19.36938,8.054653,10.645839,61.205406,13.398307,15.205576,11.411958,14.668775,5.9361835,10.375599,5.935977,7.171642,9.61674,5.6565275,6.965092,-12.287741,12.346737,1.4685909,5.701338,11.516187,4.207369,-13.318792,7.6937833,8.903136,6.2350383,1.2174369,3.3832498,-0.08623678,2.892391,3.69463,4.3631783,5.906693,4.8249245,-8.4091215,4.9804635,8.937571,7.3326373,-126.69882,35.726177,127.32442,16.221935,-5.740367,10.506784,76.95026,19.989237,1.8386147,7.2532387,1.2497979,5.831539,12.876654,6.0338,3.0921617,10.72126,-7.315872,8.05377,-13.812385,7.5666633,4.6154475,2.4692323,9.451611,2.5523906,-13.714356,7.00837,8.953698,4.668024,3.424402,4.203156,0.10601945,4.52565,8.703141,2.6207798,3.4966047,3.1563022,-7.859027,6.226152,3.0223756,5.4031014,-215.24242,8.161251,107.87222,4.092852,-2.3853514,2.0259514,32.31085,5.041943,11.226045,4.9622746,22.528635,3.4315288,16.16096,3.8202984,21.53118,2.6558042,9.976838,1.3247088,5.36495,2.359992,2.899833,2.4408133,5.5090866,4.5080833,2.164854,2.8650808,1.0881156,3.4472961,-5.2535076,2.7918084,1.6549416,2.486252,0.69582725,2.6315835,8.003888,4.487199,4.307803,3.1954765,3.2765167,2.5593913,0.03696141098484849,0.009598087052650674,0.18208778,0.12030453,Juli
-172.27783,47.84129,119.05161,16.111322,6.491155,9.167991,49.99244,11.543413,12.765339,5.821592,16.795319,5.8215575,12.335936,6.866739,7.700492,7.783812,6.3121767,7.5671954,-5.1179476,8.789515,1.7735592,5.209914,5.2377815,2.8351116,-9.497368,8.751672,3.1867337,5.9074826,-1.2139603,3.2444942,4.127954,3.085486,3.8863654,4.0493507,1.1582993,4.9031663,-6.6797624,4.547016,4.4024186,6.9673085,-120.017494,16.631966,134.03719,16.919916,-3.6384902,11.143398,79.02485,24.760778,2.174014,4.758252,5.1958714,8.585254,14.556822,4.881253,-2.7486413,10.516449,-6.85273,3.4084196,-12.930324,8.980831,5.930668,4.8166714,10.005574,6.567266,-12.576395,4.731687,11.36467,2.2068524,4.7853446,4.246291,-0.007175839,2.1614423,7.2187705,2.3567233,3.7948036,4.447064,-5.9283314,4.4560432,1.3137591,4.7246675,-205.46811,24.010588,110.50833,4.058243,-0.3073754,5.706057,45.208023,21.978655,9.649548,7.796862,23.884089,4.7253776,19.31333,5.1590114,16.39276,9.703591,11.036601,5.6491537,3.1650941,5.746364,2.1421914,6.4114966,7.371514,3.054018,-1.2959285,6.648248,1.0961413,2.3892372,-5.143778,2.9229777,2.2236838,3.0152702,1.3620659,2.3754342,3.0984805,2.0240612,2.6778138,2.8451235,2.6388009,4.7503285,0.03452620967741935,0.00832824776792188,0.17547451,0.106706545,Juli
-179.09137,56.19332,118.249954,19.110563,5.682808,15.1428995,59.822273,20.543331,18.868626,4.7661777,16.851393,9.080426,14.565279,7.6748724,9.743274,9.88915,8.866962,3.687177,-4.2399697,10.83256,2.9010215,3.4271047,11.652093,3.2177196,-5.3233643,5.992967,4.9798536,8.861212,-1.0655773,7.1481237,-1.0578167,4.117757,3.147835,3.4486089,1.6226345,2.1478121,-5.141587,3.4567578,5.9828377,6.8271093,-128.50638,9.095589,137.65883,15.837727,-3.6353288,6.9036064,79.94951,21.604362,6.5996194,4.695689,7.7779646,8.555533,9.738493,4.845386,-1.5575368,9.699349,-5.072662,3.3969996,-16.487957,9.34072,9.728167,5.625539,11.621248,7.159714,-14.217298,5.334077,9.159765,2.759399,4.074198,4.723052,-2.782491,1.884844,8.719935,3.5237281,3.5374286,5.3232226,-7.749797,5.118567,0.78069913,3.9430254,-218.95903,28.066116,112.590355,8.115108,5.1027284,2.8007748,49.35449,22.572676,11.339395,7.656002,18.090395,8.141297,15.03728,2.7391849,19.657408,6.0467796,9.616805,5.437019,1.024686,9.084171,4.1594443,5.9691663,6.401976,1.9033409,-3.8075001,4.6963515,4.7708073,5.490187,-0.12973802,2.8243845,3.5548131,2.0982401,0.85805374,3.079497,2.1116405,1.7944611,4.0822926,2.5204482,4.551376,2.8056586,0.0335845947265625,0.012991019727510864,0.15644711,0.084407344,Juli
-148.50989,50.912773,116.54262,18.310112,-0.94076717,10.882814,56.447216,17.335314,13.674861,8.820338,16.17357,7.8314157,6.058919,11.322205,4.9429145,14.18635,2.9769788,5.932526,-11.146286,12.623155,4.9443316,7.2722683,11.502566,4.913354,-8.61461,9.632321,4.79759,5.2315173,-5.4022055,5.176961,-0.14314735,1.8068702,4.9854074,3.251884,1.1983522,3.8807135,-5.176899,5.285238,4.3823686,5.148828,-108.89787,27.396755,129.19318,12.2634735,-10.118378,13.86364,77.080505,18.898499,-2.6223972,5.3519387,11.8118,5.3107514,0.6220595,4.357911,-6.45387,8.55428,-0.48874083,3.020492,-20.945232,4.1743073,8.925922,7.4319367,9.113752,5.036222,-17.81741,5.0265536,12.084661,8.151924,0.32900804,5.754179,-1.838584,2.8596303,7.363795,2.7542567,-1.3367417,2.1517537,-4.937403,5.7560015,0.7726913,4.8075233,-210.56587,6.210844,117.84548,6.4045677,1.4467621,4.449814,35.80797,5.0655313,12.888262,1.8931948,22.314781,3.7592974,12.305128,5.873308,20.781815,5.8506384,9.499014,4.218398,4.500914,4.138204,1.3730751,3.4417613,5.987966,2.2596884,1.3680761,3.3139336,-0.849771,2.812421,-2.618611,3.1230679,5.0100217,2.9436285,-0.7702259,2.2603505,2.2315269,2.6434476,1.1003832,2.6285708,2.7239413,3.2756932,0.04010416666666667,0.0062793466563712715,0.1719069,0.10706876,Juli
-152.68427,42.852543,125.819046,22.425266,3.9753115,13.589485,61.592472,18.087757,12.67624,6.842583,12.769596,9.44459,6.8871903,5.803065,5.3128324,6.580176,3.4430425,6.465879,-12.385794,8.969467,2.432603,7.985065,13.176056,3.4721453,-10.509072,5.417598,5.988975,8.574106,-2.8328161,7.9531527,1.2338828,2.235094,3.3476057,3.550403,1.1197282,5.0829372,-8.499229,4.5382395,1.901559,6.2641134,-154.47192,33.854034,125.31936,14.043977,2.8952796,3.178232,71.64689,22.987082,3.3050218,6.560505,10.554348,8.019795,6.3632936,6.744027,1.9410923,11.652058,0.78504807,4.7180676,-11.479495,10.92609,1.9812272,6.4622912,8.249209,4.176826,-9.858148,7.2267075,9.675948,6.9650774,2.1901255,7.1756787,-0.5232498,3.327102,2.9300864,3.1110425,-1.9278473,4.028123,-1.7253181,6.4978952,0.13321209,2.9350066,-221.92796,11.516361,107.062874,4.761943,-1.5009841,1.7910342,34.147854,6.022866,12.556888,6.92852,23.003138,4.32374,14.913549,1.86838,21.049877,3.2402008,12.7588415,2.0822003,10.463662,3.1176777,6.260484,3.710685,8.311484,2.4148421,4.751347,2.7579377,1.3175775,4.321061,-2.1091268,3.06739,7.069244,3.0485373,2.147931,1.8734442,6.931778,1.6632816,2.076267,2.0854776,3.2800903,2.5701182,0.035526160037878785,0.010055066634135884,0.153565,0.09592102,Juli
-157.25256,56.099617,118.54047,22.728077,3.026299,17.442814,53.825275,21.23736,8.903287,13.9352455,13.025335,9.773858,9.360238,10.379177,7.080818,8.515956,2.2646434,6.9301615,-19.076298,18.977982,-0.00889579,3.965104,6.1084533,4.2861786,-10.782755,4.3603387,7.219457,8.777832,-3.9269505,3.0302176,-0.35633597,3.5147376,6.6481934,8.576447,3.6544795,6.8587794,-11.437874,7.625141,2.1620202,8.126866,-115.26609,48.811954,123.16392,11.190039,-9.324694,19.261248,75.67297,24.571194,6.653865,7.9558063,1.6575196,10.835996,9.547708,9.231186,-7.2073126,12.2853365,-4.7443457,5.309874,-25.222376,13.139434,7.339425,4.363023,3.871343,7.5392585,-15.181842,4.0868783,13.466433,8.617341,-0.09086671,4.1242013,1.7516115,3.1433866,10.553649,4.3114605,6.9160995,4.9810524,-11.452818,10.61921,8.671085,4.2158422,-232.83318,7.3401804,110.170105,4.632903,0.57520556,3.5871613,36.28639,3.9237528,13.4115305,4.0014186,17.371626,4.6841793,14.62458,5.8184114,21.606865,1.6544302,9.9914255,2.8655305,6.18576,3.200611,-0.5910023,4.008553,1.7736405,2.8094163,1.3023092,2.1706777,1.3929285,2.1536312,0.6367356,1.9407735,4.7995057,2.8881187,0.62358004,3.1942308,3.8951623,3.6730156,-0.6240819,4.4869113,1.6510607,3.1188188,0.04388427734375,0.014526751857761323,0.16004479,0.12312563,Juli
-172.06181,49.090538,116.64133,14.711552,4.6082163,12.456252,57.30928,19.512884,15.0711975,3.306927,16.211164,9.6324215,11.574719,8.439967,13.937534,9.037085,6.9410405,4.1416755,-4.7266016,12.879778,0.8770953,4.700402,7.452946,4.5488877,-7.0498705,4.5196733,0.7811522,6.542798,-2.9674156,3.8894255,1.701398,3.4337878,3.5673492,2.8381386,2.5686815,2.0399675,-6.1407194,4.564743,3.7430403,7.5061946,-110.42336,13.063161,131.47108,9.453062,-12.011985,10.438186,81.215645,16.19436,-0.6128099,7.9286747,9.602732,5.584063,8.817035,4.368327,-1.8388271,8.171105,-1.5583355,3.6320186,-19.128162,6.724052,8.064396,5.999102,12.81803,5.034954,-14.012382,5.0345635,12.31552,3.6227949,3.6192954,4.897097,-3.0297904,2.3580444,7.4749713,2.747649,4.396218,3.2244487,-6.8320847,6.921419,1.3391616,7.6398063,-213.26405,26.252728,110.841446,6.968591,1.506215,3.841016,43.58061,15.41845,12.242567,4.449586,21.016869,4.8364267,16.440338,2.897645,19.936674,6.619085,10.090133,5.2977996,5.0535207,7.6053653,2.9629228,4.8979497,7.106194,3.9432821,-1.2444617,3.3964727,0.21036583,4.72085,-3.2508702,2.796969,3.8268743,2.833001,0.27261406,3.135011,2.6561105,4.9107575,2.5219767,5.3439717,5.5469937,3.405086,0.03610491071428571,0.01115344001221804,0.16210257,0.10373325,Juli
-164.99269,64.55844,115.15649,16.410755,1.7180859,19.153358,61.37285,23.383467,17.478775,5.619546,15.17966,10.550671,9.118008,9.768187,7.9052997,8.102602,9.257687,3.7848125,-7.122298,10.41077,2.4017313,3.895872,8.691666,2.5986965,-6.4809003,4.086553,5.264505,8.355474,-2.7808733,6.2209454,0.105550505,6.1055284,6.0336146,5.7244477,1.4042434,6.057418,-7.682614,6.0567904,3.812079,6.2203164,-122.22947,8.608869,134.06474,15.157786,-4.2394648,4.4968247,69.41757,21.866173,2.9139738,4.855505,8.35002,4.651136,4.8783717,4.490588,2.097267,6.1270394,-6.450626,4.207854,-18.366074,7.1399565,13.705006,6.3022585,12.6027975,6.895865,-12.581491,4.4154835,13.729156,2.8480234,3.7461832,4.8890314,-3.6298704,1.7300551,5.314834,3.0894864,-0.88624454,2.9887767,-10.315551,6.016434,-0.77329534,5.854322,-198.90413,27.414484,111.56196,5.414035,0.95492154,4.8773913,46.17207,20.75656,6.835776,5.574639,26.16807,7.3137655,14.257003,4.1551876,15.707452,7.1176767,8.5299425,6.6686,0.05120766,9.729289,6.192655,5.5136504,5.63653,2.727554,-3.2040951,6.494315,5.079489,3.0438259,-3.8188677,2.333403,5.4321637,2.4595644,1.6290132,3.4313123,0.34341154,3.4322774,3.7748249,1.2587866,4.214294,2.656631,0.038861443014705885,0.012786190680094527,0.1550725,0.086986266,Juli
-153.29903,50.409462,109.74447,14.564435,-0.33469683,10.163611,59.201214,23.541538,14.216597,2.7835248,9.955705,13.546789,11.273009,8.031883,9.822924,7.3377967,6.682322,4.522524,-7.764726,15.792475,8.214613,3.8252075,4.3836017,3.998307,-9.022626,5.696031,3.5066712,5.1047935,-4.8160253,2.7045798,0.08076148,4.3245068,6.4213037,4.836805,-1.4323647,4.2902503,-7.361689,3.578876,5.793777,4.226982,-101.166306,7.6512465,133.11275,14.798645,-4.6185827,7.4277434,75.191795,21.93432,3.3927598,8.413826,3.4293456,9.611756,9.611432,4.340772,-1.7048832,4.2685857,-9.933886,3.8863974,-21.81002,8.133372,15.910647,4.4070754,7.1764336,3.811286,-13.178714,3.820953,11.189438,2.9188697,-0.1511529,3.5810497,0.40797457,2.6352005,7.261725,2.0155013,-6.871869,5.6100273,-9.461471,6.6073923,0.3265127,3.1942263,-190.75058,26.183428,107.95903,6.705708,-0.5101373,5.9553943,46.017456,17.058178,6.359766,7.2229495,25.92397,4.1157846,14.445909,5.1575856,15.825372,7.61933,6.32834,4.3348784,-2.7270365,9.92733,9.206995,4.5664515,5.153806,4.388659,-1.7119559,3.3636463,1.9561931,4.9264555,-6.6567197,3.0234478,6.0798535,2.7820144,6.1201916,3.817743,2.09137,3.492052,2.0101602,2.1723156,2.9769654,4.663931,0.04244896673387097,0.009437154406931846,0.18508598,0.11839657,Juli
-197.89996,46.107563,112.23856,12.773297,4.3240047,13.124275,42.041447,21.133368,11.551698,3.436587,17.42696,9.114472,13.409168,5.609442,17.103514,6.699609,9.839255,3.5597508,2.0253751,9.524758,1.4042766,3.8044279,5.1840973,4.1075945,-3.7591949,5.0998297,0.93258697,4.9166975,-5.828102,2.6005619,1.354766,4.183232,4.2975173,4.805803,3.3495548,2.2325423,1.0158733,6.9705157,6.7694116,4.349745,-109.80915,16.86799,134.66591,16.52331,-15.153515,7.345635,79.13684,22.349962,-0.8821987,8.461709,2.6782649,10.994429,8.4229145,6.8665247,-4.0592327,6.7434545,-5.8816776,6.2247086,-19.683193,7.1933384,7.1565833,4.1920266,13.18901,6.448864,-14.002379,2.5509815,10.701288,2.3980749,4.4557896,4.300088,-1.7635173,3.0581028,5.4222765,3.2600133,0.03978304,5.5583606,-8.936942,6.3927703,1.4021046,6.5851893,-216.24988,10.347327,110.89605,7.0927997,-0.93134755,4.660736,37.582302,9.739512,9.28263,4.8102922,20.315203,3.4742022,15.642288,3.3498597,20.73907,4.0490685,9.740447,3.0328364,4.942692,5.417409,3.8436477,5.539544,5.211717,2.4446087,0.6336791,3.3929915,-0.22364332,4.7816334,-3.6685166,2.655888,5.235839,2.095498,1.1899173,2.1209276,1.2082765,2.3368778,1.6662693,2.3287566,2.9046972,2.1165369,0.038720703125,0.009820524397015317,0.14027752,0.10990048,Juli
-198.1521,40.060333,108.680786,6.817771,3.3504333,8.200402,50.927784,21.584158,13.59092,3.3895447,16.314165,7.7579966,15.125123,3.9559422,17.63862,4.096178,8.645068,4.6880426,-2.68205,12.005486,4.99501,2.2726839,3.8210213,3.0479345,-2.6493165,6.287911,0.59572595,3.1757538,-4.4471936,2.1969244,3.4742057,3.0700366,2.0691068,4.7523003,-2.161958,4.3173084,-3.0660021,5.656486,4.0501246,4.2155437,-102.425316,16.13207,132.51567,14.82673,-8.093043,13.58665,76.87683,20.623638,8.670705,9.521781,6.557803,11.310214,13.292487,7.809956,0.021659981,6.88105,-2.3230646,4.234322,-23.401247,10.573435,14.951019,6.366024,3.845697,5.6852283,-15.8368225,2.9555798,14.223237,3.873253,1.2960813,3.72474,-1.8588359,3.5437098,10.308293,2.9436178,-0.62755615,3.964347,-11.846176,7.620627,3.7436297,3.8306637,-203.33301,27.11102,118.34997,6.753639,0.4380556,4.4540963,46.623062,22.038658,9.59289,7.273021,19.754827,7.8882065,16.501,3.3219786,15.440873,7.012214,7.0058937,6.390653,2.5432522,9.888139,2.3905125,4.6487765,5.135502,3.0599995,-5.178617,7.9666233,1.7768329,4.082633,-0.7255295,2.9120169,5.67748,4.377398,5.6989713,2.6969793,4.3649645,2.9660482,2.7180808,2.8701234,3.6976433,2.395424,0.04279641544117647,0.016240240054259166,0.14758593,0.10001161,Juli
-159.76335,48.390327,123.36853,20.509748,3.6063309,14.436423,61.094986,19.638218,15.81289,6.516335,18.50671,7.18218,12.8273325,8.412034,6.665873,8.421347,6.47978,5.2357454,-8.625682,11.538386,9.273514,7.975649,11.171983,4.6439867,-7.2879796,8.116082,8.969959,8.711779,0.15930144,5.301526,1.2862575,3.505783,8.210908,6.4279222,3.9311602,5.6764417,-3.971053,4.8793206,5.2055106,6.4889607,-132.6858,43.279255,133.15404,16.647167,-13.308684,13.278855,85.161736,21.673788,9.335014,10.726311,8.334175,10.705604,16.168585,7.126446,3.4456532,9.874042,-1.3407869,5.2041883,-11.055547,8.664355,12.544749,7.87968,11.068665,7.0395436,-10.04629,5.9191384,14.533198,4.79246,6.129089,3.480615,-0.7246428,4.0135016,9.9876795,2.6659944,1.8449268,5.4742293,-4.86803,7.486766,3.2415075,2.5083838,-230.85486,9.659034,118.35058,3.507903,1.4752611,1.8954585,42.734188,2.5818872,19.837217,5.5494437,28.487566,4.1372848,17.18042,3.272242,21.140867,2.5411792,11.050659,5.2766366,10.0884695,3.0430608,4.2246766,3.5001683,6.1622567,2.397059,3.1380808,3.1309407,3.0712795,3.6797688,-1.4382356,2.7769475,3.780402,1.7752863,2.6626837,3.5358543,4.2404985,1.9687126,2.788621,3.106017,4.7971187,2.0536814,0.027167426215277776,0.0164404750374177,0.19424057,0.10559245,Juli
-201.66919,38.456226,109.277016,11.00741,8.782519,5.1132965,48.42741,17.428398,16.9473,5.2097006,18.400293,7.2297077,17.502497,2.4626403,20.382757,7.6696224,11.663428,3.1989594,3.1739066,10.8243265,5.844595,1.7678006,4.4669147,1.659952,-4.1302257,5.652231,0.40517542,3.2609224,-3.4544451,5.1144757,3.6329062,3.521318,2.6610234,3.114629,1.918974,4.7652082,1.2119433,3.308889,6.3175964,4.5146766,-97.17106,17.024342,132.91759,15.7293005,-10.843548,9.516653,78.56404,23.602407,5.1712394,10.863826,6.8799844,11.360551,8.317772,6.728789,-0.616327,8.744703,-3.5501287,5.875082,-18.964602,5.952888,13.802993,6.9137335,5.132978,5.2559314,-14.538465,4.2792616,14.047497,3.6544535,0.8422268,5.950609,-2.1804993,2.5873775,8.196392,3.290177,-0.3800355,4.5982637,-9.261585,7.425481,1.2223012,5.531291,-191.25954,38.041927,113.29837,7.4044805,4.3952274,4.4113474,56.32706,29.08744,7.81776,11.043212,21.65202,10.778143,17.343224,2.7964213,20.67761,10.45541,10.911236,8.863153,0.030223774,10.490995,3.8694844,4.9342647,3.7236485,2.1556973,-1.819051,4.456181,5.390994,6.47886,-4.2276034,3.8236294,3.535615,2.917561,3.8662524,5.046667,0.76964444,3.2676556,2.4895265,3.3633635,0.9483569,3.0776925,0.03370460304054054,0.012805729266579335,0.17032218,0.102623954,Juli
-176.05127,56.732616,117.56896,13.655805,6.261867,12.925832,57.611107,24.290892,17.36662,3.016158,14.507638,8.991699,15.286655,6.9791703,13.461381,8.796143,10.155286,3.6424892,-0.39571953,11.581538,1.5021749,3.160723,7.934337,6.958049,-4.604265,4.643873,2.9760163,6.6147256,-1.1376853,2.4438624,2.084255,5.946286,5.2436805,4.6134996,0.61130804,4.176377,-4.8494887,5.7427454,5.8712864,6.5071516,-94.95095,14.523968,126.93436,13.350093,-15.496119,8.133641,86.25443,23.702219,-1.1852592,8.692177,5.995935,11.12433,11.492475,6.182424,-3.9461336,10.19094,-5.073888,4.5837183,-22.663927,8.027111,14.348736,7.464953,10.273781,5.697073,-15.56099,2.2752962,15.129218,4.183014,2.0748527,5.538708,-3.8029556,3.6116421,6.6577015,3.6319165,3.171055,4.7117705,-9.214252,8.1452465,0.44598588,3.9616556,-208.11555,23.896349,115.39001,5.3124204,-0.32760394,3.3598282,40.656807,19.171986,9.163932,4.8407598,16.599981,6.876047,16.57853,2.6680145,18.096752,7.3644195,7.896451,7.6744423,2.436749,8.439298,2.3357959,3.8549528,4.9023232,2.3185217,-3.0925996,4.848132,2.2115169,3.8622942,-1.2403209,2.058478,2.5989854,3.806328,3.1866922,2.95854,4.0314403,2.053908,2.4725173,2.107213,2.1194918,3.5895731,0.04146205357142857,0.01472698963747467,0.16620898,0.106495626,Juli
-155.14328,56.973423,111.89903,18.456442,-4.31327,17.793137,54.48378,19.281635,16.278852,5.783982,13.382524,13.530432,10.109382,10.820944,11.83159,9.75906,11.653062,4.884458,-4.63453,15.650807,3.5471814,5.476988,8.700898,3.0121348,-5.119054,11.0350065,8.5736885,8.681441,-0.539826,3.5390308,0.44846234,5.974749,8.061516,3.3540802,3.0746074,3.1200974,-5.9007673,7.1436844,5.47481,5.2276,-93.79792,18.993303,124.46683,12.660947,-12.563863,12.098948,82.075554,21.780256,-6.1265774,9.805547,1.2512763,9.121836,9.4332,5.800335,-1.2730813,8.807816,-6.3510814,4.7874393,-20.508871,7.8071694,16.328014,6.403651,13.713308,7.8693337,-13.782894,3.4772985,16.717413,3.0530875,0.68935525,3.0981545,-7.203615,3.1698751,9.67963,2.9693499,-1.4198006,4.2502837,-14.516038,10.397154,0.9033872,3.7407126,-208.54507,8.728059,108.79717,4.421723,1.3492894,4.098063,33.75102,8.558271,11.261205,5.7816515,21.636047,3.8226564,15.085506,2.0139017,21.479845,3.4980364,11.793621,3.4152598,5.1002626,4.269724,2.605689,2.7634437,6.014076,2.8728185,-0.56568295,4.0193734,0.49403933,2.4568737,-2.9707808,3.3899374,4.6331267,2.5977268,2.243919,3.0439854,2.6112494,3.7001712,0.7948399,3.35889,4.0236826,3.274642,0.04462139423076923,0.017165196807845055,0.1671376,0.10189242,Juli
-204.75197,49.589527,102.87234,8.086279,-1.5570296,5.3897786,41.02205,24.050371,11.471644,3.4972107,14.7294855,9.563291,15.878216,3.5935092,19.260632,6.051541,9.93964,6.2707934,1.0797844,12.180459,2.0957408,3.8956153,6.5778704,2.8407893,-1.9926734,5.766541,-0.7743418,4.672497,-3.185605,2.168526,2.4352674,3.3270893,3.9131415,4.3346534,4.375214,6.546159,5.78571,3.7468529,5.88477,4.823094,-92.251854,11.979304,136.89972,9.742369,-21.552423,9.613455,70.6895,17.169294,0.71493334,13.219376,2.1671464,10.003491,6.4345913,8.023463,-2.6045372,7.348755,-7.1396937,9.04724,-21.648205,8.832873,14.526922,6.4078603,6.3629193,6.6982317,-13.437301,3.421251,18.960224,2.9144802,1.128759,5.881684,-0.55039924,3.3229606,9.781243,2.5465155,-2.775009,3.832241,-11.031082,5.542646,-0.7401005,4.8801985,-181.16786,46.622326,103.31483,9.924422,-2.8844888,5.4199033,63.490704,34.705643,1.1477854,8.799035,12.3396435,11.933911,10.482888,3.4889476,12.5759115,10.522555,1.435323,9.756905,-7.4765186,8.851153,5.3591886,7.3990226,4.345031,2.3120785,-3.161463,6.4642987,7.73299,4.8189955,-1.4779063,4.1421595,4.9406643,2.825665,3.7021022,3.0189624,3.2509172,5.8989353,5.152977,2.2023818,3.2991738,3.3237882,0.046749441964285716,0.012042893620125327,0.16155227,0.12832043,Juli
-158.70416,56.311428,117.31372,20.837793,6.4975524,12.524227,63.187298,21.212437,17.214653,5.7227883,14.483529,12.326227,16.387943,6.0497994,14.209805,8.898416,10.74754,8.58423,-10.918041,13.056246,-0.375069,4.806428,8.21087,6.929459,-9.282549,6.0799437,5.6577215,8.008721,-2.8200142,2.3666599,-0.79029137,3.2599356,2.4894314,5.123221,1.9643171,5.3542533,-9.930933,6.4782047,7.6443286,8.941826,-92.99432,24.789574,139.27362,7.7588725,-13.61493,19.749609,81.88425,18.891298,-1.6859215,11.570008,5.9699855,8.067432,17.68771,9.608236,-5.4505854,12.459587,-5.3866115,5.8192496,-21.4227,10.849159,10.442223,5.7097616,12.89954,8.149527,-13.390486,4.6780705,17.699434,4.10152,1.5395966,4.1141353,-1.7430952,3.9086554,13.419832,2.1563425,4.5570726,5.557016,-10.545738,6.046104,4.387934,3.5545332,-199.96713,35.675606,117.889336,4.971633,4.8024693,4.2664495,59.15692,23.649086,10.521641,7.546295,22.946875,9.913983,19.866896,5.290651,21.113346,4.494747,10.1318,5.595497,-1.5142344,10.372728,3.805332,6.670888,2.9008486,2.6901078,-5.928652,8.022572,3.0888793,6.297886,-2.624612,2.0015101,2.1076334,2.8733208,1.1143879,5.147551,-1.9769852,4.0128226,-2.5439641,3.5721605,-0.34994224,3.8861067,0.03849003232758621,0.01606912183269207,0.1720067,0.084362745,Juli
-141.1027,55.13428,112.456985,18.258629,-1.9759518,12.833378,59.575123,23.715878,10.472511,7.525697,10.013947,9.163966,9.536062,6.451131,7.9516296,8.88711,7.362105,5.729137,-10.379266,12.7150545,3.0433736,6.644222,9.45508,4.875963,-8.997193,7.546733,9.508176,8.37363,-2.756909,4.54444,1.2368963,3.5974984,4.2183304,2.8814857,2.305013,6.8173976,-8.151198,6.460554,4.8464155,6.456582,-93.191635,8.509544,122.92616,15.375188,-14.382149,9.198815,83.368996,21.35768,-6.9949226,8.024226,0.83141387,9.363316,10.537513,4.7493644,-4.8689356,9.9720955,-5.24838,3.6790118,-17.765589,8.291541,11.394471,5.609739,12.222841,7.60115,-14.923121,2.742386,17.476767,2.197238,4.9970083,4.271005,-2.137799,2.9004133,6.6432776,3.0107622,1.3771913,5.20165,-12.470802,9.384942,-0.16081545,5.187249,-189.356,27.949337,105.141594,6.971063,-0.67710096,3.6216083,45.32696,22.385756,1.3027357,8.01365,19.840963,6.451222,15.26347,2.0358577,18.091747,9.505469,11.709846,4.6391335,-0.6823502,8.833799,3.5909655,6.5345902,5.9982543,2.042986,-3.6946044,5.124235,4.455511,6.587065,-3.8008614,2.493406,2.4347584,3.9828033,4.056977,2.669608,3.2008822,2.8815563,2.9055717,2.7850626,1.8169788,4.0256915,0.046055947580645164,0.015093411182788034,0.18422535,0.11908415,Juli
-169.61804,52.41247,110.159065,11.642696,-0.9668104,11.487109,47.264317,25.073942,11.696629,1.7120949,9.073465,9.358784,6.873013,8.958403,11.181248,9.410816,8.578401,3.6008317,-1.1982489,11.109383,0.15938233,2.174944,6.306155,4.27758,-7.197185,7.3470373,4.489403,7.6950035,-4.4851923,3.9874074,0.13466524,5.4808764,4.654056,4.5268164,0.36067212,2.0700529,-5.0318475,8.012533,7.45928,3.8659666,-88.72709,12.3330965,129.14769,14.998913,-20.537111,12.738019,81.72364,24.627735,0.13600688,8.011292,-0.13015366,10.746627,8.040951,4.04075,-6.0187864,8.9175625,-9.500786,4.2596226,-17.075794,6.985718,8.831885,6.325918,12.677026,5.768663,-15.979836,3.6816015,12.841113,1.6499652,5.3424716,4.7966986,-5.927063,2.5189123,7.9461546,3.3165643,0.24396849,3.0554194,-11.934995,8.098685,-1.8350806,3.701594,-196.2773,24.33855,107.06959,9.35722,-3.6654692,2.3561423,36.245262,18.241295,5.325131,7.6012955,17.640009,5.8795166,12.05127,2.850982,17.052206,6.4383297,6.0806155,8.171016,-0.032382533,8.759336,2.9496636,7.773984,4.9122853,3.6328914,-2.764828,4.012736,0.5394017,4.759196,-4.244012,4.8950157,2.4136,4.6067915,0.10620632,2.4051776,3.305105,2.8473532,3.4916086,2.9645479,4.7876625,3.452495,0.04933120265151515,0.015491019764203341,0.16933195,0.13013193,Juli
-171.92287,50.935764,106.73716,16.760715,5.07527,13.465325,52.560345,22.925713,10.860097,4.228134,13.286116,7.9975004,12.315434,6.65797,12.4079075,8.274388,6.748104,2.894481,-7.6659904,15.026087,0.01830561,2.6645331,9.3230505,2.9884918,-2.1032631,6.382696,2.8436017,6.8602104,-7.4144964,3.4959826,-1.9703697,4.2685313,-0.45496035,6.194478,0.6507921,4.4179273,-3.0611656,8.471549,8.24069,3.6710799,-85.41095,18.32893,133.13339,11.022778,-25.552967,13.226949,76.850746,22.998158,-2.1395109,12.206489,1.7777065,8.748405,4.7234745,4.77048,-11.293401,9.697119,-10.346216,4.5832815,-19.20765,8.261444,12.580456,6.8804054,14.362887,7.0297384,-17.31778,4.7599106,14.252466,1.1295425,4.5718756,5.1527557,-2.5379164,2.7173634,6.4585304,3.5615118,4.6504393,4.4508834,-10.681325,6.9465156,-0.37071666,3.9624891,-187.40808,47.458347,105.62915,10.726773,-3.0875416,6.090067,53.71796,34.308403,1.7109407,8.182453,12.833382,9.613168,15.572793,3.5416994,11.66644,8.269261,2.9488475,7.229975,-4.449448,12.381314,3.5426924,3.764688,5.5787506,2.6154156,-5.987285,7.022144,1.9925437,4.625565,-4.126942,4.2503414,4.161365,5.6884913,5.370585,1.9931597,5.648068,4.605137,4.2088027,2.603198,-0.13353872,3.1502068,0.0472412109375,0.015869610119256843,0.16718079,0.10998891,Juli
-189.33273,50.51578,99.51684,18.657623,6.4650145,12.29235,40.08712,19.40612,11.112905,5.1962514,13.9273815,10.357857,16.036821,3.1016195,16.568098,4.722422,10.483869,4.554657,1.9783084,8.954399,1.4603078,1.8268055,5.6829386,3.4833298,-2.6822693,5.4676967,-0.6095986,4.352502,-5.007521,3.7250795,0.15433834,2.5472736,0.58970916,4.636665,3.741558,4.657636,0.983761,4.993672,5.1374373,6.7723145,-92.99913,16.633013,120.640236,11.834431,-19.393078,9.015816,84.77901,21.665756,3.7764878,13.622895,3.1828663,7.663785,4.406889,5.89296,-8.4391,7.729761,0.9044596,5.7502203,-22.339552,4.8853917,8.649337,6.409514,11.578214,5.6002345,-18.541842,4.882226,18.387085,4.878508,3.5575008,5.886029,-3.4142654,2.3446505,7.0996537,1.5579956,3.1877606,4.1693373,-9.204514,5.4206114,0.77766895,5.892734,-184.39911,48.807114,107.92004,5.1701694,-0.27792653,5.9464216,56.196644,38.30371,2.3896773,10.620298,13.632167,6.8314586,17.504494,5.567596,11.022167,10.678318,3.099384,6.1857305,-2.7425816,11.329054,1.4574538,5.812323,4.8127055,2.7702148,-2.4845545,8.4434,2.9013355,6.457969,-5.15893,2.4285,0.36760762,3.1113544,2.7744045,2.032461,2.8347378,3.2061002,3.3522148,1.6202674,2.425563,3.676386,0.0513458251953125,0.012138546523339242,0.16094154,0.11567348,Juli
-177.13853,47.222996,110.22078,14.420257,6.097113,12.902946,47.2057,20.852165,15.443597,6.579013,13.077273,10.789012,13.63971,7.394838,14.009347,7.309939,5.6557817,3.0613377,-3.6677468,11.925431,-1.0488502,2.5401037,8.205892,4.878245,-8.272948,6.7471247,2.4942067,5.706941,-7.332018,4.0821486,-1.2112179,2.46306,2.3677423,3.0716,4.630007,4.2803426,-3.5558398,7.6548133,4.4744067,6.9838147,-103.34888,18.757729,125.30029,15.412177,-16.320522,11.423434,85.40427,24.451641,2.7823305,10.148998,1.7399365,8.689997,11.521018,6.8922954,-2.34207,9.446245,-6.3958316,4.355943,-20.416994,6.848769,6.589998,3.441467,13.227472,5.2456193,-21.352365,1.1948924,9.201274,2.145737,1.1806198,2.8050542,-4.6251445,2.3070073,6.3475266,2.248875,4.291268,5.541075,-4.5397935,5.5383897,0.23574366,4.6397505,-202.82277,22.855404,109.86692,4.7020884,0.71352124,5.7200284,37.059017,19.40386,8.20033,5.763318,17.561485,4.4098544,14.737507,3.3546398,17.137323,7.1583533,6.5775533,4.0771475,3.0223129,6.5728807,0.7266615,3.550778,4.2014794,1.7530227,-2.8656034,5.9641685,-1.4984626,3.0836759,-2.2157934,1.4766135,5.850228,4.6302795,2.8238232,3.2607877,6.97168,3.6051219,2.4762232,2.5838568,2.5555823,3.6446583,0.039507697610294115,0.014319886827792444,0.16178843,0.10860992,Juli
-177.69823,54.849686,108.916794,17.819511,1.8756232,15.481169,53.94099,22.008762,18.031397,3.6774795,15.096421,12.771445,13.727384,9.427001,18.306953,9.3223505,10.857495,5.0488133,-3.6554663,14.303908,2.2218695,3.3924325,8.162826,1.8605944,-4.006502,8.97273,4.071005,5.711245,-2.7763648,5.3285513,1.585311,3.469945,3.0164123,5.298903,2.2171392,4.2716894,-2.896018,8.349723,4.6518345,5.041915,-103.80784,15.042356,121.191216,15.743698,-13.835519,10.470945,92.3902,22.108934,2.0585864,8.322431,6.833582,7.285401,12.181272,7.4774694,-3.9619598,10.37253,-4.4132776,2.8108647,-13.06723,4.907012,9.891934,6.9585934,9.1490135,7.4142294,-18.962587,2.5509496,13.123298,3.8612869,6.470634,6.5268626,-2.5250235,2.1993504,7.6465764,2.674494,2.497896,4.681384,-7.392051,7.779578,0.8620102,4.9170675,-217.04834,24.967623,110.03919,7.9849186,-0.165404,5.3344913,39.098236,14.522406,8.852448,5.100835,19.066362,4.141066,14.034846,3.3389058,18.096342,5.380228,8.700118,4.395539,4.2700577,8.359275,0.8601265,4.366858,3.773505,1.843856,-1.2351824,5.8368316,3.1123784,3.2503324,-2.2041209,2.3610148,6.4203186,4.194149,1.9032583,2.2730072,3.3097494,1.1301734,1.7125496,2.5027452,2.8456552,2.2536619,0.04230813419117647,0.01744352474321716,0.152271,0.09980333,Juli
-187.33398,49.179134,113.71809,16.082745,6.8778076,9.140341,51.906204,18.628777,19.654844,5.269054,16.788834,10.335464,17.644098,7.5382905,20.784563,7.55926,13.224912,5.123591,1.3453994,12.73942,2.8825002,2.482,11.47905,3.2469573,-4.1142735,6.035189,3.92231,6.2585425,-2.303483,3.4500527,3.0933192,3.6506932,1.9877403,3.7260747,4.8152294,2.8214185,-3.9966416,6.5778747,4.680658,6.687827,-95.98037,15.36221,127.49474,14.490263,-12.993878,10.716347,89.78773,22.464205,1.1714693,7.4395127,7.1994643,8.337866,13.366192,5.106911,-1.3286573,11.308676,0.65235466,3.0714624,-17.83679,7.4476333,11.919278,5.4215274,15.349753,6.2807484,-16.633574,1.3569499,17.184126,2.7638946,5.2339144,5.834643,-3.9209929,1.5280685,8.33614,3.0458908,6.021208,5.3956194,-7.718245,5.190834,3.7168052,4.1629953,-191.49763,26.65231,109.310356,9.082758,-4.8483796,8.393144,53.12231,21.968403,9.978404,11.717568,16.503218,5.956206,8.26473,4.349692,23.172792,12.490618,15.038293,7.388052,-5.2185636,7.0147243,1.1383921,5.4073234,11.967499,6.049506,-2.624498,8.642953,-4.1390305,9.342953,-5.6797376,2.0472538,8.332376,8.092688,1.1439708,2.9706542,-1.6433808,2.2990663,7.17205,3.1724575,6.955363,5.871821,0.04717658547794118,0.021278418939869873,0.17692725,0.09476972,Juli
-152.31412,55.706177,115.98994,14.597499,-6.2192836,14.022908,58.309513,20.840525,15.619449,6.9992623,13.765714,14.300416,10.344749,10.580811,10.280137,12.447479,4.3407526,3.957004,-11.672965,10.927378,-2.7753885,5.4214854,11.478933,3.7310703,-9.798781,8.783788,4.5822277,9.0509205,-3.2149682,6.1957135,-2.1474228,2.9976118,0.9108208,6.5211763,4.170707,4.8432503,-9.322364,9.865525,4.42431,6.278826,-105.731964,18.243267,119.122955,14.454409,-8.763318,9.610461,87.48651,18.730844,-1.8597122,5.404326,11.41377,6.053141,11.331657,4.500754,-5.060161,9.010051,-1.8115772,3.3246744,-17.84307,6.3065042,8.154854,5.9665446,13.777832,3.4084332,-17.918957,5.07328,8.5272455,3.9732518,3.18174,5.811911,-4.9998574,1.7377068,4.2869463,3.5664454,1.8338622,5.2441535,-8.454991,9.713304,1.6406299,3.7857058,-207.28545,13.217761,109.32,10.169212,3.3780043,5.084998,40.468502,10.496961,8.314872,7.0358105,25.188366,4.910766,16.765408,2.9958608,21.386646,5.5598364,14.128461,2.8289735,3.5817251,7.885139,3.0005949,6.752782,5.7423863,1.8205304,-3.0570135,3.706249,0.79546034,5.5691967,-7.0107174,4.547581,3.270539,2.8314176,0.8827574,3.2956686,3.2343626,2.8316286,4.6096053,1.8721896,5.534053,3.3735597,0.04839902935606061,0.010782973412344321,0.16718386,0.10590188,Juli
-184.28235,45.7662,108.53098,18.170132,4.4589696,11.129994,43.29198,17.260136,13.213431,4.7588973,19.11717,10.517113,15.344005,5.3067455,16.683664,4.6116304,9.272967,3.806119,1.8847278,13.338439,5.399555,3.3061302,10.3484535,3.0379584,-3.3566675,8.347663,-0.1898125,4.801713,-6.7166877,3.2251565,0.8905439,3.7654493,0.3477765,4.6227164,2.1886618,3.7163,-1.5930988,7.5517883,5.730351,5.043291,-91.908936,10.070943,122.34414,13.142158,-11.428527,8.475403,83.01403,23.667433,1.8813014,10.293296,6.3292923,11.371002,9.217757,7.892386,-0.4601227,7.3362527,-0.57793665,6.1864967,-20.09606,4.8260684,7.08424,5.6050763,8.075191,3.8177824,-15.284241,1.5858303,13.452557,6.406973,3.4698734,3.8198442,-4.6423025,2.655783,6.302749,3.113013,2.1577723,4.367587,-12.61074,8.114258,3.6619499,3.775937,-185.98647,33.03028,110.75161,8.121433,1.4652265,5.6462417,48.0656,24.14411,4.05316,11.147106,20.561255,7.4467754,17.947386,2.7739444,17.992916,8.331864,10.092916,3.6460943,-0.6777439,10.2406435,2.244737,6.358815,6.2719383,2.22515,-1.9866238,7.0339303,2.8339138,6.1051188,-3.1990054,3.9636455,2.3765864,5.268857,0.6290878,1.996716,4.4101543,1.8857948,3.0716197,3.1040237,0.6626907,3.6650758,0.04482693142361111,0.015415404776936118,0.1627776,0.107949354,Juli
-198.8402,49.23958,103.453255,10.676212,-1.5705189,10.018502,49.837387,22.157715,16.948069,3.5301838,13.121109,10.40037,17.322863,8.028208,17.691328,5.943421,11.004319,3.2766914,-1.2447667,13.531887,0.5313141,1.7967693,7.156594,4.9525743,-3.4502828,7.0627418,0.2563591,5.3477764,-3.7660692,1.6865234,1.0422466,5.810172,3.534825,2.0018368,1.2276368,3.1080031,-4.8703823,3.6672597,4.644514,7.1404786,-113.98222,8.836118,130.08527,12.008104,-11.723766,8.2717705,78.95667,20.936914,5.7214174,11.488165,9.09638,6.4810786,6.6328273,7.35791,-5.295572,9.53229,-4.4314537,4.657636,-21.135136,5.11114,6.5819674,5.3566103,10.380024,5.702849,-17.321907,2.238212,12.756198,2.5597355,0.57299,4.222728,-2.6989727,2.7108731,7.5782437,3.479947,4.4479504,2.5687478,-14.307359,6.467671,0.23768453,3.5445068,-201.62451,33.600742,110.58717,7.3627577,1.6317642,4.823764,55.918785,28.788485,8.053055,6.2755213,19.138096,8.945139,16.141531,4.0743647,16.345024,6.7890654,7.848525,5.303467,-0.18921977,10.756782,3.2253647,4.324466,3.6877458,3.3098102,-4.4106493,7.1142664,1.3048,5.2053924,-7.384588,4.109286,0.3833589,3.7583702,2.0658891,3.2387896,1.7645577,2.653572,0.33833772,2.5870569,-0.12160122,2.1586537,0.04683314732142857,0.014093550744312434,0.13677247,0.08924589,Juli
-113.90666,24.998537,132.74059,19.654713,0.7742151,14.201553,65.90726,11.770393,3.9028957,17.859808,7.781179,7.4399314,16.167652,7.1342325,1.1217674,11.873719,-2.5988836,7.906304,-25.896626,5.517863,9.555027,5.712893,12.046297,4.598905,-14.871493,2.8678303,12.557488,4.628848,-0.13137761,3.4445498,-2.3880658,2.8794565,8.302765,3.1691182,4.202798,7.1746426,-13.836469,5.408828,4.4085317,7.948138,-142.96854,59.545708,125.833046,11.559802,-9.646582,20.48025,79.935814,29.542324,10.167922,6.5415792,8.566519,12.3236265,13.24659,6.440017,6.990134,16.098991,-2.3573802,11.840888,-5.855557,11.30391,6.722024,3.9793553,7.0300064,3.5259926,-8.755523,8.55475,9.135332,5.345781,3.780272,3.929972,0.5782865,3.1102703,7.8898063,4.4562597,0.7060107,3.4984522,-2.0426548,5.8110733,4.076558,4.4127493,-213.2166,12.943978,116.84115,3.6303787,6.788786,2.716713,44.05782,8.116994,12.27528,3.8077543,19.281143,4.7224145,12.656659,1.7250525,21.418442,2.6456041,8.288432,4.8196754,3.1012604,3.277104,0.95359206,6.0769897,4.214455,2.8587384,-2.7199023,2.9527166,0.5468206,3.8010473,-4.328411,2.3188012,5.446777,3.1786468,3.264929,2.0782366,3.1960819,2.305103,4.813075,1.8467487,3.990733,3.861949,0.0352783203125,0.016836855126529948,0.183174,0.106101826,Juli
-193.53279,44.32598,108.58189,13.532203,10.435617,9.188025,50.65319,17.349808,14.790733,2.3701663,19.057697,9.722946,18.921295,4.2242155,16.32117,8.278348,8.757196,2.6636784,-0.4851368,11.531671,1.5574368,3.1794803,5.7685065,4.060348,-5.3479867,5.821,0.025125384,2.442641,-5.992415,3.9896135,-0.3690768,1.9128704,0.002031517,2.7766542,1.6702029,3.6958497,-5.026825,6.1090584,3.668293,5.2829075,-110.78086,8.562752,134.14262,9.313496,-9.362837,8.77047,68.05824,12.366327,1.6811454,13.092869,13.632243,6.353691,9.303363,9.852456,-2.2647452,6.0644426,-0.9939823,5.6807637,-19.407934,5.5800767,13.610461,4.498202,14.327449,6.2664185,-13.9409075,2.067007,17.7914,2.5440059,2.8537571,4.760617,-2.741802,2.1416209,8.9251995,1.2821087,6.354977,3.1795678,-15.031795,2.4788592,1.0751069,2.5221736,-159.76917,45.24397,109.195404,13.478175,-1.2168473,5.7112756,78.319336,32.8523,2.7109678,11.635313,15.307196,13.265639,14.534997,7.4376297,9.080267,11.508936,4.2857475,8.91675,-9.484419,11.962317,7.1955905,5.781559,7.559856,2.224943,-6.6560483,5.496619,7.5952144,9.831785,-2.168121,3.7621894,0.7484064,5.593349,3.5044808,2.9335299,-0.12665197,3.183017,-0.08269418,3.2127845,4.444016,3.458195,0.042212701612903226,0.013595063600973185,0.1756664,0.08676781,Juli
-173.55087,51.7814,105.57922,18.40494,3.844246,13.685138,50.469124,20.329035,15.73335,5.311238,13.318359,9.919547,10.68758,8.670698,11.516383,10.6513,8.903304,6.1797457,-4.95164,10.178742,3.1374822,5.242058,8.910279,2.5378375,-7.0019126,9.266591,4.800759,7.7781725,-0.36613226,4.6377845,1.1916754,5.054017,4.075246,2.710337,1.4184659,4.382941,-2.0277658,5.2180815,6.114648,5.124762,-95.0883,28.094847,132.4313,11.130067,-21.909805,17.71493,73.2135,23.128555,-9.835355,12.234879,1.7274017,6.373759,7.172053,9.596975,-9.914084,11.86295,-11.665246,4.4292226,-26.513147,8.928254,11.089324,4.455512,11.141257,7.1504474,-16.931189,3.4541953,15.696831,3.4749756,3.6533706,3.6565163,-3.6204364,2.883782,8.590647,3.0884125,4.49739,4.3166595,-7.7840896,3.2909021,2.4884655,1.842673,-201.77684,43.326347,107.03312,5.651291,-3.853071,4.9799776,47.59721,31.395777,1.418847,7.9731383,11.565488,9.163969,10.800305,3.3436968,13.977166,6.437856,2.881613,6.7001276,-5.301185,11.694719,3.1852076,5.8558316,5.8375225,3.6848538,-3.6258671,7.771602,3.420159,6.165527,-4.1599703,3.3923504,2.6969545,4.168718,4.251297,3.5771265,3.554681,3.0842102,2.3820174,2.865315,5.121049,1.7229475,0.056060791015625,0.018344872407838594,0.15515904,0.113665365,Juli
-147.61627,44.137684,131.11273,17.614141,0.9570625,14.409051,62.932907,11.779943,7.880728,16.547247,6.3514385,9.716575,9.11371,7.3370547,2.7568781,4.760517,-2.5855932,4.0009813,-19.476385,9.13048,1.9978032,5.823963,10.321864,5.4229465,-11.514536,4.4310117,8.616856,9.277948,-0.8948538,5.7622066,-3.7746172,3.219594,4.02912,6.2954125,3.9473045,6.40365,-10.18836,2.7438486,1.802304,6.4281197,-143.8025,46.170746,125.65334,12.162262,-11.852245,12.262322,75.1684,26.902697,1.2635732,9.325911,5.171429,11.846042,14.270938,9.605829,0.53357697,14.096166,-5.6807337,8.795247,-15.08602,12.245729,2.9666467,5.7500987,7.223291,8.911533,-12.420593,8.204363,6.8829393,7.052657,3.5790277,6.369449,0.05592992,3.0144198,5.7584496,3.29431,0.31664765,4.2277517,-5.179612,7.8955975,0.98471886,3.2545397,-235.4772,14.620179,105.464226,4.5427933,-3.7941172,2.6779237,31.052406,8.632226,6.0934696,4.3399796,20.230787,3.7545846,10.124358,3.6719778,17.887648,1.3896741,9.72575,2.3303668,5.030282,3.5748549,3.5184608,4.846753,3.6243072,2.5952368,-0.8461243,3.368433,-1.9313344,3.845559,-6.767775,2.2534125,3.4300764,3.4748306,-0.55815625,2.689597,4.312326,2.6126957,3.1755662,2.1037557,4.183265,4.108269,0.045794862689393936,0.013611370520349199,0.15735042,0.1241706,Juli
-144.45264,43.754696,112.82442,20.703905,3.3035135,11.601832,62.245464,18.085325,15.582401,8.431883,9.798576,11.486927,11.088464,9.210276,3.210147,9.188839,0.85172486,6.288964,-18.860512,9.198675,1.7004333,5.3528132,6.20241,3.0797193,-11.496414,6.168124,7.8014426,8.391532,-3.928232,3.3433115,-2.8377314,3.3425503,3.8726149,2.5003986,5.1573596,5.4336586,-11.499546,3.5576801,2.8506312,5.1659675,-123.75987,27.961773,121.436226,17.768156,-5.7119484,10.469938,84.86379,27.341726,2.7254913,5.3129983,0.2364146,8.200079,8.974212,7.880627,-2.397669,9.840439,-8.503533,5.381455,-18.76435,7.3761053,6.3299885,5.1140485,2.8876927,3.8327215,-17.240093,3.787195,10.305835,4.0000625,2.482348,4.4327207,0.5002948,4.485532,7.2770777,6.9260516,1.6342082,3.0332887,-8.24737,7.0010834,2.680766,2.4787216,-221.87126,8.933319,110.04757,3.975455,3.4877124,4.3895955,37.31993,4.3935704,8.937669,4.731196,19.419714,2.5332146,12.886029,3.902361,21.878254,3.3895123,10.732382,2.3686113,1.5118489,5.3483734,3.7524238,4.9523,10.035961,2.2700071,0.34555927,3.9136064,0.93378466,3.1678236,-3.9745145,2.5084233,5.4321923,3.4116776,1.0939687,2.0081153,3.9028103,2.349957,0.76621825,4.472943,2.8259425,1.979317,0.04302106584821429,0.011411239283607495,0.16344424,0.109213576,Juli
-144.28241,50.92045,115.76692,22.482288,-1.4676669,14.211096,61.732105,19.695162,13.051013,11.067995,11.031126,11.656841,10.097281,4.3664083,7.026058,6.3599935,1.8504769,6.24972,-11.622549,13.920131,3.687795,7.3419356,11.307313,6.2615633,-8.050201,6.5471373,8.725875,7.225543,0.0878768,4.0158362,-0.02351129,2.7175229,4.203179,2.6016493,4.25949,4.3587832,-6.828578,2.4306507,2.1746936,5.2531815,-105.867615,27.361906,130.83846,10.850214,-13.937996,12.528758,82.22402,20.283714,0.2763811,9.714216,-3.875782,7.2090893,9.943701,6.6288457,-2.0104642,10.134482,-6.8233924,5.88696,-18.016678,7.297017,9.2336855,4.187937,10.720085,6.4060693,-14.5753355,4.5686984,15.928999,4.477642,5.6999288,3.1752372,-2.957256,3.1706197,7.7789397,2.3085363,3.010569,5.511215,-7.842059,6.520689,1.1102753,1.9392718,-215.49551,15.811501,108.41844,3.4057102,-2.247124,4.268024,35.713043,6.006243,9.831713,3.021279,22.47339,4.8102684,17.096767,4.660977,23.988966,4.0622754,11.800827,1.8317549,6.4751215,4.9597116,8.446039,6.192656,6.1657043,2.1060114,1.8312454,2.4825122,1.8904747,3.158205,-2.598864,2.1785445,6.0845046,3.9620447,0.40858144,1.8631828,3.1542277,3.407596,2.9572883,4.554545,3.7339318,2.3306754,0.04853515625,0.016267217660129167,0.17886288,0.11190024,Juli
-191.14647,65.33407,98.046394,26.168072,27.440153,20.736462,56.680817,16.382704,16.57996,7.497272,10.8882,9.708821,8.500941,6.9201293,7.06106,11.971628,1.859176,10.84555,-11.76944,15.987026,13.307739,10.067259,12.305125,3.7323313,-4.0157623,8.330183,1.6173911,6.52779,-3.13519,4.278402,4.4143405,3.9686363,-1.1064578,3.8840551,-2.1573198,5.0869207,-3.3000622,4.5948644,2.8237343,3.1455986,-135.79524,25.310383,122.1229,26.273466,20.884464,11.318997,72.75045,26.945309,-6.2485595,12.479245,2.692833,10.886639,11.229705,5.804887,-8.038263,14.124784,-11.642528,6.1793256,-22.591055,6.6398783,23.90635,7.129536,4.802073,7.6349287,-7.7962155,6.9749546,13.85587,3.3939426,-5.306064,4.186463,-3.5350883,4.75023,6.71627,3.4002402,-8.029094,4.251278,-15.068168,4.463308,2.706023,3.6038294,-291.91205,28.274515,81.66691,9.113552,25.670248,7.011659,41.388927,12.192847,19.553934,7.1894994,17.91176,4.180624,14.134016,3.8175833,20.529713,8.622382,16.216242,5.6267166,9.0513315,5.0853686,-1.3007152,4.8945737,1.6113168,2.468895,3.0866528,2.5935993,5.26294,4.2807593,-1.0698638,2.618398,4.379293,4.050248,4.450494,4.613789,-1.1096863,1.6120939,-1.879637,2.8211474,4.9486766,2.6071084,0.04395816200657895,0.013531872664687432,0.14638174,0.10878559,Juni
-146.6941,57.51627,97.27387,24.591251,28.223433,32.228195,73.884315,16.692547,14.323639,5.507727,-7.389008,15.325191,2.1775942,6.1137953,-1.950324,6.0001464,-7.6907754,3.1938436,-20.68072,11.665588,9.690254,3.2625005,16.651054,1.243702,-11.918533,6.0822625,2.124159,7.188913,-8.005606,6.432388,-4.6978235,2.6183205,-3.7333536,1.5084964,-8.185241,3.6433372,-5.7214684,3.6603642,3.97728,4.419456,-125.4282,13.958405,124.87146,4.401307,10.162449,8.801586,45.440693,10.06279,-4.8717346,6.825169,3.94833,8.899969,11.349991,3.2304535,-4.4015293,4.9655514,-25.001562,2.9905956,-34.89417,8.180638,22.368011,4.7632647,18.774689,3.3654826,-14.768214,2.5310214,12.74783,1.4343601,-4.1089487,3.6006126,-4.635675,4.7733927,-2.1905103,1.1642956,1.9899706,3.3282025,-10.668641,4.8757873,0.6317119,0.48256648,-150.71199,49.979015,105.43078,13.2260685,34.54964,10.9818735,88.47716,17.22033,2.2170568,12.490456,8.269114,12.758158,10.623102,8.894169,-9.238673,7.6973715,-12.002342,7.382486,-13.10931,7.510314,16.816738,12.006728,4.553642,6.061028,-7.4106007,3.3256824,10.057634,2.6325932,-4.772422,3.4015388,-5.4934616,5.602529,2.0650964,4.6260424,-10.240022,3.2363646,-12.155842,4.942772,-1.1832523,1.9470583,0.0338134765625,0.007851882852120585,0.25345683,0.06439421,Juni
-153.80344,72.59597,93.76472,22.136341,22.507261,25.600124,70.34741,19.124895,15.908505,7.188305,-3.086179,11.7714615,0.008180754,6.917692,-1.7788697,2.3776252,-3.5104785,3.4866045,-20.105007,14.874661,12.858454,7.382986,18.504135,6.44437,-12.593495,4.2303486,0.7597083,6.1676774,-7.0226793,4.1298647,-1.1471303,4.0884256,-1.3188455,5.38774,-6.7049603,3.8854148,-8.67084,3.0507221,4.1906695,7.438829,-114.761406,9.6932955,131.69481,2.6290514,8.165413,11.134601,46.008842,12.458387,-5.3808713,10.893701,-0.09135764,9.491819,9.397604,4.9504766,-2.7591689,3.9452596,-16.712034,2.7149851,-30.486187,9.693674,24.798483,4.263557,18.64147,2.0522296,-15.891027,2.0634012,14.939085,2.0007772,-2.0148218,3.722466,-2.956319,4.158502,1.4612924,4.061841,2.5204582,3.5876815,-10.813365,2.5937734,0.20432578,2.3537152,-134.05989,30.602823,98.23299,13.357385,26.620117,6.299237,99.03961,14.861318,-6.383397,11.284511,3.8752503,10.674171,16.727068,10.3631,-8.934828,6.9973083,-14.406552,7.8562937,-16.538662,7.6906414,21.87949,9.059094,7.1389127,4.0531726,-11.636895,3.6361306,10.560863,1.5275303,-6.4442725,4.3346896,-2.6260724,3.9619777,4.290799,3.7651885,-7.9841843,2.998285,-11.148061,5.1908264,-4.1643558,3.0993168,0.04503813244047619,0.011314471317082075,0.2535465,0.07855905,Juni
-142.36792,59.68384,98.95721,24.149548,27.854525,25.45664,66.723274,13.589411,16.493896,5.844181,-0.21350108,13.104178,1.8255885,7.387817,-2.0348885,4.6422973,-6.365088,3.4331512,-18.96016,10.412991,12.255561,9.192393,15.131648,2.4539888,-13.2713175,8.559523,3.0284648,7.054291,-5.9793043,4.301647,-3.903894,2.4251652,-1.8007848,4.020101,-7.088074,1.1044846,-7.6905684,1.3947831,3.4786007,2.4191604,-120.17491,11.71076,135.80273,3.5325522,9.777574,5.841488,45.37384,14.278146,0.955031,12.019728,-0.5514254,8.9575205,7.069049,4.3574867,0.7421017,4.522214,-23.659182,2.0015092,-26.540213,9.786716,23.445154,4.621417,15.651252,4.8560333,-16.79092,3.7157025,11.112913,2.429712,0.47064576,3.4348,-4.4063425,2.7874908,2.8778932,1.9664234,-1.8495054,3.5002058,-12.989083,4.4728174,-0.008318083,3.0040748,-139.172,40.338478,102.87223,9.7486,36.193592,6.6964426,95.67036,12.3510065,-4.6976895,10.87565,5.324829,6.1576223,11.365328,3.3891497,-11.965741,7.740249,-14.666239,4.1446342,-9.851348,4.2730746,20.272074,9.279701,5.395577,4.1792326,-9.97594,6.247218,8.604966,3.5098946,-6.3365264,2.7373073,-1.3360741,3.1716166,3.209599,1.6847363,-10.245833,1.5878187,-10.026026,3.7245169,-0.6966228,1.9472606,0.035970052083333336,0.010976721921856752,0.27043384,0.06984332,Juni
-169.51768,78.5799,75.92385,21.450811,26.289522,18.30673,62.43197,19.49945,17.074947,2.3409183,3.1273842,15.502696,7.7512293,7.4324117,10.782444,7.0970387,2.0209346,7.9285827,-9.578564,13.618689,8.182737,3.201446,9.132823,9.12594,-9.967886,5.1860805,3.9328742,4.5912533,-3.5910006,3.5801299,2.0059147,4.9231296,1.7681909,2.3503993,-4.5672255,4.998877,-4.63677,7.2481875,2.896371,3.2744176,-123.02869,14.16868,131.18842,2.2014344,10.410151,9.6527,46.055054,11.383425,0.6277957,9.645952,4.0465984,9.065571,5.6440945,7.527367,0.5039159,5.4455023,-17.00835,2.150208,-31.764715,4.901748,19.973537,4.4659786,17.61166,5.191095,-18.145689,3.0631278,14.231624,3.3616424,-1.4701445,1.5685539,-4.9001784,3.698864,2.7381792,2.1204157,-0.07178533,4.5249076,-9.176954,3.6513298,-0.9614361,2.7202816,-140.12555,25.003561,105.26858,10.589371,34.082832,4.5656238,89.86188,9.7195,3.5887692,8.382385,8.079096,10.354135,11.268826,6.303379,-7.2440443,4.884724,-10.017116,6.8096457,-14.92105,4.928974,17.327255,5.3353686,2.3580418,4.6499305,-11.642683,4.8173013,9.0372715,2.3780756,-7.1887083,2.7258499,0.12441659,4.2662134,1.9011499,2.5555625,-9.926052,2.8809085,-10.929527,2.0206757,-3.9098506,3.8672984,0.038859049479166664,0.008331739750125891,0.2467025,0.096617885,Juni
-117.6961,63.977158,96.87531,25.019808,22.076471,21.655106,68.89038,17.080173,14.833332,9.310665,4.78405,14.582706,9.559806,7.0586042,7.7057376,7.328201,-0.30636394,8.809248,-18.33724,13.246453,9.312823,7.6990833,20.696556,4.420682,-9.950285,9.236909,8.079531,7.3239274,-4.488029,5.39744,-1.8127736,2.3188038,2.605116,5.6907053,2.2814884,5.186228,-8.179445,4.05531,4.929966,5.3229074,-95.423386,14.379719,118.556885,18.94349,16.615679,10.803744,79.495346,25.909702,1.6128726,12.910027,4.0533924,11.5190935,13.097262,5.859579,-4.577027,5.503804,-11.388935,3.9279232,-16.123278,8.734458,19.95793,6.078961,11.479822,9.393641,-8.469685,4.5619316,13.83472,4.309592,-3.2820826,5.709509,-2.9660273,4.936883,6.953512,4.2033587,-3.5780308,5.259865,-12.362091,2.81928,1.5047616,3.4128125,-199.01033,48.475666,86.19899,14.169796,27.232883,7.314638,59.022675,22.63213,8.986551,12.458749,19.499546,8.419855,14.406982,4.2555575,9.564938,17.663095,9.855144,11.584046,1.1793398,7.185942,8.475073,7.5569944,7.1449976,3.4224656,1.2366751,4.7848186,8.945548,4.3070765,0.8913485,6.074476,6.3233104,6.006369,3.341865,3.756666,-3.1353679,6.301799,-2.600461,7.788763,0.70864093,3.721964,0.039515904017857144,0.012144039881830992,0.24982503,0.120096214,Juni
-148.24594,63.93133,106.21518,27.288559,25.174097,22.185318,62.094963,16.114973,18.975687,7.8221755,1.1153698,14.154727,4.8652964,6.963576,5.6156397,7.360269,-8.618748,8.670762,-17.183058,12.6739435,11.626794,9.8476305,12.101032,7.067735,-11.379509,6.9042783,7.256117,3.5116403,-1.5900795,4.8747087,1.7986974,3.6599646,1.3862885,5.79876,-1.7506675,4.8797154,-6.9633484,5.2299976,0.72770447,3.3556886,-108.67211,13.450726,114.30036,21.126986,10.329514,8.609832,82.9551,26.119837,1.4863175,12.449209,0.84674877,8.901803,6.2995853,9.722331,-2.3616025,4.325236,-12.042319,2.9386637,-18.919292,6.8166447,22.893408,3.8864672,11.254124,10.0636835,-14.333666,4.6388087,12.0584545,1.1401037,-2.2643366,4.3754196,-6.0002117,4.4065223,4.4437537,3.3671625,-4.3076835,4.850079,-13.602274,2.677761,0.6007323,3.6724925,-203.43459,38.638676,95.992035,5.442738,30.181086,3.9392753,54.355015,24.127878,3.6907618,10.296214,15.147549,5.9629755,12.790588,4.252234,7.8405347,12.110698,5.865021,6.3833156,-1.485416,8.955655,-0.43571612,8.11592,4.630846,2.0577073,-4.8365164,3.1012027,2.103136,6.2784576,-1.3902272,4.09556,0.17757593,3.20436,3.3940024,3.138309,1.4646684,4.6718683,0.9176874,6.8412776,7.4888244,5.5779676,0.04118399784482758,0.008254872594264785,0.21831805,0.12596829,Juni
-185.12302,69.30937,93.190506,13.328572,28.438877,16.365232,60.517487,23.801968,18.682985,4.8700256,6.6965017,15.193408,11.383328,6.1561947,10.280542,6.8104486,6.819696,7.255137,-6.796653,15.657809,5.335845,7.5658903,10.264209,8.336081,-6.1707335,6.805896,5.119938,3.4191818,-5.3636737,3.256211,1.8524199,3.518351,0.739794,2.1633625,-5.9480753,4.979393,-2.0416942,4.7058587,3.0562901,1.6551518,-107.955284,15.030711,126.48313,10.930041,4.297887,10.675444,67.45258,25.38658,2.551087,10.660481,4.310563,7.983052,11.756809,4.1583443,-3.1546917,6.9298058,-16.864437,3.0970302,-24.572662,9.388633,25.294506,4.299618,18.200508,6.923036,-14.39477,3.0578554,11.992338,2.720349,1.8203623,3.3798032,-4.2671094,4.9506335,5.8177485,3.627929,-0.6835259,5.222471,-9.851848,3.4153745,-0.056563545,2.5830095,-195.94751,56.96137,91.64201,6.9687195,27.996904,5.720073,66.648155,35.141365,7.049252,15.2595625,13.352245,5.817928,20.72045,4.245272,9.270125,15.224444,4.2927866,12.112153,-1.8430768,10.445713,7.506605,13.064944,1.795938,3.6958487,-4.039178,4.7751164,7.2219496,4.8737016,-0.59814507,4.090119,5.917934,5.5594754,3.4885435,3.954556,-5.1489058,3.486201,-5.8407803,4.758645,1.120367,5.5665965,0.03843245967741935,0.009671606348375543,0.19777368,0.118618704,Juni
-135.7408,50.3442,104.95433,27.065575,18.326187,23.051455,66.582146,16.556252,6.690924,6.0822644,-2.947534,12.432893,4.8120465,5.231812,4.065558,2.3504796,-5.6694717,6.0493493,-20.12238,10.224081,10.506352,4.6597834,10.178929,5.653168,-16.451303,4.2963476,1.4293032,5.712998,-3.4326704,4.0582266,1.231842,1.9421246,2.6106677,4.28709,-8.620044,4.7745614,-8.380228,1.6411417,3.681721,4.6579585,-120.08051,12.528396,136.42807,2.3536093,9.326094,6.0499444,50.252293,14.387018,-9.919518,12.458672,-1.4986537,11.979437,13.215754,3.3222742,4.418572,3.9177516,-20.041311,3.0449338,-27.019459,11.944504,20.710224,4.6527247,14.202443,4.7027473,-16.190918,1.993091,13.1924305,5.569891,-2.9347267,2.405281,-5.723724,3.5445154,1.6784135,1.8932542,1.564291,2.8015642,-13.83502,3.8559341,-2.8962047,3.1421041,-147.25537,39.72257,94.8633,13.888946,29.492346,4.318178,93.52349,18.83451,-1.6289823,11.541437,8.939768,6.09734,15.1904125,7.9581013,-7.468149,7.082309,-8.435416,6.8772326,-12.343847,3.6204913,20.116482,10.955974,-1.074085,2.9596133,-11.638777,5.347529,10.532167,3.4259186,-6.9899874,2.8034613,-2.5982637,2.154886,1.8164899,2.7153616,-9.8210125,2.8278053,-9.72317,3.8840065,-2.890628,2.1006024,0.03890713778409091,0.009626344259981082,0.2360236,0.071168795,Juni
-195.42877,76.95157,85.45892,19.025484,28.65994,19.744122,60.879063,24.849194,17.003572,7.1573057,8.125722,17.257929,9.609854,8.270099,11.224357,8.551247,3.4251244,9.325187,-8.704142,17.903181,8.346434,9.690827,13.585284,9.866258,-7.948051,6.133327,5.1246233,2.9652581,-0.6939218,4.151884,4.3298774,4.3343954,2.5781686,2.503263,-2.9160585,6.927698,-3.3139288,4.6314373,4.572449,4.1722016,-118.69837,14.728243,120.46624,20.482538,11.379843,7.6648164,72.7485,29.087807,-3.3224306,9.696146,1.1029829,10.820575,14.571621,6.569217,-3.673519,6.98762,-15.66426,4.4756393,-23.470396,9.251367,24.98894,3.9468718,13.222473,9.067379,-12.744327,3.117042,13.625935,3.294238,-4.4853945,4.9977126,-4.846592,3.9874513,3.8294737,3.18835,-2.2054179,5.0659566,-10.712243,4.4260006,-4.23181,3.0948133,-208.21445,33.196342,90.43228,11.450249,29.77845,7.417577,57.7419,21.62294,9.745858,7.070329,15.611736,3.6664426,12.251174,4.2150474,10.689274,12.673436,5.1432014,6.9015746,-0.5469988,4.8207307,3.824902,9.264878,2.8877895,4.058096,-6.480281,3.1484263,4.5189695,5.49741,-0.5746327,4.322912,6.6979947,5.645886,6.019868,3.8074727,1.7371728,5.519867,-2.3951368,4.586756,2.1317823,5.8436203,0.03798828125,0.012770105063064578,0.17679341,0.11329737,Juni
-124.24743,42.899563,112.647,28.737276,19.727911,21.548923,63.48103,27.521202,2.4751859,12.385033,-0.7674559,13.758252,7.8145523,8.080188,0.103708096,4.8423786,-13.538743,8.703511,-25.95677,9.242862,21.374647,10.244964,15.210209,4.656047,-11.819781,5.399065,8.411965,7.5908046,-6.246587,3.703024,-0.33710042,2.788922,1.4963657,4.1218953,-4.527027,6.292343,-4.36983,2.5265574,2.4010282,3.5641456,-117.036896,41.117443,104.47208,16.92975,22.76289,13.88632,92.33799,20.746391,-4.894844,13.1073675,2.2027178,8.911874,6.398877,7.0360594,-11.252828,9.075656,-16.783346,6.4519906,-11.281335,8.112053,23.815002,11.482597,6.428816,2.236515,-7.4218388,5.1646056,8.751504,5.1364174,-4.3877287,2.450248,1.8817196,4.208433,-0.6879138,2.441307,-7.3379726,3.833667,-11.266041,2.6331966,-3.6092422,2.9810522,-247.90201,28.10617,71.88718,6.9906507,27.018244,10.3626585,41.42355,8.978161,21.936956,7.794976,23.363966,5.020597,15.909934,7.064358,19.854975,3.532646,12.243859,2.669337,4.359262,3.9528341,-3.0475466,6.2937756,1.2056209,4.4264884,2.4208794,3.5944104,3.740669,4.9314966,1.2549859,2.2998958,7.8642306,2.2540388,0.64341825,2.543074,-0.46085083,3.9727788,0.91590405,5.2393394,3.4332845,4.3068967,0.03925485321969697,0.01197726433000776,0.21371154,0.13413331,Juni
-187.45372,57.53546,100.23126,18.505924,20.355217,17.827091,52.34346,27.347,12.126851,8.011885,10.523623,8.736239,8.9431715,8.3483515,13.444026,8.598126,16.825867,15.394974,-5.575781,19.134804,0.6967473,8.264089,10.706523,7.744172,-4.197328,6.1008224,3.6177886,4.8110485,-3.6389315,6.906302,2.0600345,1.94655,-0.6397668,2.6495132,-1.3920059,5.4105496,-2.0683153,7.855077,7.970979,5.059087,-133.40648,21.8794,130.38423,18.647552,20.484007,10.207902,64.486755,25.087337,1.7610091,12.31782,11.96386,8.06772,9.469319,6.2333937,-2.2034338,10.542225,-14.548462,4.6733823,-22.061098,8.11037,23.86722,10.440861,9.571171,7.0733094,-7.320497,5.453036,14.9520645,5.25367,-2.0532014,6.498333,0.5856287,3.6003945,2.903661,2.2729566,-0.9894076,3.320671,-12.539599,4.5427504,-2.917041,3.1590543,-265.4072,43.010246,86.08143,8.136151,35.385685,4.2068377,50.210636,18.910116,12.665228,12.394618,17.811857,2.9581807,14.325402,6.6245418,15.680772,13.653425,15.686417,9.920313,10.769854,6.4639835,7.8497653,7.9797864,5.7219677,4.0294256,-0.5818455,3.6818347,6.7778296,5.2838025,1.6343099,4.8793855,5.7863164,4.3142796,1.1447049,3.0057867,-1.4238969,4.2617946,-5.5084925,4.742295,-0.92430687,3.9119742,0.02711940456081081,0.013108645130805065,0.17870402,0.11772459,Juni
-164.26671,67.53325,110.351395,21.498957,30.120497,12.745127,67.23577,19.331453,18.529877,8.119882,12.164138,10.763823,13.768067,6.150341,9.977037,8.018238,2.6784902,9.415555,-1.1211654,9.120373,2.4660084,10.899999,4.0009413,5.6952825,-6.0459914,3.2887855,-1.0701623,7.9217257,-0.8819139,4.6524143,5.728349,2.5107408,-4.436055,2.5393672,-5.936238,4.650485,-4.5519366,2.5543263,1.1819215,3.0928762,-83.67712,12.583555,127.79304,10.9652605,3.4379828,10.540323,67.268295,26.135954,7.45621,10.4538965,4.8504443,13.890449,18.42445,5.656442,-7.3100386,5.04908,-21.949516,7.971076,-11.587543,11.22081,28.754393,3.0200422,12.627044,7.2018394,-17.20786,6.4800143,13.629306,5.2405543,-4.0053434,7.907878,2.0791848,4.297107,0.7279103,3.1196907,0.44724047,5.28939,-8.462195,1.745768,-0.8152813,3.5486026,-195.87128,52.444603,97.97643,8.025201,21.90596,2.6346705,66.7582,25.758793,11.340966,13.789208,16.531137,6.0353703,22.379145,3.1335108,12.063483,15.747152,7.7488666,15.092927,9.372231,10.411712,12.235061,8.960868,4.9112697,3.1853411,3.8384497,1.9432755,9.259988,3.0111718,1.7193187,4.321214,11.873853,2.8288586,3.3685868,2.9865015,-4.2285094,4.4072537,-4.0805163,2.1192834,-0.34851035,6.387301,0.035888671875,0.018672697747196574,0.23039539,0.08388515,Juni
-161.3517,71.86287,90.91402,16.841007,17.954435,14.356899,62.04466,19.662748,17.044456,5.973222,12.647687,11.809544,14.648354,6.764453,15.063197,9.31677,6.927165,9.553765,2.8815143,13.178751,9.187045,8.1317005,9.095648,3.1322901,-2.91059,7.496755,5.286657,7.200981,-3.4463356,4.5399866,5.4563146,4.075948,0.41465148,3.5835524,-5.326678,2.6240604,-3.408259,4.0441966,5.874497,3.0544956,-85.37417,13.014769,135.64655,8.229967,4.2176523,8.65779,64.28398,22.471775,2.1959481,10.345064,8.527058,10.44432,18.70293,4.4101906,-2.7574818,9.178357,-20.141317,3.1691747,-12.798958,11.342503,28.394379,3.8946655,11.369798,5.2327733,-15.103775,4.402513,12.898804,2.9844725,-0.636191,6.142115,-0.13303137,3.5295572,2.3916993,2.9171712,-1.5260389,6.0166116,-11.488337,3.2211862,-2.054638,3.0919702,-149.84874,43.55537,109.94685,10.380494,24.096657,6.3490834,74.89841,24.188349,13.717465,16.180376,13.886688,4.6330514,16.056057,8.579675,4.293656,11.254135,-1.9272884,6.9809875,-1.9472198,5.0213013,1.7925014,16.266447,-2.5431437,3.7920268,-3.770968,3.3393624,4.6275997,4.391719,-1.2378752,4.290229,5.1470776,4.0304656,-0.5939712,2.2285771,-4.328034,6.786731,-5.162031,2.6847014,-1.0031127,5.603541,0.039645287298387094,0.014439783354881087,0.23299873,0.109503575,Juni
-103.84844,26.49273,120.37179,31.04176,13.227206,16.92181,71.06166,23.292229,8.984293,9.628029,3.9329805,8.370038,15.6133,7.458976,5.204085,4.582575,-10.208137,4.378129,-11.221584,5.22158,22.451591,7.4192586,12.628681,2.0429413,-10.596798,3.3897486,12.690184,5.775831,0.76101565,5.7244506,2.6309483,1.5548187,1.1129098,5.457248,-3.0513468,6.8442745,-4.973899,5.5254397,-0.44131204,3.9463274,-102.10458,14.44005,117.9037,22.129562,8.931541,7.9551573,89.73189,26.364756,-3.6358745,11.485815,3.0113037,7.5997367,18.90854,8.8282585,-7.5026574,7.0438166,-13.834495,3.4515111,-5.4546776,7.9453077,32.365627,7.447257,5.6698284,5.5953064,-7.55341,5.1372414,12.510766,3.1306405,1.2371058,4.660445,1.091273,5.1843762,1.3736438,2.3420405,-5.8781223,4.2563257,-6.0731015,4.309874,-3.6936374,3.9166954,-224.604,29.973675,102.772514,3.6792152,25.240509,3.6127195,59.30805,17.773748,18.5253,9.704876,22.037886,5.244961,20.065569,3.1160457,15.724142,12.292321,12.689338,9.16643,12.96143,5.9148936,5.127515,5.761621,2.977253,2.218628,-1.9995046,2.9790795,4.049947,5.767054,-0.77538013,3.377697,3.104708,2.9987707,1.5739079,3.1543055,-0.22236525,4.829661,-1.8503709,2.660637,-0.7120332,3.7069192,0.036688442887931036,0.018426067496752328,0.22776844,0.0947449,Juni
-130.97774,52.773605,109.880264,19.85762,12.3068695,16.070498,62.381245,18.766981,13.87081,3.2616582,9.612238,11.090394,13.924654,3.8769438,13.608884,7.6513095,6.555649,8.198081,-0.970988,9.198372,9.368891,7.9365644,5.834968,3.000475,-5.0914297,7.5018773,7.6269555,6.798237,-3.4123034,3.8034906,4.0674295,2.7608728,-1.9514163,3.7084625,-4.5995317,4.610476,0.16917858,5.405401,8.40069,4.3417063,-87.645775,15.366112,127.85484,21.186958,9.149541,6.8291454,72.243355,30.178486,-4.028987,10.66131,5.7111406,6.8134108,15.53465,4.9687567,1.1630713,6.6365504,-9.305912,5.05358,-13.372736,7.595409,21.046345,6.18472,3.8454814,8.675228,-7.339686,2.272574,10.399114,5.312829,-7.258825,3.2428722,1.7443151,4.654928,3.1746488,2.6899261,-3.1071823,4.049529,-8.645693,3.2775996,0.54788095,4.659756,-165.58476,35.521523,109.91514,7.9897346,16.614098,5.8276215,68.444084,17.76454,12.169015,12.742966,16.158424,3.799056,14.055938,4.380573,7.005301,6.440662,6.885861,5.96551,6.18281,3.1597745,4.5618334,5.87258,1.5080708,4.3102546,-3.3900023,2.1258252,-0.672589,4.4236813,-3.937651,1.5239635,5.6492333,2.9251106,-3.0505593,2.3058915,-6.7596745,4.4142876,-2.970479,5.7701087,0.4989003,3.2514646,0.037139892578125,0.013134299060802586,0.21287614,0.08943202,Juni
-130.46642,45.68069,133.3945,20.154488,16.467989,15.835379,73.19227,19.88198,18.795387,10.074201,11.3761425,10.391111,13.921176,6.4761386,3.7689316,6.373335,-3.604457,8.539296,-11.347375,8.853901,12.849463,12.676291,5.536559,6.9562025,-10.41574,4.799833,7.536546,3.6267238,-2.1615052,5.192444,1.848164,3.653596,-2.419402,5.157907,-3.3154829,6.29811,-3.555507,3.3432472,-0.6102194,5.1157517,-114.83609,24.095188,125.463005,21.098452,9.771374,10.055329,91.83078,21.360544,3.591639,11.1704645,5.2572217,6.326651,16.606117,3.1742873,-4.526814,3.6929882,-13.289448,9.713095,-6.4505095,6.6447544,24.63539,7.793307,3.3423364,4.5276756,-11.735577,6.679904,8.579357,2.1722975,-3.4228106,3.5981302,1.5249673,4.0074835,-1.5253263,2.057235,-4.785748,2.32662,-6.5177245,3.8532114,-4.246809,4.2896953,-214.30634,11.527753,118.28658,5.974525,32.00793,5.094946,64.42568,8.539461,25.657999,5.9149942,21.45762,3.0493069,14.988086,2.9753304,11.209202,2.8276613,10.677689,4.3682,8.45362,3.938259,-4.13697,4.2194166,-2.6838048,4.338457,-6.170259,3.1008594,-3.5579264,5.5279593,-1.7268931,5.0599084,2.0118525,3.6615875,-5.682384,2.8980243,-2.2610912,1.7584659,-1.8115937,2.1253412,-2.5809124,2.1951225,0.03189625459558824,0.013265633870158151,0.2343367,0.074158885,Juni
-121.3157,41.312336,117.14113,22.360888,15.616034,19.103394,72.95494,23.395887,6.7807426,8.174508,7.26203,12.656608,17.953312,3.917462,4.098993,3.1561296,-5.0921774,9.542849,-17.398571,5.318864,19.641066,8.578147,13.712477,3.5397208,-7.108921,7.24685,11.535138,7.361978,-3.9004912,6.5033145,2.5992284,4.210175,3.5778477,3.5948467,0.38951662,7.868238,-2.9863966,5.3028107,0.34309003,3.2865567,-122.85643,13.204208,120.20309,17.79139,19.039469,6.1282983,83.4067,20.282843,-4.4548407,11.263764,4.9496107,7.076644,18.140938,5.1431665,-4.0939817,4.8134046,-8.263978,6.2449636,-2.7307134,6.43625,14.574465,8.370933,4.3631697,5.1631575,-1.4554714,5.7748566,14.593229,3.6442356,-2.806706,3.6570578,0.015150309,3.3288097,-0.42684227,4.3647714,-3.9223626,3.530418,-9.445447,5.2901917,-4.373087,5.460558,-213.65578,13.567483,91.486885,6.7170916,14.86953,5.875567,40.351036,8.323653,15.573219,4.5771027,23.867136,2.448934,19.465174,3.1353662,18.28356,3.7103577,15.433124,2.6209931,11.924291,1.7698722,-0.213154,3.0929563,4.7777457,2.9973478,5.6282845,2.6654959,5.0454917,3.324832,-0.59341866,3.6092842,3.7707942,2.2909856,0.016883144,2.9700558,1.5752987,3.4471831,-0.55156785,3.2041457,7.10775,3.8986297,0.038665771484375,0.012917229623473235,0.1869214,0.09344554,Juni
-180.49904,75.272316,93.59272,18.143122,32.725945,19.293867,64.53887,16.678295,22.5615,5.6456227,10.593174,13.445977,7.7302823,5.979619,6.645163,7.001606,-2.9114478,6.674851,-7.033252,9.58977,5.7094593,11.299354,2.423305,3.7940044,-5.561014,8.276958,3.6958275,5.790218,-2.770199,5.4408126,4.6730795,3.1029873,-4.7122197,4.952662,-5.8403196,4.657283,-7.0903554,2.3336644,0.58586496,4.467294,-114.83659,17.481867,124.62434,20.738537,23.32625,4.882757,77.27162,27.971254,-2.3739889,12.8082075,5.9355693,10.529929,13.733984,8.2857065,-10.541781,7.606421,-19.649595,3.9134617,-14.562486,10.11292,29.654722,6.555801,7.4105077,3.5133696,-9.888864,7.236382,10.354406,3.7047722,-2.6050665,5.371129,0.7272406,4.213307,0.18818647,4.5834503,-5.8353195,2.6927495,-8.301635,3.9148097,-4.1885643,4.8662705,-236.75494,50.59316,87.444145,7.2561345,42.364475,4.611008,64.813,25.912462,15.554931,17.147673,22.358608,7.2115235,18.947298,2.8907797,4.7682896,14.972625,3.9026918,10.905696,5.0453763,4.4620056,5.0593276,8.188883,6.1188264,1.6883228,0.51708055,3.27629,4.128396,2.4854972,-1.6161612,3.7010822,2.454525,2.412988,-2.4389398,1.9294574,-4.056582,3.331344,-1.7561437,3.5331085,1.6484535,3.8917713,0.034209280303030304,0.009551647355415019,0.21031637,0.1270161,Juni
-150.02675,71.735085,94.223,21.173523,20.85182,21.325745,62.735855,27.004553,10.990251,6.8146405,6.630801,18.958923,10.983162,10.916481,4.4085546,10.2810955,-3.8820176,11.248234,-10.483275,9.898375,6.5588093,9.850966,6.058844,7.253884,-10.451694,9.012219,2.6869338,8.33945,-3.117003,5.275617,2.5321574,2.626936,-0.61700404,1.8921673,-3.7483618,5.47206,-3.4095178,3.539795,-0.40391046,3.0853655,-106.09599,12.722961,117.82264,19.88269,21.770845,11.812407,77.71097,30.998043,-7.3585773,9.448153,-1.5843655,11.493292,19.43864,6.5812583,-9.209574,6.5626388,-21.244118,4.2161436,-12.811969,10.863214,25.551453,4.0296793,4.672766,7.054289,-14.961132,8.431514,11.709162,4.3592234,-2.4008768,5.8609943,1.947181,4.2780857,-2.4931667,2.6646864,-5.7195926,5.788911,-8.705765,4.6332164,-4.414665,3.9914682,-233.12312,47.26299,84.49225,10.460026,39.20386,4.1940613,56.118725,24.111145,14.684769,15.603808,18.482422,4.0057034,10.734108,6.321932,4.023929,12.976257,5.9892097,8.77332,6.157903,9.133455,4.300346,5.996547,4.2972226,3.6003146,-3.506011,5.728073,4.1119795,2.6076314,1.0290188,5.669887,6.7431145,4.7737646,0.5050106,2.4426575,-1.4153677,2.3976543,-5.290476,2.8749948,-0.33171698,4.656793,0.041058708639705885,0.00919410434538317,0.20957127,0.13226578,Juni
-194.25058,87.095985,75.90852,18.604664,23.455872,19.689365,59.851227,33.561172,14.587202,6.824003,6.515123,17.029377,11.361348,5.9582725,9.230593,8.207838,-0.39264107,10.538354,-5.4211173,13.31921,8.318119,7.279991,6.647493,2.8155093,-8.139989,9.21679,0.86891204,3.0672507,-3.956524,4.5627027,2.3443248,4.218401,2.4147131,3.2582943,3.6087334,4.3576474,2.4734104,5.5927825,3.7140908,1.7279503,-132.93741,11.139297,124.858345,8.849896,10.049962,10.957295,61.569134,15.481675,-1.9181592,12.790549,1.0507965,13.342469,12.926048,4.8903,-4.1489964,5.558698,-20.731493,5.063574,-18.742542,10.557342,23.587852,3.46997,10.942991,5.117352,-17.577915,2.20152,13.492834,5.1422887,1.0471578,6.701416,-3.1025512,1.4943476,3.2299669,3.7548504,0.20649695,8.310189,-7.5827694,2.7625258,0.20815831,2.4092164,-161.49054,77.98648,89.94975,12.065514,28.684484,9.016172,95.90317,29.182726,-7.6491,17.493841,10.751818,8.818404,20.59807,5.357916,-11.383804,14.662648,-10.692542,13.358111,-8.9791765,10.134302,17.491915,14.185104,2.933028,4.206555,-2.5761967,6.333141,6.456332,3.3421686,-5.387248,3.798654,2.810678,3.3330426,-2.3991585,5.0646906,-7.5297775,4.862704,-6.0141625,4.7624536,-3.9856312,4.7563343,0.046724759615384616,0.013924262716539121,0.1973355,0.10191293,Juni
-144.13754,48.395847,108.168015,24.640688,17.235891,24.667557,69.11141,25.046368,-0.3011837,11.131578,-0.09208374,11.977253,7.902295,7.688837,-0.23328093,5.6175294,-11.5128765,5.898012,-16.239304,9.769326,17.807327,11.047962,6.7877474,2.5404067,-15.043663,8.621059,6.278477,11.508888,-3.6658993,4.645285,1.0080283,2.4684029,-2.9348178,2.3115013,-1.4586105,5.3409295,-4.2699385,3.219896,-2.9286282,4.209913,-123.80715,18.75929,111.845375,12.004022,15.944632,12.0755205,89.23391,23.727186,-6.1163964,8.170758,3.5655208,12.762272,14.890056,12.216526,-11.930857,5.808609,-19.126923,4.576036,-10.6655445,7.9300265,26.851665,6.532629,-1.6674582,4.775759,-12.354521,4.9385614,9.755069,4.074578,-4.402158,5.527378,1.5523052,3.833481,-3.3672805,3.2569575,-11.116826,6.3762956,-7.4781036,2.8793647,-4.3972883,2.9544206,-283.5859,26.651705,72.121,11.709041,30.02,6.7127295,44.055298,13.86746,19.083023,10.869019,19.419472,6.1841865,12.028458,2.0101333,13.887769,8.870766,14.662026,6.327619,15.351251,3.4049451,5.9956408,3.9696932,4.0371,6.0644274,1.012382,4.967532,3.4877317,4.4058576,-0.33407202,2.7090607,6.2195964,4.1897874,0.014537703,1.9299098,-1.2209016,3.7348218,-1.8563479,2.2286956,2.369008,2.8405752,0.04115738407258065,0.015796918348507882,0.16755556,0.105234295,Juni
-224.26978,68.395134,89.560455,13.561474,34.41304,13.9258375,58.58856,24.565456,17.412025,6.68275,12.375603,14.648903,10.475129,5.0035152,14.784344,7.028577,9.512273,10.00417,-0.6249442,13.734782,4.6616473,7.3211656,11.57615,8.821104,-2.649846,9.489039,5.885428,5.017532,-1.4201336,4.794407,6.910545,4.1178126,0.960769,3.345146,1.067372,4.9021854,-4.139128,4.270157,2.8927562,5.476662,-136.46532,17.341959,132.97624,15.471939,19.757866,11.922374,65.2626,24.03196,3.6699722,12.5278635,6.755304,9.676074,14.618893,5.19318,1.913794,11.533544,-13.397124,4.1612635,-27.262594,9.866439,21.877108,5.9228735,14.480924,5.164103,-7.936323,6.0650964,17.660183,5.6535196,-2.6257122,5.27554,-2.8210404,3.4084604,8.828758,4.2295113,-1.1147479,4.343591,-12.7524805,5.0630174,1.3329262,3.157499,-243.73788,50.928448,86.86833,10.641394,25.715061,6.6791587,48.546604,19.41031,14.903111,14.955312,25.206688,4.1716423,18.769873,7.9719267,12.853738,18.911255,14.174723,11.401748,4.2795563,6.3745384,4.037478,9.999723,7.1872044,5.536918,5.65985,4.4415817,8.596468,5.436238,-3.535595,3.68206,1.6590129,4.3551416,1.7992662,3.2589312,-0.70926756,2.5749602,-1.3494189,7.425324,2.3272116,4.049906,0.026921452702702704,0.015814447053107004,0.17180707,0.10453092,Juni
-118.203,55.71381,102.480194,29.871155,18.946611,29.749058,71.44887,19.786703,6.9955797,7.4596143,-2.7181196,11.0062685,7.4903145,7.6082587,-2.3755727,4.6592917,-4.359471,6.1700754,-15.794758,13.951327,10.469813,6.947645,9.405017,3.4125292,-12.32682,4.9324284,8.396465,8.96128,-0.8603587,4.284614,-2.5934157,2.7730975,-1.9097762,5.334776,-1.19032,5.6134157,-5.911716,6.4462986,0.74987245,5.4420614,-114.298546,16.887861,129.65833,9.729032,14.532402,9.84563,69.39075,30.045792,-1.7566586,9.129202,-4.7992954,11.124722,12.416723,3.8168678,-3.616025,7.8116403,-19.134264,1.3847259,-15.998196,12.703606,21.273663,6.6488013,8.389272,7.4558764,-10.313684,1.7175511,14.169987,3.9020936,-2.748138,4.1629667,-2.8495054,4.648912,0.2952717,4.072746,-2.8879027,5.128816,-10.488062,5.587283,-2.8871274,3.3521523,-189.00008,61.14191,84.197556,15.607562,30.43652,8.952795,74.9866,31.342749,2.769629,14.971688,16.982462,8.619603,17.73965,5.507373,-1.1624409,15.28561,-1.7352766,14.610638,1.5716381,8.443165,13.844069,13.491536,2.8841755,4.4992476,-2.041236,4.9641953,5.0523567,1.7801254,-2.7230892,3.787279,7.6424036,3.4397545,-0.90891755,3.6118968,-6.0782495,5.0934105,-2.3078628,2.7170413,-2.2966504,7.2019954,0.043701171875,0.009838827576897026,0.23934811,0.111947656,Juni
-144.13716,65.016106,102.44252,25.433033,18.758038,25.283445,70.29717,18.90214,12.319711,8.210324,3.4756563,13.520255,9.1515,7.0182476,2.1710005,6.59836,-2.3503408,8.133177,-5.3238316,9.544558,17.160576,9.775658,7.544308,3.7013638,-9.187818,8.586311,6.7767797,7.8319583,0.44071233,7.461475,1.5172814,1.8757193,-0.8508692,4.2453694,-2.5923738,4.7800703,-4.025896,3.6207092,-0.17997572,5.284432,-111.80887,17.928999,131.70102,14.910793,7.7751956,8.776657,64.64586,28.670563,-1.3795488,12.751893,0.1879193,8.513793,9.481637,5.852496,-5.93337,5.5970526,-17.88416,2.3936226,-15.255524,6.8743787,28.398764,6.36043,7.1686716,5.069326,-14.143828,3.7826302,11.849226,4.101045,-0.32239547,5.9276,-1.9174552,4.9488654,1.5260712,4.5921717,-3.6198027,5.918517,-8.046075,4.042396,-6.0882835,4.489181,-230.64722,72.98041,81.207855,13.320733,30.990137,4.008869,61.77196,33.776855,14.78252,16.668196,20.350002,5.157976,17.55846,4.3148937,5.338885,14.664694,3.6319795,12.7274065,9.711411,8.566898,13.293417,10.390128,6.065909,5.107933,2.2375612,4.5051866,6.550906,3.6041799,0.3503324,4.6814404,7.136925,4.3915567,1.1082933,4.3555064,-3.8237455,6.118163,-3.2082212,4.8566008,1.6203461,6.9441237,0.0338934536637931,0.01299011501819203,0.21655558,0.11328959,Juni
-139.05496,57.70433,109.0234,21.190777,18.713345,22.911392,63.55423,21.63578,10.704042,10.082654,8.523066,10.964837,8.852479,6.1264443,5.480147,6.73643,-2.568539,10.5590515,-9.87173,11.934216,15.182947,11.945344,9.202591,4.565039,-7.8321557,5.0769114,10.682932,7.0713735,-0.27408147,4.46926,0.84173405,2.917711,2.1911776,3.703038,-1.3448416,8.204391,1.3498585,2.8656666,2.1738849,3.6696126,-110.95742,10.976224,115.10942,21.474596,15.382398,11.077137,79.04698,27.17074,-4.8456855,14.287259,9.06456,11.928896,14.561917,8.809504,-5.863329,5.9126873,-17.85234,5.030666,-10.963213,8.011176,25.79211,6.2699275,4.692068,7.9015956,-6.553647,6.0322294,14.475418,4.735363,-2.4229093,6.4822946,2.6068063,3.3035846,0.81549007,4.128821,-4.86073,6.885096,-5.21926,3.9069424,-4.7054586,4.3809648,-229.63889,31.041204,82.88432,10.682623,24.803562,7.7863154,48.19452,19.688858,13.386266,7.7320237,19.401464,2.9315467,15.327223,2.6177557,13.6524935,9.357877,12.850276,7.0113654,12.666489,6.528828,6.028245,3.6927812,2.3725567,2.905309,2.970903,3.6799545,9.433074,3.0663724,3.1840806,3.1102645,7.712041,4.6498675,3.3612914,2.6360111,2.5526307,5.444552,1.0381236,2.296456,-0.33697945,3.628173,0.03302408854166667,0.014288927844561178,0.21464863,0.10653233,Juni
-157.45041,75.15033,98.013885,22.791214,16.752047,20.776695,67.66318,21.189133,15.691829,10.223193,9.025305,14.415119,10.907252,5.420484,5.332262,7.57023,3.594821,9.915722,-3.3798184,16.37292,12.99229,9.726005,8.578298,4.6210012,-3.6156795,8.722868,10.858849,6.4243617,-1.3954756,5.5883617,1.4188255,3.5429602,1.11096,4.3778615,-0.44491923,5.1092725,2.2288315,4.343607,3.7395792,4.3792477,-114.56649,15.743636,132.7818,9.804008,10.142789,8.783489,62.152126,23.874037,1.7081237,13.572805,4.0466447,7.0364604,13.040334,5.1865377,-4.6226544,7.5676813,-16.95222,2.29087,-12.031254,12.634871,28.455757,6.3727345,6.4629574,5.3226824,-12.579604,3.6966708,15.530602,6.2454214,-3.2403412,3.5269377,-2.0353603,4.7945433,3.1345243,4.3695564,-0.5094222,6.154691,-6.1645927,3.8674324,-1.4768772,3.000834,-185.89859,50.072582,91.13618,9.373874,21.128721,4.0120635,69.051414,24.214994,5.2207117,12.006951,20.027815,7.464385,17.724714,4.1884117,0.76103765,14.8109045,3.2566972,12.533524,7.3890324,7.725002,15.13067,7.7541685,-1.3972968,5.103235,-0.5432844,3.924205,9.458952,2.865968,-0.6135252,3.5478725,6.311694,4.2889013,-2.6065416,2.4498131,-5.8558736,5.652406,1.015759,2.0908008,3.2344134,5.4507103,0.03892780172413793,0.01271918381622769,0.20778747,0.092309475,Juni
-187.3731,66.810265,96.630875,17.871256,24.096783,16.353924,61.93974,27.614359,17.689316,9.046422,12.42541,16.225067,14.859082,6.5753937,9.089121,8.538262,-0.09919164,7.394543,-2.167255,10.652461,6.607812,6.7409787,9.596956,2.352418,-0.53884566,5.992097,6.920494,6.635712,-0.60830355,3.78518,2.7638314,3.2550793,0.689279,3.4025934,-2.5311663,5.1985445,3.043157,2.2568715,6.6664963,3.5789666,-112.880844,18.029879,126.615616,15.759478,9.14092,8.427244,73.3443,28.641386,-2.7027912,9.145481,5.0834155,8.254208,12.152987,5.265614,-3.1756938,5.879503,-12.282999,5.152927,-12.753649,9.34533,27.426733,5.9092765,6.3024645,7.0449586,-12.050539,3.2375329,13.533155,3.1794844,1.6569134,6.8233147,0.8805536,5.198238,3.259716,2.472476,-0.7797383,4.8718348,-5.8910317,4.9433317,-3.2700171,3.833412,-196.01361,52.08825,90.139,8.166892,20.429996,5.3172493,67.35026,24.89028,8.392072,14.403021,19.282768,6.971787,15.397088,2.9540014,7.724882,12.206675,7.271633,10.754553,6.4053607,7.230844,10.764404,10.243613,0.8568589,4.683834,1.4579363,3.4744248,4.2558484,4.1185308,-4.2489,3.2184415,4.200442,2.2477832,-1.0765384,3.2503285,-3.9570541,4.462296,-2.8631632,3.9216692,1.8731756,5.032977,0.0385589599609375,0.011518344319335959,0.18533482,0.100736655,Juni
-148.304,53.760235,100.08413,20.827074,20.009953,15.845953,73.5076,20.471092,13.069838,6.8440924,3.4628792,12.617617,7.485025,6.2045155,3.8725753,4.7386336,1.5802201,8.031969,-5.4522986,9.459596,8.367488,11.0422325,11.264187,3.8724084,-3.083468,6.584544,6.3814707,7.253412,-1.0594642,7.0362625,1.4228297,1.1511855,-0.25716513,3.6948187,-3.916697,5.375377,2.1464353,3.208408,8.336537,4.6498094,-103.41233,24.17845,120.19136,20.681868,16.21481,5.7817492,78.9124,25.747105,-2.3737178,11.352445,5.3886757,6.177532,8.92236,11.382029,0.4795433,5.3025045,-6.630979,7.287312,-8.831016,6.3857408,27.131618,6.0091095,0.64166033,7.4985213,-3.4721558,4.4568005,13.27608,5.041617,0.20261411,3.9860904,0.87387246,3.9223344,4.3276305,5.592011,-3.7988536,4.828252,-8.475555,5.178237,-2.262872,4.7204523,-196.47813,50.074352,85.689575,10.585335,18.1413,7.7067523,66.99085,26.85594,11.733527,12.533246,20.130484,8.330968,13.399108,2.8048828,12.350262,13.76981,13.014822,10.498495,11.090743,9.080564,11.284492,8.402318,3.0596719,3.7904494,6.452792,3.7752285,8.664677,3.9619951,2.936272,5.8815928,11.509365,4.1611905,3.9663658,3.0563352,-2.5634115,4.968739,-4.286343,4.343253,2.2042966,4.0068264,0.03501449092741935,0.011676140580076764,0.2210923,0.10505364,Juni
-173.70695,68.405525,92.14382,19.79539,14.18547,21.82313,63.224354,27.477562,13.710742,5.892042,9.125974,12.573247,6.4690614,7.3946123,6.860559,10.256088,8.186213,10.596255,-0.9994313,15.191303,5.6105785,4.888632,8.764221,3.7525485,-1.9409838,7.414008,2.6529102,7.1465735,-3.1251628,6.1405888,3.7543023,3.9464502,-2.2139513,2.9089382,-2.7019768,3.0725892,1.6087738,2.5470726,4.3261023,4.0792146,-97.64741,12.600888,112.592735,18.568316,4.4178424,11.065197,83.29078,28.418335,-8.097161,8.660226,5.791046,12.019233,11.447853,9.642356,-5.518787,5.111839,-13.046117,5.1429353,-11.080577,9.582858,26.705109,4.7681556,1.940293,5.8318005,-11.038877,6.5421934,11.0913,6.4944234,-1.056867,6.0163956,1.0526223,5.280199,2.7938068,3.2197728,-6.273317,5.800588,-7.380094,2.4538045,-1.8414583,3.874043,-231.21625,37.733368,85.00132,8.322779,20.72404,3.246063,55.501324,17.908705,14.367597,9.733767,14.284561,2.668127,10.770885,4.7503824,12.385505,10.836844,16.279545,8.67778,13.470338,5.081172,3.2175033,4.0343704,6.8639584,1.2517903,3.2735682,4.8317947,4.324514,2.8115559,2.6551263,2.8508568,8.571292,2.193416,2.350633,2.9498255,-1.8662887,3.7415295,0.7051155,2.7669756,4.46822,3.0505123,0.04165310329861111,0.017436578756068234,0.16705795,0.109350644,Juni
-156.99728,58.647305,94.27015,19.404463,23.62877,18.259249,64.482666,23.364305,17.989723,7.1257706,8.392738,13.071791,7.246467,5.536876,5.3335786,9.202463,4.392064,7.1081095,-1.1731136,14.759216,9.437619,5.143144,10.883948,4.820031,-5.92453,10.935866,2.2220514,6.6755457,-0.5855666,5.1797433,3.9920106,7.081358,1.0743089,3.4793468,-1.0393671,4.8086505,-0.019406535,4.24103,4.544621,5.471847,-109.24014,11.768517,115.33594,16.3277,17.39806,7.052151,84.94506,30.846504,0.17693156,6.904533,0.052575372,14.222392,17.145567,6.07498,-6.32283,4.4184837,-15.092117,3.8584268,-13.969992,10.8897295,23.116915,4.8369856,9.157515,8.534503,-14.265298,5.4049964,12.570389,2.786798,-2.1881266,4.299028,-2.746105,4.205266,0.81697065,4.3580537,-1.0912569,6.129966,-8.78825,4.423467,-3.0800207,4.2974396,-221.15724,45.05698,83.19405,8.437128,25.913832,6.8675804,54.96671,26.403776,12.326196,11.17823,15.000604,2.5323095,12.784619,4.1037607,7.5725875,12.515533,8.101191,10.530522,8.761853,9.431144,9.513279,5.981146,6.9601426,2.700136,0.082624435,5.7391524,7.7517104,1.4657394,1.9881126,6.0844884,6.0643663,5.4209123,0.99664396,5.324083,-0.9261433,4.811988,0.9703712,3.355814,3.5968027,5.305324,0.037967566287878785,0.010264139058302792,0.20702146,0.11944738,Juni
-214.96211,56.824123,85.758,12.8548975,24.873436,7.9331007,55.400963,23.293795,17.710194,5.9923296,9.020565,9.24722,6.056973,2.9458287,13.8586,5.790668,11.399714,10.181826,3.9125795,9.685306,3.424198,5.6818104,8.640824,3.095438,0.6676658,4.7212777,4.188826,3.2753942,2.13991,5.550077,6.9284015,6.317941,2.010654,3.8092134,-4.611462,3.6696079,0.4430109,2.8586574,3.262163,2.2154145,-107.7968,17.82203,123.24487,15.218,7.1741276,6.777947,70.80015,22.478516,-2.5615606,12.20694,2.50112,6.932672,3.561059,9.252565,-2.7486105,3.5192142,-13.49678,3.5034165,-16.501072,6.9516277,25.990196,4.915688,3.963227,7.600289,-12.990534,4.8790083,10.554321,5.3855457,2.7734983,6.690196,1.1725692,4.6641846,1.6446866,4.645327,-1.3228528,4.220495,-4.988061,3.035756,-0.68342865,3.5251296,-200.99423,68.19101,81.58601,8.419825,22.506714,4.133304,72.15011,31.71854,2.0323,17.240425,15.1417885,3.8738139,12.514014,8.089695,2.7903898,14.595925,4.8176994,11.030983,4.1012316,8.546628,11.611815,10.4797535,3.2454467,4.40408,1.632107,3.6409988,4.0938554,2.0525253,-4.015797,6.1817865,7.859032,4.2489533,0.48887995,4.4339337,-4.2084913,4.7072015,-1.596164,5.344444,1.5023322,3.9719138,0.03748604910714286,0.007387732162207708,0.17662077,0.121109605,Juni
-212.0093,66.18543,86.40934,13.465857,30.782135,14.911646,62.740654,28.072031,12.9415,5.679756,7.423055,13.389259,10.891005,3.6053724,9.334057,4.702256,4.167343,9.444938,-0.11236572,11.939975,4.279952,6.8179855,8.780811,3.2567098,0.09812149,4.916419,3.6176405,4.852814,-3.4852526,3.9210823,2.9346545,4.908878,1.6988609,4.969639,-2.1297827,5.9798565,1.0232915,3.7104757,7.810007,3.464415,-126.01031,11.196595,130.13246,9.833395,6.3801823,12.390396,58.58559,15.888934,-0.27170193,10.306112,-1.8712907,10.531248,5.1556244,4.0171857,0.3624921,3.5119944,-13.17635,8.309496,-17.290077,7.768407,20.716145,5.442294,10.463219,3.1397243,-16.609697,3.129876,15.362037,3.1020834,3.9188242,2.615096,-1.5259545,1.8070827,0.06867326,3.2266035,0.7029226,3.0591242,-2.8330984,2.9302177,-1.9661745,1.582192,-175.45468,56.71728,93.228584,17.536385,26.974693,5.061404,91.563866,24.860058,0.30201864,9.528182,9.99418,8.562899,16.330788,5.6433372,-5.843309,11.828698,-6.3057604,12.785314,-1.3512039,7.268893,17.000511,9.748936,1.6911054,1.8594365,-4.1435895,8.665179,5.0475607,2.9396167,-6.9142275,6.823645,5.8061028,4.9147544,1.305008,2.5809908,-8.388508,5.6934114,-3.8720582,3.0979905,-0.86679476,6.697927,0.038675242456896554,0.01034083453755868,0.18729086,0.101807855,Juni
-119.50166,35.196487,95.59747,22.199099,14.743329,18.735876,80.82082,21.999084,5.5874205,4.498162,4.0701737,11.901932,6.5989714,6.3171573,-0.96702135,5.5887656,-5.042079,5.523861,-27.664362,8.899217,13.990048,5.555547,16.629671,2.8705175,-13.774366,3.6122992,5.4190116,6.232463,-6.910247,1.90086,1.8031334,1.5688044,3.3821187,4.5258403,-1.7299691,4.861621,-12.550134,3.8728187,6.562819,4.1638827,-126.92511,12.856926,133.06697,5.439844,15.942925,7.5985365,58.836514,17.150595,-0.4808411,11.07833,6.3211627,11.221137,7.5878363,6.6734214,-4.190577,8.203127,-17.000998,1.9096788,-27.93168,12.352116,20.486692,5.302803,14.035855,2.068005,-12.138942,5.3339243,16.769426,3.71879,-3.3917468,4.6605215,-2.9876049,3.9209528,8.6640005,3.2069292,-0.3435819,4.807388,-9.323085,4.1840816,3.4698792,1.7638578,-201.89073,77.75148,93.991295,11.940445,34.3446,12.774212,72.18326,28.977337,5.470186,14.885881,10.281328,7.207001,15.072433,5.582596,-3.0873618,12.77324,-5.8662667,12.515244,-3.1024284,13.492303,13.777203,9.447884,8.139083,4.2766247,-1.3772244,6.724371,11.155694,5.4743567,-0.41597304,6.383331,3.1705534,6.0012274,1.8269687,1.6530372,-6.2598324,3.804879,-11.920394,4.7599597,-1.5928789,2.8995147,0.03770380434782609,0.008385834091865213,0.22351742,0.09610837,Juni
-150.07602,75.99379,93.6161,24.126778,17.876701,26.787748,69.79999,19.8662,14.016435,7.111581,2.1798224,14.165647,6.287384,5.2395425,1.8430086,7.891471,-1.1317893,6.5925045,-9.1095,13.7723255,10.928048,5.99618,10.641686,2.860217,-9.43462,5.9262395,6.052954,9.903901,-5.048928,5.8469152,1.1321397,4.137517,-1.5058478,1.6705081,-4.668597,5.14007,-0.58776975,2.3018467,2.8234096,2.4771228,-111.09916,18.739687,121.143555,16.785906,11.2633,11.506665,72.4926,29.12656,-4.593894,14.670142,2.3864057,9.513898,12.002115,5.3472657,-3.577664,7.101094,-18.207485,2.7910233,-15.074803,9.4214945,23.857197,6.0107117,5.121495,6.321844,-11.814419,3.6866946,12.477073,7.0400305,-3.7694118,4.598779,-1.7086211,6.466674,1.6536298,4.032723,-1.5984174,5.910306,-7.508322,4.207101,-3.464895,1.5654376,-185.24866,56.537903,80.89344,10.812466,20.485094,7.549474,67.6062,33.43533,-4.2540145,14.901516,15.673706,7.868952,20.425081,2.822341,5.473286,17.04528,-1.0480344,16.831062,2.2106428,7.97925,7.4057975,12.922295,-0.51421195,4.1824403,-1.0787528,3.649061,8.758879,3.4219804,0.5599805,7.8382163,6.296317,5.462727,-1.7996916,2.4820147,-6.095797,4.215132,-2.6106906,3.962493,1.081977,4.481086,0.03951461226851852,0.015142216560283561,0.20938241,0.10116998,Juni
-164.37675,79.1442,75.36324,14.327851,19.675285,21.163568,66.83498,26.115028,15.840107,6.0616956,9.701378,16.158447,8.312178,4.1566854,8.683145,7.61113,3.448342,7.9785547,-4.497061,11.31955,9.625444,3.1369932,9.502848,5.9438596,-6.886576,8.179631,1.7805896,5.412553,-0.7381267,5.7858286,5.476923,7.7499485,2.7258344,5.9353356,0.31208447,7.71104,2.572701,4.3115745,3.688135,3.158383,-94.79803,11.814984,123.117836,7.3127117,4.8458242,8.016339,72.2847,21.233696,-0.698684,10.292499,4.399814,8.190728,10.119015,5.4855843,-6.8111224,6.233979,-14.051136,4.0251994,-14.2979145,9.432859,24.824188,4.1964755,8.309585,3.5292597,-14.83783,2.510054,15.764901,4.1642137,0.20648037,3.2135494,-2.1423461,5.1796966,5.0464344,2.6758187,2.4921834,6.705692,-6.7640157,5.135274,-0.9951951,1.7183352,-164.46474,56.330986,82.94116,13.336391,21.333366,9.018723,80.77892,31.004358,-5.839728,16.60703,12.165511,10.133203,20.624323,7.698708,0.07637891,15.801321,-1.1475577,10.836674,-1.484623,8.097603,17.361753,7.359308,3.6133957,2.6051214,0.1426721,7.100336,7.5790606,5.828244,-5.7423763,2.8873112,7.4262266,3.0613742,2.3948,3.691617,-1.4222919,4.988496,-2.2704248,3.4154842,-2.2102125,3.2350357,0.048272494612068964,0.012578679871668526,0.2259114,0.1265475,Juni
-124.820114,49.408314,105.65929,27.192175,14.410186,20.655003,64.87183,12.29276,9.970334,2.6045911,0.6300332,9.649811,9.570421,2.8042486,3.3495653,4.0456977,-7.619527,4.7054024,-16.751726,6.087813,9.309598,5.753017,6.168457,3.846973,-10.5116415,5.8351126,6.887176,7.6914234,-2.003095,6.3686852,-1.3312902,1.2152247,-2.4218044,3.84083,-6.2778883,7.8730536,0.23675333,3.3807003,0.7692314,5.001681,-121.38719,14.212215,134.88873,6.937595,8.355471,8.269024,63.258953,19.537445,-2.3653266,6.775296,-3.0988543,8.58945,16.135633,2.0802739,-4.917198,7.9347954,-16.931002,3.9714978,-10.826706,10.504812,20.886196,5.7784204,6.393291,5.7975454,-13.182525,2.7537403,14.31855,2.5484917,3.8566284,3.9254084,-1.178755,2.6811378,1.0483246,1.8924798,1.5725373,6.6998305,-7.426156,3.7367365,-1.0106943,2.368163,-128.96924,53.890873,88.80579,10.71256,18.211214,5.939169,100.5428,14.972068,-18.95013,12.606409,8.028547,4.411796,23.14416,2.8527482,-10.426912,3.4915574,-13.83049,4.9539866,-10.931098,7.613196,20.41885,12.152821,-3.1528196,6.710271,-2.3363547,3.5212004,6.490616,1.648421,-4.889385,1.3814522,3.4051406,3.3969595,-2.970601,2.362215,-8.003403,3.869836,-6.226403,2.7912004,-4.8062577,2.7124124,0.04600941051136364,0.011497425237963729,0.23897418,0.06733806,Juni
-106.63302,29.094967,105.923515,27.582024,9.5438385,21.769255,65.0994,23.4147,1.7248756,9.190117,1.2775866,7.5850306,10.131852,3.872158,-4.06124,5.2946477,-13.42748,6.169632,-19.042788,5.612469,10.163766,5.3513203,6.786175,4.35683,-16.583183,4.612931,7.4086924,3.0057814,3.3417675,4.710421,-3.4837086,2.4849038,-2.4553096,4.042775,-2.238599,8.058664,-2.0883176,2.4507859,-1.5122452,6.9848757,-124.457924,13.215707,135.11295,6.3370566,12.779748,9.992654,60.72461,20.235264,0.2539262,14.171849,1.4771105,8.2792845,11.933451,4.878674,-7.5323386,6.113797,-22.53953,1.6398686,-17.024368,10.048148,23.681284,5.6980734,9.206372,5.0279074,-17.832998,4.233721,13.705847,1.1974695,1.8590405,5.928206,-5.1639132,4.7894177,2.154633,4.0519056,-1.6500254,4.534374,-4.7826276,4.276041,-2.4013362,4.7053595,-177.76575,71.623405,91.29484,8.847162,30.145412,8.681683,85.90688,30.732952,-3.4257872,16.933374,4.929357,8.614646,18.31416,7.4527717,-1.7943845,13.581849,-9.561227,13.168943,-8.532874,10.465498,15.483754,12.559952,4.1758304,2.449197,-8.806782,5.177754,5.7267666,2.4098542,-2.8900292,3.1898453,2.839476,3.268009,-0.85963356,2.841736,-6.1231904,3.6714745,-5.6297073,3.1143243,-6.75609,3.3313987,0.039380944293478264,0.006641512675401853,0.26164925,0.09354174,Juni
-149.72551,71.62933,96.54415,28.210915,18.502033,29.759106,67.37657,16.927397,10.675376,8.744124,1.4358062,11.061525,-0.89501745,6.757389,-6.1641273,3.1085439,-6.6225576,3.568481,-12.392211,8.880423,7.855077,6.2106347,3.798315,2.8387837,-10.821617,4.5102515,-1.2931777,9.658016,-7.770633,5.8429017,-4.73936,2.8405244,-6.819731,3.0737662,-6.2892766,2.9695687,-4.920281,3.2271452,-0.25358623,4.1798368,-103.061584,15.96058,127.533325,2.8851957,-6.9311247,5.8820033,59.379303,9.675813,-5.909404,8.478148,0.99005824,10.722746,4.1892304,4.8804502,-10.846048,4.495467,-17.642902,4.3732057,-15.107158,13.07257,22.202005,11.927733,3.3638217,4.9656596,-18.207811,4.5505223,12.292771,3.2257514,0.19616996,2.1462202,-2.836374,3.596833,1.0052202,1.5022953,-3.927613,4.7008185,-11.3238735,2.684612,-5.456893,4.764399,-137.58975,40.047844,97.405846,10.423732,27.453388,9.425505,106.94286,9.510266,-12.905334,8.358659,8.384135,6.5543065,16.839972,4.8882823,-20.179243,5.978566,-16.725365,5.5340357,-7.504725,6.78429,24.920166,7.7920017,2.2720573,4.5248775,-8.249288,4.598889,6.5138726,2.5150216,-6.6797323,3.5780475,4.562255,2.7759364,-4.6559577,1.9195436,-11.675225,2.3978496,-5.7338448,2.6208005,-6.3950534,2.2846131,0.04206194196428571,0.011995739939704113,0.25291288,0.07736603,Juni
-148.18478,62.63649,90.92765,23.736485,18.274904,31.017591,81.57079,9.953231,9.558824,4.0999975,-5.9788055,8.568205,3.6911535,8.818263,-3.6928446,6.038557,-5.4855247,2.0549855,-15.81089,8.267448,7.0816226,6.334694,8.880048,2.7357316,-14.658173,3.9912608,2.6133897,9.292518,-6.030127,6.918608,-5.682119,1.8150774,-3.153431,2.5504353,-4.9344983,4.145563,-6.506132,1.1824541,-1.0358227,1.4613549,-116.89868,10.684456,123.79175,2.9817686,-5.276001,6.151179,61.167347,14.954238,-2.2860072,7.041456,2.2384636,12.705374,2.0922098,5.8172956,-14.994381,1.4999439,-17.494263,2.9032514,-14.88704,6.69629,29.592455,7.6795278,1.1778091,3.5137646,-21.024824,5.471202,13.617359,3.1019855,-3.0809069,4.978542,-2.511577,4.6489367,2.6257632,3.3433673,-1.5081152,3.2777548,-10.5515585,2.6855443,-6.9846535,2.1240325,-145.75087,70.83007,94.76663,10.91518,21.766361,15.560893,99.446014,15.158351,-11.986163,15.290628,6.55381,8.299907,13.946681,2.0698526,-12.931919,5.1963267,-16.952896,6.401535,-10.982397,5.075159,25.830643,12.310898,0.36621404,5.686454,-7.189112,4.5105157,3.3742125,2.6574736,-6.8093147,3.8102317,2.9293857,2.4176795,-3.1087897,2.5634575,-9.71962,3.3469422,-7.6974487,3.1865368,-3.2978544,3.373093,0.039599609375,0.01209903398551175,0.25233915,0.07597774,Juni
-178.56459,56.14671,95.7924,26.466326,25.015558,30.896797,77.358345,15.113097,11.803691,4.318293,-0.8321578,8.418966,-0.7439015,4.4530835,-1.4406735,3.8639944,-7.029906,3.2226644,-21.078974,10.033521,11.654437,2.1657903,11.130771,2.4930706,-15.598282,4.9976034,2.808836,8.046638,-10.043016,6.3237257,-3.2147949,1.6298972,-6.6993523,5.1669507,-8.975293,4.086824,-6.9220433,2.4457722,2.8942907,6.6013002,-162.29485,12.9301195,133.14139,4.6244764,10.903068,9.02082,43.60963,10.501559,-6.5208507,7.341778,5.5442963,7.8154616,3.2461002,1.3144641,-11.665151,12.43954,-19.366682,4.584435,-20.624289,9.794199,16.310064,4.9397917,8.078647,1.3812248,-14.339661,2.9214742,8.503301,2.337903,0.8696037,4.07585,-2.7633638,6.57129,3.5804703,3.1513844,-1.1738957,3.069747,-7.091308,2.3323824,-3.5374012,3.454176,-161.22487,42.380978,102.447266,17.656792,27.38263,10.145458,103.67932,11.850555,-7.272752,13.08119,2.927339,6.413169,16.2136,5.18127,-13.183554,5.4106183,-18.544912,3.626432,-12.444784,5.9372053,22.11122,5.489156,7.297328,4.3748603,-11.814037,5.0431323,5.7507434,3.858904,-3.8312092,2.1238744,-2.6686635,4.7693434,-3.223756,2.4570746,-9.017279,2.7261488,-8.514437,4.012297,-4.251061,2.4241848,0.0379150390625,0.00964188573374651,0.20061985,0.053589188,Juni
-160.97984,48.512554,110.6462,21.38086,20.720768,22.750317,65.12931,12.836563,10.911898,4.464597,-1.6820174,7.9440236,6.640687,6.2312765,0.70100003,1.0777432,-4.53867,2.4782867,-10.370236,6.441016,8.875006,4.9915404,10.833761,3.3475237,-15.452154,7.3456755,-0.30966812,10.599144,-2.8729858,8.583572,-0.08800509,1.99738,-3.5206263,4.118848,-7.090041,4.3146763,-6.7287674,2.8149846,-1.9235979,4.4428973,-112.859436,21.044044,134.76218,8.00509,-4.26354,13.127112,56.25308,19.56791,-6.547501,6.916196,2.470373,11.044084,7.111295,3.6608067,-6.075845,5.8231087,-14.39792,2.854523,-16.592176,8.319257,22.950657,6.849691,8.329115,6.6663,-17.046638,5.1346793,11.576433,2.0900383,-1.4621146,4.982052,1.6150042,3.1444156,2.6264942,3.9817886,-3.2623966,7.0608535,-10.365907,2.330662,-6.1894255,3.1046207,-146.98302,71.73387,99.37964,5.955023,16.557716,14.282668,92.205536,29.705835,-10.346801,17.651846,8.951581,6.5029383,15.7877245,2.024998,-6.3424044,9.813904,-7.5834723,9.506811,-4.511546,7.46965,17.802423,12.951832,1.3897367,2.1820803,-11.389299,3.2271855,4.0364094,5.1643224,-4.4487348,2.087032,2.4148123,2.382649,-2.6347785,3.2951722,-6.797775,3.675713,-8.890488,2.969433,-4.688682,3.8052762,0.03999660326086957,0.011552970934317031,0.21417375,0.076737806,Juni
-138.51889,50.12539,101.36581,22.415852,16.350628,25.419643,71.31494,15.6542635,12.307968,5.907053,3.2168791,10.681059,6.3193045,4.178175,0.24239166,5.3619537,-4.9779844,4.3733945,-13.025299,8.808185,14.123925,6.0490093,6.6940565,3.0940082,-15.359183,7.2133784,4.995129,3.52901,-1.0190307,4.4517193,0.93236786,2.8546855,-3.15795,3.1273553,-2.67936,3.8505154,-5.292679,2.959336,1.49307,3.0770636,-121.83742,9.75824,130.20949,5.9907093,2.8239882,5.9036894,69.487526,20.108538,-1.1221756,10.165555,2.70969,8.145373,9.083308,4.404057,-7.631517,5.550599,-12.797238,4.004315,-13.846641,9.628211,21.865137,5.972145,10.024073,3.3962224,-18.607481,5.9720764,10.92729,3.751635,-1.0752915,6.618663,-1.4923471,4.4672527,1.2400082,4.062354,-3.1019359,6.4135303,-12.045472,3.0385203,-3.6563058,3.041163,-150.32759,56.76301,96.46391,8.90023,16.664764,9.035558,98.18528,21.790289,-8.242309,15.549866,12.254672,4.5497212,12.509591,2.8818543,-8.801324,9.880781,-6.875788,10.072556,-5.8081136,8.004252,20.551718,12.81342,3.6896508,2.3095262,-4.5805407,4.237518,6.7181253,1.8701475,-3.6350334,3.5577028,2.4526248,1.6261113,-6.3548293,3.1550243,-5.598426,3.5071285,-7.832596,3.8625512,-3.7419183,1.8862162,0.03957403273809524,0.010067276792549632,0.21912362,0.06722416,Juni
-192.07745,63.60903,90.8486,17.676456,30.787199,12.395742,55.66423,24.072271,14.731092,4.8026123,4.065353,9.235957,8.85751,5.067225,7.8882675,8.144142,3.0324373,6.527367,-0.6734214,11.381802,4.2517257,4.714944,5.140718,2.9845235,-3.2377424,5.5596385,0.48116553,4.5357094,-3.7624836,6.9632316,2.8968773,6.259613,0.6132755,5.5012336,-3.1433325,4.44925,-2.4004629,3.1370218,3.1186984,2.251778,-96.565735,10.538887,125.09407,9.604911,-3.9681292,8.024242,63.38495,14.473345,-1.0253518,9.488438,4.533992,9.24146,0.85406303,5.3391366,-14.444448,4.5860014,-11.751709,5.964178,-14.26581,8.322017,25.2722,7.5880113,7.7006717,6.3827696,-19.513456,3.8061078,11.8154125,3.1688812,2.3652928,4.084082,-0.5881089,3.9916763,0.29882038,3.4468968,-1.1146706,1.5299639,-8.005799,3.144983,-3.370961,2.6205456,-134.4267,58.48861,100.40929,8.256505,19.251747,11.802775,98.25341,19.227741,-9.889067,14.017973,7.805591,3.9073093,14.182799,3.7518902,-6.433095,7.2926555,-13.736123,4.4386964,-11.003721,9.270171,23.409462,10.578953,1.3079562,2.9731839,-8.458972,3.1339962,8.482207,3.0418704,-5.5836987,2.806865,1.0327487,3.3973029,-2.2904935,5.3232903,-7.281324,3.6529949,-7.7417254,2.14697,-5.176085,3.0868866,0.0385546875,0.00624920649259643,0.24193527,0.11719422,Juni
-126.99053,59.74912,93.5026,22.66938,20.457893,24.468332,70.8125,12.514135,7.90605,4.959448,0.34551486,8.952267,6.524615,5.513264,-0.6637458,2.6244864,-1.474412,1.184129,-24.035395,9.332321,8.823106,6.321139,12.310208,3.3287714,-9.733651,5.9049335,3.3965712,3.6887152,-7.7110767,4.0813117,1.1302738,2.4672542,-2.4587278,5.2791553,-4.919702,2.357617,-10.080712,2.7738426,9.578944,6.791229,-95.772545,15.475492,125.06553,4.04473,1.2310024,6.3225446,39.28444,8.822777,-7.5730033,4.982314,12.317834,4.318511,10.169184,4.9662848,-9.1758375,6.719404,-16.415539,1.2430116,-35.35263,7.2275696,19.850903,6.1953444,18.403383,4.1189594,-12.215388,4.062633,13.432437,1.8135759,-5.4430118,3.2307708,-0.28186366,3.2930827,-1.3328327,3.9780412,6.398249,6.232894,-16.723532,2.877284,1.2925733,1.3332299,-127.9164,40.227913,113.91017,13.722685,22.671726,15.09389,92.42834,13.233937,-7.1730537,12.587845,3.0098991,7.286212,9.520005,4.984303,-12.327613,6.9448543,-18.412735,3.273879,-13.948141,5.965993,17.150723,8.340572,5.9507327,3.7580726,-6.8863497,4.5650873,9.955634,2.9417803,-4.8331304,3.0116055,-6.173626,3.6336591,0.44730547,4.6036806,-4.4617085,1.493971,-14.060018,1.8095524,-0.54316187,2.5767,0.04448499177631579,0.012128028413649367,0.2556835,0.06385449,Juni
-147.99991,59.91822,106.78626,27.062353,19.60788,29.555965,71.133064,15.826747,12.411352,4.422327,-2.2086987,6.0980296,1.6139437,2.7855968,1.7375394,5.5294046,-2.4776366,3.5219083,-14.851901,9.834406,7.8834968,5.990069,12.120246,2.266448,-10.802858,7.085672,5.0696607,8.825434,-0.32381424,6.11072,-0.25342658,2.03135,-3.2629313,2.3822112,-4.838759,2.0465071,-2.2848392,2.4664,2.8901489,2.3755832,-112.09762,13.053136,130.79262,6.245569,1.459032,3.6917377,69.150505,18.67389,0.08248712,7.9554157,1.0869583,9.75862,1.736186,3.1022928,-8.508937,4.770302,-16.593884,4.572647,-16.496828,7.947194,29.542812,6.340859,6.3915687,5.130099,-18.749796,5.9681616,12.1540985,3.7218773,1.9651258,4.843257,-0.9918469,4.0378785,3.1194456,1.8502765,-4.5246887,3.5111854,-8.04833,3.6589575,-2.5597894,2.2908733,-144.85194,68.86936,94.96529,4.301046,21.630566,16.400562,100.28376,13.703893,-8.08015,13.184164,9.1764,7.6936636,16.639227,3.6552815,-12.986023,7.4669156,-15.3090725,7.6613307,-9.165582,8.687772,26.508352,11.831876,-1.5216621,3.3238628,-3.9286292,5.4507504,7.7152133,5.192964,-6.1932783,1.6717328,-0.62880474,3.859023,-5.1107507,2.2959168,-9.337882,3.5602705,-7.1649165,2.935638,-3.3072708,1.9359499,0.03606305803571429,0.008888335621628012,0.25445515,0.07950322,Juni
-129.49718,63.495113,90.865746,26.978233,28.360613,27.044106,71.45603,12.901557,10.569612,6.455765,-4.561504,10.94105,2.3725588,6.9154873,-3.4716263,3.5839138,-5.581614,3.0641017,-23.404764,9.508779,11.117525,5.8891687,14.617098,3.0761375,-11.709218,7.2320333,-0.51224315,6.196063,-6.4980493,2.7524755,-3.1043022,3.6343896,-2.2617137,4.5053897,-4.3703485,4.5820427,-8.0301695,1.4711746,2.6266973,3.2132568,-105.69514,14.233851,126.96022,5.257482,3.593967,8.538117,49.907013,16.82145,-5.3286467,9.925226,2.6246917,10.389368,8.599765,4.491129,-12.476861,10.37335,-21.407946,2.662697,-26.603195,12.552984,21.355892,5.425809,15.519709,5.249788,-17.08476,2.3150349,13.785476,4.6916013,-3.9765134,2.1413825,-4.66619,5.3367534,1.3530837,1.3970687,2.9356658,5.1202917,-14.391388,3.909566,3.2348268,1.7324966,-171.94795,59.93629,104.83991,8.880415,34.99064,14.196998,81.13359,23.59577,3.093704,13.096874,7.2399907,13.231493,12.937098,8.086747,-7.5267625,12.508585,-10.475363,14.16493,-9.383224,13.019885,16.140898,8.416116,8.382342,2.9739485,-4.774287,7.982063,7.249171,3.9404192,-7.5789247,4.0842576,-1.2812681,2.064035,3.5213597,1.3229254,-11.622769,5.2281885,-10.551592,5.2737308,0.51955396,3.0111933,0.036435081845238096,0.011102336004814896,0.25081915,0.074578896,Juni
-117.98568,40.449432,95.91129,27.005665,21.763575,15.539159,61.698624,19.195896,3.9902954,8.870272,1.0582355,10.030676,7.543202,8.303524,1.6009965,4.755113,-8.045425,7.4690647,-28.303171,11.009309,13.309694,3.6446908,17.092216,4.1075053,-11.436977,4.9048076,8.608285,6.3640447,-2.7557995,2.7921667,-1.7348099,1.9259937,-0.04086542,2.025973,-3.2000725,7.2735677,-7.60328,2.3106904,2.367189,3.072792,-119.934845,17.12759,117.27595,12.670966,16.676517,10.275005,75.67536,24.481432,-2.9826999,11.518349,-0.876805,11.157736,9.184038,5.960542,-12.222311,5.879381,-24.101032,3.659045,-19.108213,8.805508,22.110815,4.260672,9.851019,7.729127,-13.359918,5.067151,11.009894,3.4553804,-4.6382465,3.2092507,-3.378637,5.077938,2.848826,3.4119337,-7.030092,8.225614,-11.585029,2.8951328,1.69704,3.344132,-264.80734,30.09605,71.71561,13.670654,27.767715,7.951888,44.05889,12.641497,23.749674,10.397316,22.330605,8.136114,11.401281,6.527346,9.608047,8.25884,3.5089142,6.424888,4.8072724,4.7734184,9.726805,5.746216,10.730477,3.171847,0.40912402,2.1955686,6.8585477,7.29718,2.683235,3.2678313,6.2176003,4.1593175,0.8867133,2.4336805,-2.5135143,3.9625661,-0.49393237,4.4627647,3.163946,4.765422,0.04067201967592592,0.007895490661645597,0.19766869,0.11625366,Juni
-116.73082,40.04315,97.72095,21.626022,20.10151,22.788696,70.72905,20.91573,6.774707,6.2822423,0.21976423,12.283738,1.7933912,5.5596848,-2.994079,3.2277322,-6.0405726,6.6438937,-29.925972,7.7842016,10.62353,7.7092586,19.185955,4.0455146,-16.647926,5.8254943,8.908439,7.071285,-3.5394347,2.776929,-4.1574583,1.3457177,0.18280381,2.679488,-5.9692545,8.592619,-8.950074,3.1909828,3.6765666,2.2300017,-103.76121,17.132282,117.36604,14.120428,8.987165,11.554332,73.194855,29.767246,-0.851151,12.260436,0.022306442,10.125874,8.589044,7.719834,-7.996763,5.617383,-18.610756,3.473195,-25.631838,8.697935,24.728638,6.1276836,16.924297,5.379474,-15.7200775,3.8533096,11.989424,5.169666,-1.0754985,4.8356314,-5.8483896,4.98835,-1.5771682,2.7855115,0.0143966675,8.163774,-12.01017,3.9361258,0.20481077,1.5850686,-235.97365,54.902493,75.737595,18.193237,28.820786,16.343498,50.831062,29.11577,14.048022,14.450868,22.509903,6.465973,14.631596,4.304327,7.780038,14.532241,5.8488474,13.439249,2.342589,9.400063,1.5915928,12.024996,5.209971,4.905244,4.0867696,4.329064,8.821775,3.7494957,-1.5868434,3.5845118,2.9549346,5.7851224,2.7546132,2.0513847,-2.1142356,6.6075797,-4.888234,6.0938883,1.0381145,2.5594943,0.034627278645833336,0.008008304570490761,0.22973303,0.11229773,Juni
-146.01968,64.412575,94.491425,25.6675,30.862396,27.583542,74.83293,13.907049,12.765172,7.254206,-7.8517365,15.437227,0.5563206,3.867696,0.7673683,4.3619733,-1.544632,3.9994073,-21.671541,10.218317,9.8253355,6.924987,14.339738,4.3916335,-11.193469,4.62077,0.8609777,5.308585,-6.1181226,2.886835,-2.33732,5.0446453,-0.37963343,5.2739773,-8.635335,2.3922067,-7.939041,2.0833893,3.9135425,3.5988166,-114.55078,11.524625,123.551735,3.1366777,-0.71406525,10.6467085,49.401215,9.433528,-3.0605915,7.6585765,4.7885613,7.950442,10.879654,5.907807,-11.711873,7.511916,-20.438396,3.4172475,-30.369371,8.167947,22.34759,4.561446,20.709427,4.7389555,-17.835152,1.6418469,15.410103,2.4725122,-0.4125702,2.3824866,-7.9903264,3.5030024,2.816517,3.842912,3.5433617,2.2927608,-12.387166,1.4541191,-0.76105756,2.120356,-152.41718,63.475388,103.52881,16.689457,29.910772,19.73116,88.43843,18.780384,3.6881428,14.066498,4.4953923,15.2540045,13.139558,7.626669,-7.6015844,8.665579,-11.592545,11.307279,-9.367167,14.654919,19.264696,10.257626,5.0794196,6.055018,-10.44779,4.2312894,6.4333143,4.4592295,-5.7339134,4.252401,-2.8465343,6.3852673,3.2917428,2.8554344,-7.2857456,5.208802,-13.282854,5.1380997,-3.5024066,5.1992183,0.0383544921875,0.012278574528357324,0.2491918,0.06732004,Juni
-55.10609,62.076077,138.9921,12.163437,-45.77283,23.480276,41.073357,10.608581,-11.235501,11.754626,16.042368,5.297252,1.3889862,6.398612,-20.557203,3.7433403,10.649261,16.129261,0.7824951,5.3765216,8.277551,6.863589,4.291106,4.1648946,-3.9133306,4.0375166,-3.3007314,2.7797627,0.43429685,2.6974423,-15.20658,4.654415,7.500489,5.425232,-12.413022,3.8682053,1.7301543,5.0582185,0.43394104,2.7924194,-34.389965,15.447676,137.51747,13.814111,-52.90143,9.223783,46.43978,8.377128,-1.3125569,9.237932,-4.6427054,9.77846,-17.15924,10.422282,-9.359024,4.642086,12.311362,9.555767,2.0401816,5.2547994,11.967148,2.5326295,3.2350202,8.153324,0.07388133,3.79532,8.96369,8.854097,-6.65167,2.4976728,-24.717726,3.2420447,11.945948,6.042862,-7.5082626,4.133742,-6.453548,9.261484,-3.5155752,2.1509602,-160.56808,98.64096,120.6733,16.48655,-22.073086,20.629135,43.275223,17.113968,2.9337876,12.285329,7.6306734,9.777,-5.4300294,21.239092,3.9318528,13.017695,3.4475994,2.213102,4.983203,4.5412416,4.3441534,1.4355158,7.433452,3.584893,7.720358,3.9759445,9.998299,7.314866,-4.0693254,3.8703275,-7.1544266,10.446922,1.9599428,8.111548,-0.0052046776,5.9122505,-3.6046884,7.518222,0.228297,3.9000864,0.052068536931818184,0.01564617141339503,0.23056993,0.11466781,Maret
-104.20442,80.10492,133.29112,11.128917,-24.994057,19.95266,41.870327,4.9548216,-6.5532613,14.221071,18.299639,5.121354,0.9759943,7.238486,1.1558738,9.049692,4.3281894,8.591171,3.6435404,3.7259738,13.98609,10.502452,2.7929792,5.090642,-0.76950127,2.7247176,-1.9227809,2.0908756,-0.26435658,6.106993,-8.114503,2.3678293,-4.1876106,3.7090216,-5.1978602,5.4245872,-2.1405199,8.104559,2.2144787,4.0438375,-82.84268,76.01236,143.20778,13.280182,-27.470673,16.946802,48.692135,7.3985996,-5.999312,15.205603,3.900878,11.00208,-16.04648,16.602846,4.3955493,6.5827384,-0.8442686,8.018927,4.7141414,5.9649425,16.987217,5.9612684,0.6514094,4.164788,9.556008,5.730649,11.300485,7.8604507,-12.675418,7.2040095,-3.8035476,4.4173336,-5.973843,3.5322702,-7.383662,5.065229,0.893522,4.276826,-4.673038,3.0201757,-220.63661,4.700671,109.95488,1.8926675,-3.9296098,2.5389657,34.28047,3.2435594,16.700317,2.3553638,22.789442,3.823203,16.658628,2.7617073,20.032473,2.4481847,7.3666687,3.5074673,11.534362,3.037223,4.583273,2.3215516,9.215206,3.2830033,2.9987404,2.1039646,1.5368673,2.651275,-3.1060615,3.0828986,-2.0773091,1.6419715,-1.662204,2.3416471,0.6972301,2.2248392,0.36037028,2.555935,0.47376537,4.6661973,0.04582445549242424,0.009763494982640359,0.16776738,0.11784083,Maret
-151.2462,80.675674,131.70775,18.357685,-12.30795,17.040676,37.06943,4.0505147,7.778356,14.270305,21.766745,3.0068026,8.654864,7.264207,6.5796456,13.745087,7.6770186,7.008839,6.827215,5.204454,6.5907836,9.544237,4.960657,5.889872,-2.9766662,3.2383435,0.5821655,3.4188027,-1.360404,3.7157009,-5.3098655,6.603613,-2.061548,2.9660757,-2.7047722,8.098644,1.566297,4.8999443,0.51093584,2.1779556,-41.66986,46.04016,146.00874,9.673916,-39.10776,15.05072,49.18573,6.5307713,-5.7509117,8.860993,5.8478446,9.077089,-18.406105,10.325763,-0.23146224,5.3991256,6.929816,8.597672,4.0943513,4.262591,12.883427,3.3216128,6.6070848,2.427692,1.6420034,6.947223,11.131313,9.819564,-8.696357,4.8642654,-13.4977455,5.0911913,1.8890854,4.1175003,-10.675185,3.8365338,2.9856536,4.8581724,-6.797327,2.3715916,-214.99333,10.664351,115.14304,5.89311,-1.4095927,2.7955341,38.199154,2.9560883,18.348585,2.2552304,20.828913,3.0264347,13.267359,3.5988948,17.586893,2.9530425,4.6422844,2.6270733,7.4095635,2.0868273,2.4893527,2.4893289,5.7313795,2.926144,-0.98930824,2.59032,-1.9242793,3.2170243,-4.6261096,3.0960937,-1.9027627,3.1712337,-4.2834272,2.2184942,4.2125015,3.2547767,0.8781239,2.145661,1.5116833,3.403589,0.03925524259868421,0.012978567774015431,0.15884703,0.11863835,Maret
-139.20204,86.6561,131.82289,9.465736,-12.302587,22.454885,42.968334,5.7398086,8.2417,16.23737,23.93596,4.799743,8.9606085,10.47508,2.6340225,16.529001,9.234122,7.2969093,7.4626575,3.1766415,6.564653,10.132797,3.9428604,3.1479523,-4.770909,2.935945,-7.4049363,2.8022645,-3.074269,5.813433,-6.4323,4.5905275,-6.188442,2.518149,-5.1391654,8.220106,-1.2924107,5.360529,2.9122055,3.0971375,-50.807068,47.05208,142.32031,12.573714,-33.03338,15.178067,48.54012,6.4640293,-4.0077558,10.124026,17.45984,9.278766,-17.305613,11.800459,-6.340954,4.898549,14.224055,7.096514,8.519046,2.9796736,9.480426,5.262057,7.9601746,5.825059,-0.41505146,6.373413,1.8272814,6.435533,-0.9588683,3.8168554,-15.737311,4.7468834,-3.6753805,3.47238,-11.521291,3.1196144,-4.3468738,5.021344,2.9391057,3.3718112,-207.20317,4.594908,122.704346,1.8225497,7.8542557,1.8809962,43.655823,3.0249224,19.897755,1.9661949,24.375574,2.0899153,14.658997,1.7679247,20.842546,3.3666341,11.40874,1.6013775,8.782956,2.9632082,-1.5695486,2.1511226,1.4235202,3.6755848,-2.5342698,2.3546588,-4.9855237,2.3583717,-8.132543,2.202378,-4.467675,2.0413365,-7.729791,2.5330071,-0.68563104,2.9497385,-4.0007186,2.7055967,-0.9183642,1.6442561,0.03993055555555555,0.01833570721859565,0.17212471,0.10524161,Maret
-59.387486,54.251087,141.18246,14.248451,-28.306032,25.526445,30.318787,11.871834,-5.7691774,11.638825,25.568804,4.5734897,-9.559026,6.496069,-6.7615075,6.7075253,13.077147,9.65066,4.7606463,3.4673476,13.293347,2.4457622,2.656402,2.5342028,-1.1505516,4.864247,-6.254322,1.5424807,1.3223424,0.8630434,-14.036931,7.7646394,1.4592265,4.3736815,-9.746684,6.2695794,3.5898514,6.7136593,4.502192,2.2541513,-55.265625,64.20999,134.2926,8.197442,-32.091133,18.409878,47.59749,13.68408,-6.3761907,10.584578,7.9888525,6.9533806,-26.65517,11.9637985,-2.7138023,6.697857,9.278171,6.325574,2.7597144,5.494792,7.901,4.4758425,10.030557,6.1002655,5.001186,6.2362556,8.580449,8.544242,-2.6322641,1.9573519,-14.452059,8.171136,2.5824275,4.3924184,-4.836385,4.342166,-3.7761526,8.038643,0.018608093,2.288607,-221.35616,12.495823,103.53182,5.901769,-12.5358925,5.886133,26.603237,4.8188224,10.052309,2.4750574,18.25195,6.106629,9.309345,2.8353443,19.3256,2.1737201,9.289971,3.193447,11.367729,3.723144,6.6296673,2.841021,6.664161,2.0584536,1.3292013,1.865353,0.54408085,1.163913,-2.4480748,4.575591,1.1546863,2.2019234,-4.384972,3.1238022,4.6438885,2.667957,4.3655615,2.8050268,1.2944857,1.3390105,0.05626085069444445,0.01807512054702798,0.19476372,0.12834843,Maret
-161.2769,68.151344,122.85908,19.613287,-8.905731,9.65316,34.537247,10.747718,4.401487,10.257077,18.272102,4.994234,6.8122096,5.9441,4.6056385,18.297758,8.84583,5.6503286,8.957354,4.6555233,6.9354873,7.7476397,9.37753,4.1085787,0.687114,4.225347,0.19346698,4.0779724,-0.196885,3.880244,-2.8366842,3.6157722,-2.5346324,2.5676491,2.0114987,5.260252,0.57081646,6.1498876,3.9992752,2.6992307,-23.473316,12.781801,126.593834,9.809317,-43.958973,6.3170633,45.26497,5.213891,-13.877599,6.5794883,20.486916,8.204818,-8.821408,8.451605,-13.856697,5.6177306,22.669382,8.567167,2.691953,2.4844472,17.900475,4.59835,3.2327266,3.9558465,-7.469202,4.9472537,-2.054086,5.2100377,-0.41196865,4.58748,-12.98856,3.902353,-1.5255383,4.437413,-7.886466,2.8309548,2.732845,5.340377,2.9752998,3.7940824,-124.943924,88.566925,124.15342,15.208174,-20.656422,18.704603,43.64211,9.281129,2.4064116,13.704715,12.319824,6.3465204,-8.370084,24.62677,3.9912636,13.582506,9.969597,3.7301123,6.646356,5.8249764,5.776662,4.8460636,7.2642603,4.3789644,2.3121645,5.9715137,5.6155047,5.132577,-2.500697,3.4502242,-4.4274836,8.1679125,-2.814907,2.7271178,-2.2383273,4.4998565,-3.2748203,4.6725464,-0.8255704,2.1872869,0.04783412388392857,0.013971574984019295,0.21169664,0.1302772,Maret
-67.36354,63.16483,131.56639,10.694299,-32.053577,23.951828,43.68636,5.787844,-7.362798,13.567961,26.265188,4.189989,2.0594783,6.30196,-8.818719,4.9779487,17.370296,11.032326,7.4499664,1.9478183,10.887691,8.001408,7.8643837,5.8928404,-4.9744444,2.8147566,-1.9869163,1.5153788,5.4645257,4.897555,-6.950395,5.784398,3.994413,4.0483146,-4.2982416,4.159384,2.5984597,6.0310726,5.4973903,4.4704638,-65.18786,78.47236,138.49614,12.218686,-32.434402,22.311779,45.036205,9.424173,-5.700137,12.259548,8.770839,6.6493983,-20.979729,17.9494,-2.3317535,9.213666,5.279757,6.112575,3.3992157,6.26433,10.770569,3.6632788,7.459317,4.4421997,3.2220426,4.3450494,10.640632,6.1866903,-6.8602166,3.4903462,-12.978459,6.198258,-0.6571015,6.041846,-5.285325,4.7385073,-0.79576766,6.984888,-2.8070114,3.2817247,-216.27565,6.859917,105.18223,3.4395237,-7.8402524,3.076701,28.529152,2.5408244,9.13702,3.197645,17.599642,2.7979891,12.624951,2.9295943,21.240112,3.5748286,10.839323,2.4178283,10.687847,4.369138,5.9985747,3.2733393,8.86084,1.6034348,3.0519288,3.3577354,3.2407598,3.2884333,0.09452034,1.8190978,3.583663,3.1955845,-1.9801828,2.377644,6.6426587,2.3264832,6.623306,3.578681,4.408063,3.2069204,0.04613470262096774,0.012720652976901855,0.18434681,0.12682281,Maret
-199.22758,33.883553,116.86494,17.435547,-7.655793,4.4908276,32.715652,6.6263704,7.5821753,5.8946705,18.882778,2.990154,10.313114,5.26464,14.579212,10.203859,11.705235,5.57948,7.3070483,5.2678733,3.9228418,3.5746062,7.483187,2.4820085,2.3770819,1.8199751,0.79960465,2.589383,-2.6465173,2.600031,2.8111138,3.9742026,-1.1946428,3.5241852,4.9004593,3.4088266,4.215214,4.7260346,1.5816528,2.9070523,-36.385235,10.995023,128.43053,10.805955,-44.412186,8.191668,36.187943,6.775206,-19.003304,2.4130034,27.55065,3.3023474,-9.058704,3.753321,-9.047871,3.2893908,24.64259,5.326437,4.065352,2.148543,15.240841,2.5707936,6.689821,3.3645706,-7.005842,3.1491907,-2.146021,1.4513384,2.0143843,2.9476228,-11.160519,3.4883628,4.9123917,3.2411165,-5.855762,2.7758338,5.972359,3.1827543,4.4999743,2.808865,-108.36736,90.20929,133.17969,20.39785,-24.276924,19.564941,39.347458,10.466062,-1.9235557,13.501791,13.112441,7.034806,-12.808182,20.14708,2.0075192,12.000984,7.72384,3.8325388,7.074182,6.935154,5.174238,2.079714,11.939435,2.7816036,4.489033,3.888518,5.431266,4.450121,-1.7021651,2.9232402,-5.4091682,9.445605,0.43066588,2.2141879,-2.3795443,5.807879,-1.5162106,3.7137961,-3.4913619,2.9183834,0.04623518318965517,0.011675949649990068,0.18449433,0.11850105,Maret
-106.211784,88.77014,129.31851,21.911057,-26.314247,24.196457,34.482666,6.946065,-1.947693,12.50762,18.176744,5.2655277,0.5012198,6.314216,0.44918874,13.325395,13.603231,8.219394,9.247839,4.29561,9.906019,5.0438867,7.396387,4.941233,-3.456226,6.1070147,-1.6387553,4.7156,1.546703,4.2969604,-5.3909802,6.0537014,-0.41817552,4.767662,-3.6630454,5.388818,2.886119,2.3734198,2.925705,3.7797716,-40.3186,43.992577,138.84122,12.701701,-41.424202,14.7469845,44.30507,5.7204037,-7.4415317,8.139367,10.203554,11.294846,-18.63164,10.583858,-7.790116,3.805143,13.068391,8.120773,5.9140763,3.0962667,8.945538,3.533538,9.11728,6.530722,-2.567261,7.6352944,7.0446625,7.111721,2.0796664,4.867848,-12.222451,2.786862,-1.3871741,3.5435755,-4.01519,3.1248174,-0.3084302,4.143441,1.2937672,2.6132696,-206.80162,5.4838376,101.127594,4.6917315,-9.207708,2.5090318,30.923986,4.242877,9.071466,3.2948337,18.324907,2.7861917,9.254685,2.1543536,13.860047,3.369846,10.619137,2.858915,9.132853,2.6079195,7.166574,1.7679495,10.351707,2.5852084,1.7564243,3.0844378,2.3788404,2.4817529,-0.035218857,4.0088596,1.8529819,4.570282,-2.4124815,2.939422,4.1392817,1.5929998,5.3817306,0.9547941,3.2947829,1.8029255,0.04828065814393939,0.01193546021232246,0.18303703,0.1325228,Maret
-132.74628,72.44352,126.37387,17.254614,-21.047533,13.271232,39.868443,5.858076,1.7032185,15.035883,24.461357,4.9805493,1.2033324,7.764027,-1.1248498,8.760744,8.576031,10.712457,5.49174,5.0120897,9.040877,8.074277,7.28276,2.9620485,-0.4393217,4.3424926,0.050986234,3.0263467,0.121660925,2.1566157,-1.9218568,7.701513,1.1003789,3.5503485,1.7530487,4.110671,1.6331837,3.518778,5.7771807,3.9986546,-40.697613,20.517227,142.57996,12.109498,-40.38734,9.761208,45.13786,4.831729,-9.841416,6.1365347,13.822559,11.516284,-18.727648,10.874692,-5.5166526,5.3566976,12.54341,8.35202,6.397749,5.0618944,11.739137,3.1649246,9.048493,4.1398554,0.92483693,4.1489525,5.469819,7.454687,-3.4678347,3.4454691,-13.488235,2.9727697,-0.84477526,4.332713,-3.1994135,2.4618316,1.9986705,7.515213,3.453812,5.464023,-211.18561,25.51562,106.47763,13.266661,-7.9417067,3.567112,31.145597,2.2763073,10.317121,3.3680618,16.934694,5.912871,8.451741,8.682371,17.277447,6.43351,10.262176,4.1548014,13.181416,3.9313533,8.738731,2.4321725,8.654011,2.08572,5.267987,3.1877913,3.5611048,3.4243844,-0.92762166,2.8371677,2.7220762,2.6445985,-0.8826404,2.1896858,7.270773,2.0141108,5.892952,2.277756,4.3525486,3.6410286,0.040630918560606064,0.012482253438767377,0.16847433,0.106693566,Maret
-59.610893,52.580544,136.8636,8.619011,-36.52749,17.694017,39.71754,7.4243236,-11.194612,10.944804,26.974915,2.902767,-7.451682,7.454184,-8.063023,3.9187489,11.588346,13.385947,5.5321856,3.1668348,9.260852,10.115295,2.7447543,4.5666623,-4.0808396,3.963123,-4.5398245,2.7535608,1.8125885,2.8087478,-11.6345415,7.718181,1.8629223,4.9978127,-5.6618357,2.4446208,-1.2584431,5.4139104,6.576394,4.702645,-65.203445,74.484,135.70674,12.753726,-32.984364,19.069231,42.614906,9.489899,-10.066538,13.248473,12.930155,7.07051,-21.602245,16.659752,-0.074459836,10.45835,9.824525,4.8565216,7.248767,4.4142056,7.2065954,3.6144214,8.367461,3.973522,5.072221,4.94855,4.810406,4.433167,-3.2887218,3.898743,-12.045526,7.1886845,0.86198807,3.0575488,-5.1063223,5.6899457,-1.9018469,7.3559318,1.5265795,2.4857507,-221.22925,9.997019,100.79355,2.4164512,-11.781888,5.272102,26.064747,2.711365,8.2464905,4.5891848,18.400072,3.7952418,11.766331,2.4389124,19.7917,2.632116,10.740798,3.5804598,9.874758,2.8609834,5.2969136,2.0621524,7.297194,1.9494386,4.087086,2.577879,2.6926126,2.023238,0.03276645,2.2159114,2.1809187,2.2767258,-1.6890582,2.9879878,5.2071247,1.6510974,6.0137496,1.5951769,3.4461539,2.3347023,0.053002142137096774,0.013834514867629391,0.18849434,0.13010517,Maret
-70.46032,79.59122,130.59248,15.739478,-38.489693,23.063568,36.05425,8.4160595,-10.543147,13.763456,16.60073,4.3587246,-4.1233964,10.149741,-5.1551046,13.144507,15.900929,9.344385,8.871686,4.320328,12.080358,6.2796493,7.8774343,4.400748,-4.2877903,6.1924205,2.5326078,2.958007,0.5947115,3.3485324,-11.23637,7.7247305,3.6408126,4.449364,-7.99338,5.7915025,6.1425743,4.351548,4.8253293,4.1772656,-133.08455,83.73762,126.10461,20.686993,-19.948044,17.104843,44.547924,14.268226,5.506045,8.6728945,8.085225,8.488899,-6.8585067,19.244324,0.48209,16.352457,7.466582,6.0752015,9.207307,4.950351,4.2744975,2.067031,10.06338,4.612752,3.8054962,4.4484735,10.187004,3.2261198,-1.491969,2.631864,-8.186429,7.967847,-0.8100187,3.8333578,-0.98385984,5.907191,-0.27950314,7.0446444,1.9787002,4.418817,-229.39284,11.459953,105.291985,4.3716035,-8.898409,3.6777866,28.202177,2.6195872,14.4963665,2.994486,17.841301,2.1878836,13.016392,4.4790263,21.041454,4.9029937,9.616965,2.8463583,11.238331,2.0365558,5.080266,2.3147933,6.0779653,2.9364774,1.1875825,2.9700992,1.5083938,2.4044156,-0.49699026,3.5693574,2.452,1.8698323,-2.4746928,2.6809764,5.1396637,2.7513435,6.166776,2.3292394,2.9678519,3.8483832,0.04511982685810811,0.014963729006594987,0.14213605,0.11236922,Maret
-184.71349,52.177845,114.48227,20.900606,-6.103063,8.488122,30.353102,3.9034853,8.59765,9.311039,18.525244,5.329083,8.569503,6.035168,13.560235,9.552553,7.1166935,5.674719,10.527913,5.176299,7.6092496,5.05323,9.844607,1.96353,2.4950216,3.1250815,0.98936194,3.8743832,-0.41405687,2.3176615,2.2793853,3.4676197,0.57134867,2.6608717,1.940718,4.2828827,2.2261722,4.2585926,3.7326663,2.4658155,-18.865108,13.72065,138.67287,10.564715,-43.84171,7.665566,41.237247,8.5012665,-14.948155,6.0762033,20.737494,15.78108,-21.614107,12.863468,-7.8195477,4.3144593,19.686127,4.4264927,8.556989,8.239013,14.273793,4.62949,7.577081,4.165928,-6.722486,4.940453,-0.9897178,6.794202,1.3419296,2.4360616,-10.49664,2.9022028,-1.1983391,3.6657555,-8.40387,2.5210476,1.0462236,7.352112,2.9559815,5.5323706,-178.34354,62.942234,112.4464,16.321098,-12.477027,8.354664,33.713856,8.775217,5.376694,7.314758,15.979063,3.4616926,0.75685775,18.499214,10.782183,9.717771,5.8798633,3.5266373,8.725788,4.239706,3.459689,2.9685533,8.177724,3.5200732,6.2170978,5.0422707,3.9507406,4.04512,-1.8332111,2.0321546,1.764763,4.912352,-1.8259287,3.1050785,3.5595772,6.055062,4.062962,4.6692724,3.990555,4.97884,0.05413497121710526,0.013855206517523097,0.16938348,0.14135873,Maret
-165.77168,80.87098,119.89512,20.75504,-14.801098,10.512603,31.703058,6.664168,-0.072115265,16.184298,20.180784,6.1941195,8.279915,6.7486873,7.4254537,14.446436,9.733238,8.446073,8.693425,4.3612494,9.506554,9.385238,8.82805,3.3415377,1.147562,5.601796,1.4070072,3.2857356,-2.1792212,2.9222317,1.2098012,4.796952,1.1033237,2.6877089,-1.0543537,7.1926775,3.044953,4.222881,4.3689504,3.6445172,-57.154095,28.401897,141.09534,12.7015705,-29.550186,12.538144,43.93333,3.0249178,-9.521146,8.167988,15.674003,11.118779,-18.116491,11.190569,-1.7325758,3.1055794,16.214949,9.352333,7.3610687,3.7841532,14.97074,4.1546826,8.057925,5.2483573,0.5149403,6.0970182,8.359042,6.6040297,-1.8260998,3.1226053,-10.644446,3.353721,1.4707571,3.3233168,-8.487374,2.6274588,1.4814129,7.865853,1.0902987,3.8502247,-219.08846,6.7545896,106.80656,6.744874,-6.901006,5.4628434,31.942139,3.819959,10.930287,2.9773917,21.43046,1.8725398,12.9811735,2.3341582,18.976791,2.392804,9.629572,3.2598813,13.527619,3.007195,7.0276427,2.574214,9.636491,2.3196096,4.5275445,2.014635,3.8493416,2.7764833,-0.41962063,3.2508924,2.1014097,2.8233793,-1.6907889,3.160082,6.3407097,2.403474,3.1148832,2.9000938,4.1624236,5.210465,0.042534722222222224,0.015130932551608826,0.141607,0.10219676,Maret
-197.33925,41.039536,113.03741,21.008684,-2.8638945,7.359567,31.81916,4.156209,9.729611,8.668256,22.42521,4.6142473,7.07862,5.130649,14.536177,11.2596035,12.469461,3.960536,10.61467,4.67402,6.935367,5.2881446,10.378458,3.166164,3.1188023,4.76581,2.2089343,1.7810972,-1.4546742,2.0200343,0.5965003,2.7302186,-0.39630353,2.4170167,-0.22333424,4.9332004,2.49406,3.5597427,4.987849,3.4768844,-47.778397,17.92334,136.04222,9.672841,-37.842068,10.793405,40.618675,9.20165,-12.87289,5.440827,18.324644,8.774293,-8.511324,9.105403,-10.019226,4.75593,15.647625,6.180294,8.865221,4.0349693,18.659027,5.447965,6.856102,5.1635175,-6.0052686,4.750029,-0.4948941,4.5101113,1.7883519,2.3243198,-11.278524,2.5373707,-1.2997317,3.1566594,-10.177484,4.19021,4.484667,5.636158,5.3260574,3.6291215,-191.0022,64.5739,114.045525,16.968199,-8.414714,11.186015,34.830627,6.3108635,8.376168,10.101929,15.562132,4.7534814,0.35809517,16.89221,10.617629,11.462558,8.776765,2.7702682,9.817716,3.7464433,5.1163735,5.0902047,8.092939,2.6794255,6.4422493,2.3723223,5.4619455,5.5058937,-1.1963569,3.3434684,2.1371384,6.412219,0.18898344,2.2409291,6.023108,3.3235347,2.2462096,4.900857,2.7478163,3.5823479,0.04315185546875,0.014123355795101383,0.13921937,0.10025581,Maret
-140.87161,79.38888,123.31348,19.010057,-20.917856,15.751929,32.14749,4.958686,1.2064435,14.201744,17.902685,3.6362572,-0.059861396,5.234886,1.025415,9.047144,8.234617,7.7846947,8.521253,4.000078,9.771576,7.5901494,7.903683,5.1503053,-2.682822,4.993339,0.0016382006,4.6129074,1.524327,2.0660431,-0.55890286,7.1137133,-1.0813385,2.2927432,-3.9485092,6.652171,-0.17131083,4.394744,6.9696846,3.7209883,-39.717888,13.139635,133.75134,8.818281,-38.659134,8.185914,45.061188,2.4600785,-12.187535,6.072766,16.588837,13.259284,-13.262081,7.1655874,-9.341999,4.9938846,15.19012,6.9687014,7.821747,5.10553,14.479621,4.5486417,6.824609,3.5431721,-8.933332,5.76937,2.2397826,6.4268,-0.63900656,3.7610629,-12.302416,3.9365337,-2.4416094,4.5058465,-9.568897,4.150619,1.5004033,7.419806,3.464038,3.10584,-169.43492,77.59994,117.91459,19.566212,-13.708641,11.813553,32.860767,6.188627,3.0357742,13.015388,13.9611,6.203863,-2.2150676,18.253975,7.87086,12.532366,5.9445496,4.109163,7.4133124,3.4740462,6.3652315,5.778936,7.515359,2.616394,4.555329,3.434398,1.7336252,4.569752,-4.792288,3.1054206,-5.0105023,5.2588024,-4.9343915,2.1497087,1.0098667,4.7647963,-0.885985,3.4459445,2.679644,2.5820146,0.055751255580357144,0.010160519527414336,0.17270193,0.1187502,Maret
-115.81094,93.43265,129.45978,20.51452,-27.997065,18.186594,29.102257,6.7797856,-6.345311,13.116175,17.907484,3.110705,4.7512627,7.8934045,-7.080701,16.177204,14.190811,7.400479,6.6670976,4.3803,14.412164,10.933602,6.6879973,4.5122356,-6.17117,7.970328,-1.0870887,2.017328,-0.3492094,2.7262065,-3.4305918,5.8710747,-1.8862079,3.13977,-3.5247598,7.178257,2.8255136,3.87037,7.7054243,3.1355052,-73.12277,46.42442,138.07753,11.012251,-28.483929,14.305053,45.02397,4.9785147,-9.207377,8.751285,8.752433,10.4142275,-14.455301,10.814506,-7.761086,8.634959,10.006675,7.763023,6.7395573,4.095856,15.753541,5.9392066,6.3556824,5.8245583,-0.5560575,5.865703,4.3638287,6.4484625,-2.2935846,4.0353684,-10.59224,4.286514,-1.6341411,3.7647512,-6.930394,3.2519503,-0.5222855,5.549976,2.4683747,2.3768144,-228.46942,9.50118,107.95911,4.7299275,-9.744774,2.5508144,25.50857,3.49019,9.829685,1.9968551,17.207802,2.6275768,8.79783,2.265537,15.320352,2.7135673,5.4994397,2.711322,9.912752,2.909074,5.100069,3.2021897,6.6628265,2.100701,3.1335726,3.13313,2.3483884,1.5128988,-0.11426484,3.0437307,3.8528478,2.24239,-3.4842577,2.2023787,2.654398,1.7627639,2.0714045,2.317398,3.2538934,2.2480845,0.053400213068181816,0.010066404210124776,0.14823933,0.11063119,Maret
-203.4792,50.09831,119.02145,19.932486,-7.981005,6.1620026,28.925873,4.895107,6.963882,9.098014,18.902313,2.08218,7.31856,3.485506,9.660124,13.419397,8.7352,3.8874903,7.431812,3.731933,3.392312,5.504822,6.850331,3.9576783,0.645391,2.827427,0.46558702,3.9789395,0.68205476,2.0004017,-0.085595876,4.2441125,-2.9435523,3.2815874,1.342671,5.7727966,3.3095121,4.792946,2.8654413,2.1815715,-47.068375,10.231134,136.27077,7.9088426,-36.739925,8.31397,40.690426,5.280572,-14.668267,3.5381649,18.812445,7.990869,-6.2089353,6.1546826,-7.0781927,6.4858522,19.337763,6.4124727,4.9808726,3.7895932,20.031866,3.7427053,3.223189,2.689216,-8.663387,3.2188346,0.012751209,1.9326067,-1.1723573,3.5303226,-9.62538,1.8099884,-1.207243,2.8576956,-13.005128,1.4454085,8.08531,2.8830397,1.6851624,3.2111945,-129.04143,87.57652,133.16238,14.967091,-19.359905,21.008455,42.79738,10.01756,1.4752152,14.346818,10.536539,11.77267,-8.741098,19.827463,4.4975805,12.893319,7.512726,5.25414,7.690802,6.63045,10.106592,8.040093,9.407838,3.8958611,4.0013714,4.6295257,7.6368823,8.50145,-7.0861926,4.7020764,-3.194342,5.84639,-3.61502,3.869,-4.865318,5.483792,-0.40570706,3.5446734,1.3353156,4.2080083,0.04966998922413793,0.012830518977795852,0.17119044,0.10908758,Maret
-60.268932,62.19298,136.40636,11.271015,-36.212833,18.644852,35.560947,4.0712957,-13.665326,15.111278,26.19734,4.3194857,-5.231755,6.3354363,-6.6922345,5.271355,11.138089,11.839949,5.87143,3.9647176,14.808432,3.8014414,4.192296,5.7775207,-7.7627044,3.4209518,-6.003055,3.3242087,5.6682796,4.572269,-10.3926,6.682673,3.2434258,2.6009002,-8.307531,3.031265,-0.4172161,3.0185885,7.388792,2.3793552,-78.775116,72.93558,139.7662,13.025519,-29.806969,20.23883,51.83739,7.8743258,-4.527706,15.870562,11.555523,9.718104,-10.697727,15.197362,-4.4513597,12.225203,8.862026,6.644242,13.035202,3.9819133,9.242123,4.602201,10.218853,3.9579344,2.0475953,7.381022,4.304071,5.8872743,0.36613968,3.542058,-8.602408,6.2213717,-1.7741127,4.599777,-0.5648668,4.630734,-2.744863,5.764121,1.5381047,2.2486699,-222.54073,6.176672,109.67441,4.6286983,-7.730023,3.6616306,28.001293,3.4581752,13.884129,3.8099985,19.253569,3.0823386,14.126945,2.0713086,19.422304,2.340725,10.6815605,2.7182343,14.875014,3.866616,6.4649396,1.9289566,11.23223,1.3646699,6.96505,1.5872647,4.3616023,2.1895413,-0.5317655,2.5497963,4.3648624,1.2431072,-2.9028158,1.7004783,3.9791405,2.785209,4.549546,2.790971,3.9361496,3.6169648,0.04287997159090909,0.020269849605899202,0.1865949,0.10759458,Maret
-169.45639,68.42205,123.972565,16.738882,-8.349469,9.619199,34.81709,3.7570531,7.1819243,11.428104,20.043554,4.8911586,10.748239,6.371556,6.2074065,14.383836,7.6342664,7.348308,9.091548,5.2959914,7.7272797,5.977505,12.369603,3.0853517,2.4913685,5.146529,1.9938498,4.433049,-0.1892668,2.6392534,0.7698543,4.9781423,-1.3531522,2.7360485,1.7938391,6.617598,3.2408807,5.189793,4.060634,4.7767377,-39.19053,16.00065,134.14838,13.31408,-30.094444,8.161839,48.63057,6.326839,-12.934903,4.918707,16.762058,12.869895,-13.899425,10.717479,-10.128629,4.3691335,18.562553,8.645374,6.2271867,3.380103,16.292322,3.5914428,7.8859,2.379767,-3.9193552,7.0562863,0.45520017,7.407961,1.9777268,5.2013006,-11.251178,2.7159226,-0.069047175,4.81345,-5.95075,1.6782999,0.9018419,6.2961,2.7636077,3.684619,-194.34645,37.012917,116.11141,13.079356,-5.267533,6.159085,33.03025,5.22116,11.631131,5.1542544,17.36247,5.565768,7.9692183,10.581309,14.390703,8.581285,8.366593,4.0318274,13.310211,3.9024692,6.42649,2.8760104,9.591201,2.3906467,6.6296325,2.9681668,3.1877403,3.6589658,-2.109099,1.8108613,-0.10444253,3.7960255,-3.2839246,2.6837876,1.0597137,3.54786,-0.995397,4.4831605,-0.15266733,1.8973233,0.041259765625,0.014249708847213445,0.1644381,0.11091352,Maret
-149.32039,88.27986,123.76022,17.938036,-13.723825,18.005863,31.338133,8.319703,3.2081325,15.709287,19.04948,4.8732715,4.833955,8.203858,4.4033866,15.208175,9.734103,8.613621,7.354863,4.098118,9.978634,7.5619836,6.4826994,5.0056715,-0.64305276,4.656035,0.14268315,3.7018554,1.6362056,5.382624,0.7377111,6.4550986,2.5295691,3.8472264,-1.2810315,10.414543,1.6041254,2.81124,4.551675,3.445125,-43.311893,25.03818,133.35301,12.789601,-36.84013,10.750967,45.085403,7.137386,-12.85702,6.132322,15.25735,11.275465,-16.879599,11.03555,-9.677158,3.61077,15.541437,9.278261,4.608137,5.7238755,13.688404,4.369409,4.8410854,5.680433,-0.72786343,7.4066567,3.8803945,4.075743,0.7679212,6.5139194,-11.89435,2.8907645,2.3417373,4.1035943,-9.396546,4.0792785,-1.8916976,5.7498283,1.7118416,2.056711,-219.5841,10.8837,111.22762,7.965094,-6.726353,5.4187484,30.12355,4.4372096,10.520062,3.5268233,14.291667,3.7761815,9.758979,2.7971845,17.297737,3.1614642,9.514058,3.6652422,12.261083,3.5416827,5.682311,3.637784,7.177327,3.1522536,4.195339,1.974497,3.1116369,3.5451777,0.27444783,4.7944775,2.6896927,2.4159527,-1.7914813,2.6780994,3.6344388,3.680119,4.3357353,3.8555274,4.2884974,4.191772,0.043701171875,0.015239538638122614,0.15762505,0.11551009,Maret
-93.34452,74.75105,129.60837,14.9597845,-22.77377,18.590347,35.55955,7.6275716,-7.570245,13.52665,19.69596,4.416859,1.3973582,6.3644195,-10.692986,12.462993,14.768892,7.9754686,1.4733021,6.8960943,11.4957485,7.42269,8.446512,3.4894547,-8.533581,4.3953404,-1.746618,2.0589423,2.7969007,3.5244823,-4.9801865,3.4650474,-0.0029031276,2.673027,-9.383943,7.980052,1.2013364,5.783025,2.962136,1.3998928,-50.711975,29.35286,139.35912,11.906765,-28.959522,12.350604,42.876564,3.4428911,-16.508713,6.664491,8.72653,12.627862,-18.79945,9.204298,-9.746497,5.151688,11.193152,8.152624,0.31783304,5.2114167,15.189636,1.9131151,7.120532,2.4433727,-4.0655417,6.2684145,6.356535,5.0911713,-6.7650375,4.335026,-8.706312,4.1891737,-1.514918,5.4351225,-11.594391,3.5961146,-0.9751843,7.0326185,-0.7721489,2.2568111,-218.41216,10.529979,101.41183,4.997325,-10.226459,3.48716,27.823921,3.6969545,11.586381,1.6444167,17.980856,3.3422713,10.139375,3.746373,16.713345,2.9737403,9.792156,2.8426182,10.698937,2.360507,4.5196652,1.9475266,7.353602,2.6590538,3.6697414,2.4123812,1.7411165,1.6387185,-1.0185677,3.700706,4.880435,1.9332193,-0.99984235,2.376155,5.3353724,2.954538,6.2039056,2.7171917,3.5860631,2.473239,0.0455322265625,0.009235488437196161,0.17135952,0.12061647,Maret
-89.06673,94.38703,137.15453,16.954107,-31.690517,23.101194,30.380833,7.588531,-0.7775424,12.455558,16.45187,3.7640903,3.0738199,7.8147197,-6.5796227,14.722476,13.657733,11.770555,8.909372,5.557065,9.842894,6.4207096,9.412591,5.315921,-3.164643,6.6186323,0.6199189,3.7097342,3.2816901,4.139733,-7.3833556,6.674868,1.4408439,3.2511494,-8.854464,8.365676,2.2862241,3.1282854,6.365222,3.1867697,-43.000893,47.41846,140.34317,10.12857,-36.85475,16.856564,44.09259,7.2765555,-4.4079833,7.3158436,5.630215,5.826332,-20.849293,10.433952,-11.27622,6.366258,10.431052,8.710712,5.1880636,5.393663,6.9515533,5.2820134,7.1464257,4.695415,1.9641373,5.4196677,7.1257772,4.558543,-2.21688,3.3316598,-13.415123,4.4779015,-0.012757158,3.6945107,-9.4247055,3.252921,-0.8676699,7.355095,2.5293024,1.2194388,-209.12138,6.6301937,103.24519,6.3520865,-6.784294,5.031248,28.651007,3.0562866,10.686924,3.9928381,19.12198,2.877037,12.2088175,2.3222332,16.702196,2.006029,6.138678,2.2913208,10.451804,2.1619277,3.2530656,3.2059915,5.3478093,2.5442593,1.5795021,2.8158832,-0.039766833,3.5984812,-3.6099641,3.3755064,-0.8679457,3.3916335,-2.9432116,4.2522964,4.9095883,3.640073,3.3744905,2.6857958,3.0165946,2.0558078,0.05309664818548387,0.014659442135462358,0.18893415,0.13739857,Maret
-158.88138,70.7541,128.1474,22.042736,-14.990089,17.302984,25.627375,6.1424727,1.72951,13.769824,19.096266,3.5877104,7.5727234,6.7697816,3.4380271,14.609743,9.140756,6.9642677,10.970429,4.7691436,10.290651,7.4098935,7.2891736,4.5772023,-2.4976442,4.1533456,0.6036429,2.5574362,-0.108855404,5.450996,-0.78744864,5.391993,-2.4561348,1.9140851,-1.6604773,7.46644,0.75084764,5.9221597,4.238656,3.5600343,-38.913727,17.386639,139.98546,11.784838,-39.7879,13.897729,40.436127,7.265239,-11.359029,4.3201165,12.636569,8.0255995,-8.495935,9.985469,-7.6629233,5.2243266,12.479228,8.153782,9.114644,4.310582,15.427354,2.3114753,5.8648286,4.1843343,-5.646071,5.3212833,3.6993058,5.1697817,0.99148893,4.831964,-8.518196,1.7628502,0.481457,4.4969883,-12.408894,3.0945919,-1.0104338,4.7902822,2.8026495,2.5828564,-201.55241,25.746096,110.00903,12.378285,-10.249998,6.7709465,27.995039,4.1072264,12.732384,2.8176844,19.011047,2.3307984,6.191138,7.7368283,15.04576,3.3853512,9.293737,2.6571898,12.346695,2.7045774,4.2488303,2.317574,6.5235105,3.4963868,3.2790987,3.1889513,1.9490219,2.3623965,-5.0265474,3.25924,-0.49914536,3.0190895,-3.7369037,3.1381617,2.905349,4.9824,3.2647629,3.3706777,3.54587,3.6753147,0.051539370888157895,0.011639617568253074,0.1469433,0.11641922,Maret
-87.668205,78.51595,132.60939,14.430538,-23.401897,18.120865,37.20952,7.8194957,-6.4320984,12.262825,19.743286,5.5905766,-1.1648122,5.349124,-5.8708663,9.995482,13.376648,8.259579,5.3204455,4.0174193,15.795126,6.718843,9.487141,2.1798708,-6.3410525,5.051684,-1.3536128,4.462668,4.016368,3.6510153,-5.0667357,4.6804,0.75364393,3.8639586,-11.180341,5.615411,1.0761601,4.8469996,2.8945658,2.9626167,-70.406654,57.86072,140.86058,16.197716,-25.746338,14.147097,47.08485,6.911304,-6.7145095,11.397525,9.714847,9.486892,-17.992418,12.585189,-0.35529467,9.384338,8.900222,7.101923,8.095101,5.19359,16.178741,5.608879,8.82149,2.9848008,2.8283675,4.171089,8.804395,6.393677,-2.7307816,6.621402,-10.63973,3.3316126,-1.9850535,4.5861363,-6.828899,4.024935,0.42753,5.729005,1.069288,1.7273959,-213.21558,9.098158,107.71804,3.7639062,-3.8907099,4.147743,32.58681,4.015979,15.016598,4.103347,19.058592,5.2734694,13.877508,1.82107,20.73539,2.1427774,12.199356,3.7332373,16.02675,2.4153643,6.861817,6.2791357,8.958429,2.4417808,5.271729,3.1505952,4.303738,4.1097956,1.9536916,2.026355,4.191849,3.7865741,-1.6111042,2.645669,4.791569,3.608872,6.474816,2.4656274,4.32047,2.8011553,0.04030539772727273,0.014668690085942689,0.18918055,0.10264317,Maret
-140.85567,88.18296,132.17691,16.600286,-17.337976,20.805243,41.3066,5.046475,6.647566,12.834171,23.036348,4.147626,6.2849693,4.220259,2.3035374,12.546282,13.320218,6.1061873,6.85524,4.724342,11.392128,9.779564,10.017056,5.129179,-0.9716894,4.127686,0.3387569,2.4066231,-0.3197573,4.7239666,-3.2806613,3.850247,0.20571224,1.1773646,-2.2748392,9.665111,1.9812814,4.0881476,4.0251765,2.4528856,-40.56516,17.054192,141.38515,13.9281645,-36.860435,9.364602,50.110607,6.2750983,-5.2186737,6.318024,19.533606,12.058209,-16.436888,11.525409,-1.207877,4.855734,12.336085,7.8786774,4.79916,2.5197937,19.625895,4.434051,8.046095,7.0773416,-2.1085496,4.6247406,7.3457503,7.3377366,0.11968144,3.5811775,-10.553787,1.9774469,-1.7885714,2.9820218,-11.424058,2.7544386,1.7382202,6.9556375,0.88981986,4.2994084,-204.54813,22.617298,119.656204,11.080526,1.5628152,3.6833398,38.157833,3.8528967,16.33279,4.8172092,22.513777,3.7675002,11.347502,8.82883,17.850153,4.0238385,9.706455,2.569889,13.708227,2.416257,5.906871,2.7290645,6.9423876,1.8287162,7.434356,2.776154,6.039243,4.9326878,-0.39553112,2.8754268,2.7882636,2.961856,-4.022125,3.0760415,1.0210228,3.818948,1.4557624,3.082315,3.323131,2.6322083,0.03654191300675676,0.0221979039484452,0.18884307,0.09862178,Maret
-158.17477,71.32168,130.71892,11.347601,-5.1091204,12.741044,40.945976,4.701005,8.563826,15.706774,23.976688,3.9031258,8.63281,8.484305,9.427561,15.041043,10.908602,6.7761617,7.8965826,6.410474,6.9319034,7.7358313,7.097217,2.8221598,-0.5577276,5.1850677,-0.6117163,4.014358,-0.9721759,6.6670904,-2.3581555,4.6920943,-4.3352413,1.6444068,-1.6302708,7.71977,1.1403906,3.423893,5.1794257,2.6740878,-32.580257,15.953413,137.43546,12.243273,-29.084269,8.448344,55.50077,4.4507623,-12.548188,6.977054,19.310032,10.778787,-18.454033,12.729392,-8.209406,2.3029704,13.968548,7.851045,5.1625543,4.461239,15.252662,2.19581,6.8016534,7.194906,-6.6654124,5.437145,3.1335378,8.129802,-0.81095004,4.2272677,-12.191579,2.5359278,-3.769469,2.5313437,-13.104483,2.685436,3.983206,4.9017735,-0.86822253,3.0858228,-195.2632,14.6153345,123.24008,6.25018,6.1371937,3.2448905,42.7266,1.3360747,19.047205,3.1327057,22.064817,2.4059365,10.424267,7.0511537,17.245472,5.2907033,7.687806,2.8012066,11.133277,2.2065585,2.2747838,2.9412107,3.620309,3.1956418,-0.7025234,3.7068467,-2.1122646,5.573648,-5.877912,2.4592886,-0.63734895,2.5128608,-3.8906114,2.3718462,2.8461049,4.205654,3.132952,2.619766,2.5205774,3.089084,0.03709746570121951,0.017788091610966787,0.17479293,0.0990981,Maret
-175.63354,66.39456,129.8544,13.938302,-3.6370776,15.46683,37.177143,3.0332634,7.860035,14.073315,20.471846,3.2835667,7.832557,6.60738,5.2082696,14.090518,8.771541,5.445328,5.5823627,3.2805572,3.881737,7.969953,7.311482,2.691984,-2.5627553,4.5755095,-2.164551,3.2583857,-2.3375638,7.30867,-1.9882911,2.4025269,-3.7304258,3.2579496,-2.5371997,7.773202,-0.41753313,3.8944104,0.027444959,2.0914614,-37.910934,20.063604,133.4891,10.764057,-38.327538,6.8725085,49.610683,4.656652,-11.626718,6.323721,20.150206,11.679357,-14.750866,12.199119,-7.8475795,6.250707,13.993749,6.709728,5.94746,2.4119267,15.244199,2.4763165,9.049976,6.612639,-6.1451035,3.685714,1.8391743,6.9555516,1.8280239,5.177326,-14.479195,3.627379,-4.3926005,4.5834045,-12.26496,3.2748067,0.86710024,4.2111044,-0.23094045,3.270854,-187.78787,68.11905,123.8285,13.259659,-4.4766874,15.124451,38.86077,4.2891026,11.702658,9.73404,16.121536,4.9615307,1.3193154,16.104523,10.458408,11.896512,7.142395,3.99342,8.345026,4.3203144,3.7273965,6.984986,3.0164232,4.0911684,-0.25432187,3.2681198,1.3214742,7.6300616,-3.8184779,2.4498188,-2.32401,6.0981584,-4.634363,4.912249,0.10328425,5.0843673,1.0874839,4.1301293,2.2554827,4.5485787,0.04604360219594594,0.01402314087457997,0.15566856,0.10779993,Maret
-64.71756,70.562836,132.32617,13.169127,-40.871304,21.738234,37.367386,10.290714,-7.524994,8.773102,15.275349,4.297278,-6.2246614,5.109714,-10.289252,7.6341057,12.99075,7.175887,0.11109532,3.329498,18.360144,6.7930684,1.0638753,5.2982526,-2.9461777,2.0541294,2.3907828,3.3361611,0.41092256,4.746067,-10.218754,5.316407,-0.29073307,3.7056978,-12.908662,4.0567646,2.8130949,4.929998,0.47141618,3.4789836,-119.22393,89.12391,136.75284,18.753874,-27.902332,20.667072,41.818157,9.239855,0.48775342,10.224025,5.334883,7.559517,-16.46856,17.715998,2.060496,9.915469,2.276599,3.5259225,3.5089762,6.55793,12.839878,7.6054463,7.653447,3.7580757,2.763505,5.3534274,13.559586,6.7922516,-5.050896,6.104818,-5.826637,8.468954,-1.8960677,2.8020425,-3.9953446,6.8050137,-0.25444555,3.829973,-2.3774111,5.739693,-237.95102,13.716959,110.402374,10.996225,-4.4805565,10.413752,32.0199,6.780839,15.72517,3.425667,20.555355,4.1648874,10.525447,3.774801,16.758358,3.8809729,5.378191,1.9018929,9.691531,5.5120044,5.573473,6.5545774,8.711851,3.1879706,4.33907,4.7563486,2.359345,4.729944,-2.1796396,4.148422,-0.5370751,5.343863,-1.562375,3.0290956,2.4867692,3.4244323,2.9806848,4.205889,1.696042,3.1656222,0.05265066964285714,0.014130291838141303,0.15140481,0.10982004,Maret
-119.16995,85.05401,127.459526,15.15613,-17.038641,15.776565,35.64085,3.676793,-2.8939886,15.61575,24.951902,6.6350713,-0.7378435,8.685628,-0.041948404,10.6760435,13.270126,7.735343,6.971336,5.0550427,11.791706,5.022621,9.315765,2.3357317,-1.5743817,6.243789,-3.094638,4.221599,1.8759094,6.2000318,-3.7521296,7.373275,-1.5724721,1.6178873,-7.0508175,7.976742,-0.18259913,4.232143,2.7809062,4.49954,-40.283028,17.412163,135.05907,15.664881,-36.068584,5.72204,48.78101,6.367763,-14.305228,7.022125,13.249273,15.837827,-17.238985,6.892284,-10.03628,5.2753572,7.9751506,7.78405,5.837706,4.9325566,17.075352,3.4713237,6.73842,5.1867914,-0.1400531,2.9906569,2.4767728,7.5107174,-2.231988,6.18687,-11.719827,3.7864316,-4.469864,3.1447945,-12.031516,2.5337672,0.85593104,4.466775,1.6953934,3.318972,-206.20769,29.650211,111.48599,13.23649,-5.276703,3.5306327,33.292137,2.9346492,12.023017,3.5989563,19.768719,3.4532106,10.960006,7.6882334,17.828827,5.705451,10.137532,3.82262,10.769976,3.852721,4.5256243,2.7799165,7.463418,3.131722,4.025437,2.6174667,2.6857884,5.4686203,-3.3196297,1.7087123,-1.271367,2.787704,-3.0388606,2.9069617,2.667501,4.4236317,1.658128,3.0810125,2.3349626,3.4037101,0.051590401785714286,0.011308711125518773,0.17047368,0.113699764,Maret
-63.417458,50.395798,136.3501,10.4963455,-33.702724,17.225817,44.054146,6.2360125,-10.4788,9.776382,19.371159,4.2440987,-1.3381138,2.5952294,-12.833193,2.5885046,10.735807,9.016148,-0.9943336,1.9640422,21.54352,10.712117,6.414729,4.125966,-6.5204782,0.7348546,1.3113306,1.6799206,5.3840833,2.4809473,-6.8312583,2.7684836,-5.2867317,1.9401864,-10.443636,3.0773506,-2.902253,5.391075,6.7300763,0.9973808,-42.92718,13.364289,141.57518,10.973291,-36.9192,7.1765537,49.618713,5.3766227,-9.850365,5.266485,7.0837436,9.850159,-22.274685,9.787175,-9.568748,4.8429403,8.283131,8.060469,3.4903336,3.417957,19.832878,3.3918703,5.161414,8.120429,-4.437169,3.885795,9.114731,5.000639,-4.0673265,2.0453925,-11.363094,3.5971818,-3.6361394,3.833911,-10.577736,3.5347598,0.4353485,3.3043003,0.48369002,3.3651564,-185.10858,55.397476,122.44986,17.588253,-7.60366,14.542912,37.1875,7.835694,12.828411,9.619523,17.20327,9.183027,0.0011863708,17.04729,12.781174,10.818807,5.0370784,7.135256,7.038009,4.0496593,5.8256917,7.422208,3.5227609,4.2120137,-0.2613883,4.7228346,3.3463893,8.936877,-3.557659,4.1777544,-2.2021105,4.38673,-5.8862867,5.017749,-1.5461525,4.6858444,-3.5940535,3.264106,0.44633168,3.5397913,0.05499267578125,0.011915306901825148,0.21536021,0.093758814,Maret
-67.71245,66.848305,142.08655,12.391717,-38.630535,22.750479,37.015896,7.2278695,-12.662669,11.252927,19.877272,4.293394,-1.6247628,3.1735168,-14.09938,2.5714111,12.241379,11.027467,0.6792801,3.3642926,15.67974,7.248871,8.156154,6.157927,-8.748236,3.2295713,-1.0672265,1.934922,5.3853707,4.0819454,-5.806171,3.7881536,-0.09824628,1.5857857,-12.744154,3.7859643,-1.7953289,3.3664138,3.603947,1.930725,-50.909054,12.577302,132.39328,11.935729,-38.828224,7.931958,44.13355,2.7864914,-12.373551,8.4075,13.510303,9.802195,-12.469445,5.2254286,-11.995896,3.0753949,17.973995,7.2996244,2.9901757,4.940137,14.655245,3.8393195,5.172481,6.1245737,-8.449856,3.9006467,3.8679178,4.5773187,5.079806,2.9743268,-10.123039,5.569017,-0.1597286,3.7795224,-12.534963,4.3882227,1.5936981,5.579863,-1.358249,3.9678764,-159.9794,87.11433,127.502655,25.028227,-14.279512,15.244655,34.33535,9.247275,2.4823184,12.624897,10.394874,8.664554,-5.600073,19.177334,5.858197,14.816521,7.745261,4.627318,5.7810993,4.881632,8.073063,7.4056253,8.216137,5.056903,1.8942335,3.1773126,9.20596,8.439584,-4.304898,4.1994143,-4.6675243,5.2417345,-4.0420113,3.2539666,-1.4735773,6.957416,3.554516,4.172344,1.8589177,4.5479007,0.054071841032608696,0.010859484766605518,0.20836295,0.102879085,Maret
-116.07664,96.5348,122.3504,16.790215,-27.693104,21.457935,31.427496,3.8784552,-3.785954,18.321808,16.059238,5.027137,1.5690111,9.147088,0.120817564,17.043213,13.366412,6.1790752,8.234703,3.007686,10.363837,6.5013585,5.3435354,3.7645628,-4.142213,7.1463585,1.3889501,4.0623116,4.835925,3.8015733,-3.1032593,6.117447,-1.7420975,1.7642406,-6.2326875,10.198877,1.4273018,5.440442,3.7663357,2.4617856,-32.079346,13.400994,137.7925,14.323183,-38.86661,8.914103,45.0216,5.7332664,-12.233236,3.4972973,8.475632,10.50649,-18.477425,9.221979,-8.223738,3.9249847,15.270619,8.807952,4.083843,3.5529063,12.574559,1.522228,6.37085,6.066965,-4.7614603,4.6371455,5.5803213,7.988637,1.8909804,4.9012628,-14.191585,3.0120423,2.3824768,4.4736404,-10.110028,2.545646,0.62252635,3.343339,-4.2176137,2.5973473,-188.8415,48.327904,115.03144,19.329742,-10.244465,6.8379006,31.69113,4.802876,9.66386,7.074957,16.39571,7.0172267,7.125685,17.020273,15.671528,8.95864,6.9924026,3.6352086,10.1900215,5.8735423,8.825081,2.658,9.186405,3.0249898,5.1919436,2.743592,7.390184,5.087238,-1.5952128,3.0360951,-0.17817612,5.248173,0.65647435,1.8436595,5.0789638,4.501498,4.7739983,4.784328,0.33365777,4.7722497,0.051568800403225805,0.014226901308795921,0.19691111,0.12884206,Maret
-149.82475,87.21772,122.58795,22.504341,-18.814995,19.086823,33.387775,5.612021,0.587334,14.067096,18.467606,4.0318017,5.9132996,6.9389286,2.65341,15.898081,11.414876,11.308305,8.367524,5.6845603,9.679962,5.164194,10.004521,3.1747098,-1.05679,4.0790453,1.4917307,2.395164,1.1992999,4.2109613,-4.651181,9.780117,3.7872553,4.221655,1.5317343,5.875058,-0.09529372,3.6681423,5.2816224,3.0916238,-32.72624,29.408762,137.16466,15.801423,-41.2788,13.083916,39.77509,8.785593,-4.3737006,9.458635,10.574906,10.197213,-22.304281,12.910719,-7.5641007,2.0695765,15.788277,11.01866,1.3848429,5.0851717,9.564261,5.0615454,7.4605618,5.2759933,5.54911,6.6846943,5.7507596,7.3132377,2.4118192,4.1877823,-19.05744,4.1233335,5.693344,4.6543407,0.19814946,3.4880552,-6.4670486,6.070111,-2.587162,2.7146022,-220.34047,5.6371,106.59437,6.3132877,-9.557158,5.760473,28.33142,3.6287267,13.262778,3.8073418,18.479115,2.7969854,11.777469,2.8145223,18.933062,4.5549455,7.715646,2.0857806,12.044587,2.9347007,6.1691008,4.0026374,7.0809073,3.8489323,1.9350996,3.7447982,0.5595063,3.805227,-3.913708,3.3459785,2.1923237,4.0753846,-1.0051557,2.6531994,5.3997602,3.0302026,3.9857116,4.0004983,1.8215694,3.8860283,0.047042043585526314,0.0139509253431696,0.16725172,0.13538262,Maret
-129.56795,94.52504,127.33819,13.949105,-23.737299,23.97052,31.691988,7.616866,1.7691718,12.22421,18.930906,2.902325,6.129935,4.4173775,0.89765894,13.560629,10.964451,8.234189,7.939662,5.9470687,9.041141,9.277956,6.5158052,5.014757,-3.7916558,5.094316,-1.9472767,5.9542394,3.9491823,2.235874,-2.226719,7.988759,-1.312396,4.514709,-5.1044583,10.062847,2.7562692,5.9911375,5.4436812,1.8932304,-43.420166,17.591366,138.2147,12.278372,-34.765175,8.350936,42.275356,5.4943814,-8.262217,4.0803466,6.53967,13.45165,-14.313689,10.504218,-5.7704844,4.345296,9.876668,9.11191,4.949723,5.406045,19.421694,3.796832,6.1397,3.2242963,-3.4945006,5.503447,5.68861,8.784479,0.5055414,4.086829,-9.050145,2.6652846,-1.4892488,5.964154,-11.164596,3.343057,1.2975376,5.663151,0.4319504,2.301467,-213.92964,14.669332,107.224976,9.023676,-8.298895,3.8847215,30.106031,3.8186653,14.16282,4.290586,17.797411,4.3523326,10.035316,5.4877396,19.559776,5.3691664,10.043507,3.5201979,14.208965,3.1941142,5.8804965,1.8176764,8.339283,3.319714,5.067696,3.4048996,3.3257475,4.2008853,0.39067248,1.5491055,2.679719,4.241791,-1.1329063,3.7691224,5.047536,2.7047405,6.3768687,3.755815,6.0211673,3.3272479,0.04734848484848485,0.01622676230383567,0.17251834,0.11625725,Maret
-123.12606,83.807396,127.458885,18.043022,-18.109861,18.437162,38.18943,4.859056,-2.6045578,16.391094,21.963009,3.5159454,4.159728,12.668726,6.426078,13.065703,6.37527,6.752796,5.6411867,5.4498396,11.97711,13.763771,5.404374,6.1154966,-0.061440848,8.709482,2.1625361,3.1728225,0.8188667,2.8969395,-1.0038749,2.2774553,-4.9889994,3.8658369,-5.6682386,9.503805,1.2764188,5.4428515,1.6119267,4.6976914,-36.271667,14.198769,140.72446,12.315753,-40.866188,10.320928,51.16244,5.278684,-5.2455893,9.005945,11.000575,17.062475,-20.197826,7.3695226,0.6265499,4.5848823,9.274706,8.341172,5.32269,2.8039684,19.158232,2.751752,6.3731203,6.73281,-6.455724,5.7653522,8.251981,6.1572437,-1.4231374,2.1060622,-7.2757096,3.7419653,-4.986596,4.8610163,-10.80949,4.1145864,2.2024417,4.3562784,-5.3328753,2.3630385,-191.4377,34.79087,115.36974,12.182909,-4.422532,6.1490607,37.589622,4.4145365,10.979666,5.570461,18.828548,6.031761,9.455348,12.718728,18.418364,6.417081,7.9662046,3.1415412,12.742957,4.8613005,6.6449895,2.9417295,9.163246,2.825755,5.1957164,1.8858461,4.2726994,4.3558836,0.71208763,2.6311984,0.15016168,3.3756065,-2.554787,3.7541168,2.597227,4.2966294,2.849565,2.6942167,2.7450974,4.801308,0.043724798387096774,0.01387337488463312,0.18502071,0.11175957,Maret
-125.39205,82.34482,126.563484,20.454351,-20.328611,22.878708,39.34283,2.7907853,-0.5845584,12.384611,18.976995,3.9003675,6.11175,6.999912,2.2500384,11.324134,9.189019,6.5541577,8.279141,3.8572063,11.059589,11.017712,6.8784027,5.852959,-1.3953959,7.146467,2.2628787,2.3950076,1.1027813,3.3464317,0.5180633,1.9921035,-2.8020227,3.442353,-3.2654655,6.6950526,2.0679953,3.1687386,3.8459127,2.9999926,-45.23274,45.524,140.04753,8.718496,-36.22334,14.1813135,44.843018,4.246913,-4.492786,7.663908,8.838294,9.859809,-17.085257,12.080667,-4.815748,3.6974154,9.88999,7.129768,5.8410964,4.074103,15.223302,4.6282873,8.019397,6.2165003,-4.5223074,4.981708,6.7858615,6.4313483,-0.43969345,3.3900714,-8.547332,4.9585505,-1.5123237,3.185393,-8.357727,4.5719037,0.062194932,4.488182,-1.0612589,2.043869,-201.57152,10.252419,107.26378,4.395526,-7.5418787,2.7565472,34.258015,2.5359924,11.845522,3.3353844,18.160704,1.772935,12.333252,2.1552546,18.651583,4.587598,9.31498,2.7718809,12.665288,2.0672083,2.4660785,1.6959084,7.7355695,2.4634225,3.1335208,2.5615532,-1.5791013,2.4943514,-3.766981,1.7549169,0.73260593,1.6906377,-2.3586369,2.3820553,5.9221573,2.717712,3.3411946,3.874788,0.35646343,2.598698,0.04884097450657895,0.013194766583480344,0.16024101,0.120180465,Maret
-160.04643,73.215706,121.46328,23.917019,-17.30908,13.193992,34.60765,3.9200225,4.32013,13.434915,19.834356,2.3402967,6.7880116,9.806752,11.399931,9.778282,8.543362,3.20613,12.301184,4.0410385,7.8769145,6.1305776,7.012311,1.5638173,-0.021895105,3.4646902,-2.2821035,4.8107557,0.7801264,5.5597425,1.462082,3.0258415,-5.209475,4.623063,-0.79750675,4.9446545,1.7228099,6.7010875,4.8745837,3.2949872,-56.02804,15.510492,141.59479,6.7739544,-35.55442,6.6585536,46.64813,6.6945624,-3.6635933,5.6939816,14.408264,12.024157,-15.884949,8.729475,-3.4157183,2.9006865,5.4523234,7.365673,12.156043,4.1270757,17.579185,2.0062354,4.956093,4.421718,-6.2850385,3.0776849,4.1092906,10.495681,-0.42658892,3.410895,-5.4038095,3.9520845,-6.900281,4.392757,-9.580976,3.7261245,2.1798255,4.5219727,-0.5586328,2.6261292,-192.65688,42.384136,112.151085,15.461197,-10.923054,5.1504884,28.24906,6.7344017,8.115997,4.9638896,18.28705,6.3659997,3.7825897,12.580556,14.078214,7.117332,9.168873,5.129809,12.222836,4.929151,6.9897676,3.9464426,8.096093,2.7754195,4.660339,2.9828384,5.1618953,6.0802274,-1.5195541,3.2039165,1.8152009,3.0199552,-2.5962758,1.9093876,2.907573,6.296871,3.282397,3.9364715,5.3776913,2.6275055,0.05062327665441176,0.01292832278093447,0.14765398,0.10586468,Maret
-174.50395,56.795265,116.322044,22.796967,-13.49986,10.459209,30.47566,4.565628,8.874608,8.771114,16.856133,2.8817842,4.577397,7.0409646,6.2879543,9.632568,5.26397,5.3844743,12.388705,5.142897,6.252275,6.274662,7.2918196,3.537134,0.24358918,2.9832196,1.1111834,1.7880975,-0.594891,4.399533,-0.23724703,2.2742379,-3.7938356,3.1998389,0.72873706,5.7670164,-0.5568804,5.0196857,1.4535081,1.455143,-42.308483,14.114133,141.98276,10.431657,-38.98051,8.963332,43.304157,8.923039,-7.10971,5.001436,12.020843,12.239331,-9.744749,9.752136,-2.8239152,3.396813,9.728583,5.387886,9.161523,2.787964,14.555899,1.9902118,6.8036013,4.5645103,-4.826069,3.3049052,-1.58568,8.084884,0.35078418,5.877982,-6.6732807,4.09926,-5.0352087,1.7695981,-10.235541,2.8770425,-0.6287363,4.587014,0.6917584,2.5519977,-178.88344,54.738705,114.375145,20.626123,-13.012174,9.318862,32.105495,4.518097,7.489399,6.5189185,13.71801,7.8729815,3.13824,15.353797,17.004854,9.914767,10.979571,4.085241,12.600551,5.8471913,6.147453,3.7476623,7.0864196,2.8932416,3.608957,3.0045025,3.7548943,5.7295136,-2.3108332,3.5054965,0.50112885,5.025692,-5.316484,3.361651,-0.8147023,3.705534,2.2153804,2.7295828,3.7506018,4.298028,0.05569278492647059,0.011167189284445524,0.15652293,0.1212266,Maret
-154.01822,66.60101,114.47227,13.730733,-9.538932,16.863754,32.923172,3.7267287,8.763663,10.818343,16.82707,5.432754,10.998321,5.608061,9.437098,14.937607,7.273203,3.2458444,11.07168,5.3814125,3.9114587,5.249696,10.368209,7.1071296,-0.2782486,6.2663274,1.5538539,3.8757493,-0.76296216,3.2569914,0.21823344,2.5673623,-1.0365678,3.2636204,1.2893983,7.4125733,2.7958581,4.4691195,1.54998,3.3967476,-20.587282,11.736479,139.50893,10.583194,-45.486225,11.350715,45.788197,6.9291153,-7.9125867,4.2050066,6.2504544,10.185522,-2.268712,14.475569,-8.447162,6.5321383,8.618604,4.781837,8.286339,4.0615444,16.73118,2.6553745,7.2004423,4.867899,-4.6328,5.7128444,1.1204442,7.4697213,1.2540238,7.7863483,-4.55471,4.360555,-3.2185342,2.8818276,-11.509058,3.737614,-1.9292808,3.2710562,2.2841034,2.1656032,-170.12599,41.774975,112.287796,16.285896,-8.570593,5.3952575,31.891375,5.6730866,10.256252,4.968229,16.902079,5.279354,6.253771,13.311347,17.04359,6.881414,9.922764,1.9175407,13.187611,4.422672,5.0295715,3.2799246,6.1239896,2.451531,1.5724053,2.8620439,2.2357683,5.5701065,-4.927035,3.3516293,1.2810099,2.9736772,-2.9427104,3.0176182,1.9987221,5.117336,1.7584373,3.0774324,4.368635,3.6665702,0.04532645089285714,0.01755310630985978,0.18120371,0.12869483,Maret
-153.34523,78.231895,118.32136,21.931105,-16.252743,16.6712,30.70884,5.9303527,1.5612838,12.476144,15.227374,3.7557943,9.422891,3.6172478,8.416156,13.650485,9.451751,4.2967196,8.065556,2.1298058,7.462177,8.239273,8.355905,4.700019,-0.73523736,6.355136,2.1833167,3.5287488,2.0095184,3.517815,4.2221155,5.220097,-3.3709915,2.4091794,-0.43708766,6.051212,0.49603984,4.8672695,2.2909777,1.8194385,-25.08855,15.003711,138.11737,17.765089,-45.46625,7.1114807,45.90487,5.955213,-14.645911,6.135391,3.949575,9.935833,-12.850592,13.881974,-4.066794,3.2476015,6.8616543,10.261888,0.84163374,4.1389093,22.204916,1.1430979,1.5982451,4.1642103,-5.617721,3.7523656,9.786844,8.684713,-4.315968,4.60177,-5.1805744,3.3064554,-2.0526946,4.4589987,-11.031588,0.9982288,1.0701094,2.6355138,-0.8581549,2.2265282,-210.98811,25.850086,109.81409,14.432776,-10.571452,5.566956,29.650978,6.5461264,14.270333,3.0900567,19.080172,3.4027343,12.684035,7.0472045,17.92023,6.344694,7.628427,5.3356547,12.188022,4.055382,3.9012277,3.4749494,5.1309037,2.560873,4.8977876,3.1583257,5.4558415,3.064237,0.3944339,3.0751708,-1.6169122,4.129249,-3.9265878,3.507757,2.465061,4.245517,2.8698394,3.6947489,4.854549,4.356673,0.04819623161764706,0.010055392929239704,0.16433184,0.12938713,Maret
-195.33006,44.371834,114.21906,21.645153,-12.436381,7.2739253,27.829031,6.238153,11.309752,6.540011,17.89196,6.2866807,9.864501,4.4965754,10.603735,11.658252,5.6486726,4.5914354,13.931614,2.9930968,4.3858128,3.417125,11.125682,3.4023907,2.8746006,3.965153,3.10197,2.5236695,2.2387474,3.736719,0.732512,5.096012,-0.44619498,1.5201185,1.5713773,2.7141013,3.1103523,5.978807,4.0858636,3.1188502,-39.904995,11.302786,142.17903,10.737115,-43.56842,12.539495,40.032406,9.018407,-8.565706,6.1967196,8.759216,10.419597,-4.5425267,12.735019,-9.91744,4.2984486,12.540279,8.502915,13.538724,4.2363954,19.576536,2.9995573,7.6335692,4.9893055,-4.490826,2.8740587,4.543453,8.3932705,2.4451597,6.21667,-3.5809536,3.8155906,-2.8312166,2.4771428,-9.598001,1.857202,-1.0462112,2.4411907,1.8935486,3.954925,-186.05992,56.85115,115.29883,17.95979,-13.157934,10.509232,30.242666,6.3335657,9.24427,8.427741,15.5584755,7.0744963,7.0912886,14.775836,16.055355,11.120205,9.340748,4.5418677,10.646995,4.6426063,8.408584,4.383507,8.204116,3.3309822,4.459565,2.7061446,6.139561,8.092298,-1.350092,3.7412367,1.1903441,4.129618,-2.3748586,3.1740859,2.2449787,4.5117226,2.3742204,2.7467275,2.2108917,3.782633,0.04637352195945946,0.015469363208079892,0.1571705,0.12234484,Maret
-169.37463,81.60353,115.89038,13.603019,-16.902645,16.72777,36.43162,8.435506,6.1994715,16.112383,19.376923,2.1818168,6.2215314,6.1472974,5.4124713,12.845656,10.002795,5.7600846,8.346234,4.549695,7.6152267,8.889238,4.6900244,6.2105403,2.209547,2.958826,0.69603294,2.9092863,0.5590268,4.27983,0.697004,3.0431044,-3.1133738,2.1782632,-1.2420323,4.9775257,0.46930456,5.218756,4.851298,1.693965,-40.442406,17.539753,138.45013,14.465319,-40.511246,12.9889965,50.161938,4.259056,-10.214245,5.97552,5.918502,8.907532,-10.188651,11.574244,-6.8628707,5.9773755,11.508201,6.8173637,4.396818,4.6854215,22.046076,1.3065448,1.6998323,6.8744335,-0.5737859,3.578645,4.804115,9.671962,-1.5965258,5.1673346,-4.335261,4.088969,-4.4434896,5.961542,-9.375836,3.1424518,-3.4370103,4.4078574,3.1137655,2.176867,-196.1982,51.628693,117.299095,16.709702,-5.0246205,9.707353,35.809883,6.0713634,14.647345,7.400657,18.52694,7.687631,5.217632,15.428488,17.624006,8.626949,13.587363,3.0469043,13.813786,5.061844,7.6581407,5.7621756,7.1933045,2.8302093,6.403656,2.4886754,8.014676,6.111351,-0.4386246,3.116623,2.6454775,2.1038742,-2.865766,2.1960964,1.9548447,4.224071,4.9710536,3.748281,6.5473666,2.9622064,0.039881552419354836,0.014253748536587786,0.16453235,0.104150824,Maret
-184.5989,56.304085,122.05462,27.907064,-8.032769,8.744642,28.463554,5.4836993,9.200821,10.642767,17.907814,3.5012572,9.765593,3.9039285,7.440054,12.73224,5.7643085,5.8706074,8.2582245,3.521025,3.1002133,4.7470145,7.9267936,4.8393936,-0.10097647,4.261374,-2.9217935,3.0753467,0.6569221,5.2800574,0.0737178,3.6669734,-4.250533,1.5874481,-1.7692878,3.7901201,0.056088395,5.2469993,4.462687,1.909027,-44.06572,3.7747326,130.78548,10.16383,-42.39255,3.973858,42.649094,6.011962,-9.781532,5.585227,12.72265,5.098937,-2.7909153,8.911748,-9.177731,6.6591797,13.481057,3.8230188,13.357659,1.3076422,15.791148,1.1570987,1.4752892,4.8169236,-9.64396,2.577516,-1.7001954,3.802967,6.5651965,3.8189917,-9.77874,2.6808052,-1.8622396,2.5796943,-10.640527,1.7153594,0.5511894,4.861521,-0.83948797,5.6028447,-90.70745,81.91059,134.48552,22.034689,-28.624655,22.426912,39.97366,16.059893,7.789298,10.81352,1.0294266,10.05062,-14.09288,17.882393,-1.5206884,10.9068985,3.6076458,4.3085413,9.099451,4.802487,10.066367,5.8769646,8.7722435,3.9073174,3.0359247,3.7989588,12.555211,3.4657252,-1.5827696,3.4994092,-9.579186,6.6719074,-6.3833523,3.9080575,-4.9090304,5.9183736,-3.4381864,5.890339,-2.0283983,4.864585,0.04969618055555555,0.011791864571959337,0.20709363,0.12555711,Maret
-149.43056,90.58267,124.74412,22.53811,-19.590168,16.878422,28.242746,4.756818,1.514658,11.932434,15.974242,4.487082,2.7112606,9.123941,6.144652,11.404452,9.686642,7.5927544,9.617255,6.29489,12.551061,7.0576463,6.403918,3.7083685,0.16421987,2.6151917,0.43328652,3.4758139,0.806201,4.858962,-0.9635045,8.272471,2.0949006,3.4228742,-1.4164535,9.291715,2.59497,2.6032841,2.7101176,2.4706037,-55.958767,65.261215,136.88518,10.464703,-34.064365,19.694904,37.368366,6.776535,-1.618392,10.929168,11.179981,9.218794,-19.81965,15.170323,-4.084474,7.384379,11.245265,6.4170365,6.168865,5.4756026,9.201522,3.7391999,7.2226624,6.3180842,3.275776,7.061249,8.6561575,7.2633314,0.24398525,4.859077,-13.724826,6.9328003,-0.6824054,5.75991,-5.2196717,3.7035632,1.2948316,6.346558,-1.2744704,1.6806445,-222.29378,10.067048,103.74698,4.456201,-8.934449,5.4733324,28.851908,3.1945174,11.712352,2.392889,18.684439,3.3549523,11.364532,2.8515153,17.650606,3.3258786,8.770253,1.6815884,10.980427,2.9957142,7.130348,3.5132494,10.22549,3.8565793,3.6755767,3.4019766,3.3354657,2.8656063,-1.6768672,3.0673165,4.86822,2.4369938,1.0195051,3.0269206,5.205155,3.1979933,5.9765863,2.8501554,4.9900413,3.1259234,0.04381334459459459,0.014090427766603703,0.15539274,0.13044448,Maret
-113.10917,80.47495,127.247986,14.933122,-25.365622,18.269173,35.62551,9.260769,1.1334349,13.719955,17.924995,3.8977861,3.8785973,5.882552,-2.8577878,14.331555,8.218019,7.3486757,7.3965397,5.1695957,13.289745,11.432063,4.6123886,5.3455887,-5.2954926,4.8809958,-0.87838393,3.4435012,3.9005756,4.6314077,-2.9802742,2.5280092,-1.585481,1.8028915,-4.095272,7.8562055,-1.9697205,6.852911,4.499493,3.444934,-72.66662,62.408745,138.70483,16.179882,-29.874582,12.369837,42.850292,6.971504,-1.7956319,11.555701,7.7282996,8.0257435,-18.370562,17.582281,-0.96413344,8.759645,10.077872,6.7792673,5.9506135,4.749914,16.582434,4.3310475,9.369615,5.2000213,-1.9691826,5.7750654,11.050181,5.965413,-1.0056467,3.1708713,-7.315206,3.9251812,-4.639519,4.4347014,-8.747272,4.6544347,0.07961923,3.9867673,-2.3121583,3.298157,-212.2157,9.687799,103.23266,2.011712,-9.124787,4.0276666,28.49882,2.0952287,12.007207,2.5008743,18.491875,1.6026523,9.330814,2.7091973,18.275663,2.263851,7.9274464,2.6827195,11.895564,3.892435,5.529199,2.5281518,7.2644143,3.0498533,5.278338,2.188689,5.824819,3.1858418,2.0898664,2.5135489,2.726302,2.6625595,-3.218297,3.3377945,2.491299,2.3371353,3.5835903,4.4070354,9.036767,2.6847415,0.045600043402777776,0.010044624168622309,0.17070879,0.12510915,Maret
-159.91367,82.434616,119.800705,22.091993,-18.62515,14.497527,25.818674,7.745655,4.3206763,13.12063,17.555265,2.463559,5.157731,9.221157,6.051934,15.150093,7.5577617,7.510611,8.967594,4.7956433,9.50768,7.1613083,10.210676,2.7193146,1.300295,4.508287,1.3793403,2.801718,1.0186112,3.0261028,-2.4901614,7.8801327,-0.63113844,3.4886422,-1.6488208,7.368418,3.8989158,4.479997,4.638023,2.7686505,-43.86514,39.91638,140.30612,12.15364,-39.03783,16.209152,37.15113,4.766077,-8.441675,8.77973,10.221915,8.794709,-19.925356,10.473811,-7.942546,4.807444,13.10494,10.089849,6.8438263,5.785782,7.4309444,5.158576,6.523406,4.23959,1.8375518,8.779275,4.589993,4.8561068,0.15950431,3.6496272,-14.6669855,5.7825904,1.5140495,6.1923146,-7.755028,3.5507534,0.70511377,7.326613,1.1844469,2.0352077,-208.96666,3.010394,104.79588,7.6284113,-6.000183,3.9702623,32.403923,3.8008845,12.537589,4.3505726,19.421087,5.0048847,13.87982,5.067721,19.868456,4.2048326,11.377846,3.1039898,13.551611,2.8310497,5.403712,3.0709126,9.50582,3.0310366,4.731216,2.7671149,5.1661034,3.5366678,-1.4945418,3.7020538,4.0313473,3.4060714,0.62923676,3.4954896,6.9170923,4.5571594,8.093613,3.0955336,4.3174615,2.8634238,0.04390869140625,0.011704187882239963,0.17069367,0.12836397,Maret
-134.45161,89.9784,127.497154,20.33045,-19.177443,19.118868,26.915953,7.1196737,2.57186,10.979495,19.711285,3.8138378,2.9575377,13.843868,3.551247,14.499669,9.365968,10.653077,7.0743027,9.330055,10.886389,5.952117,4.985011,3.4397247,0.27668107,4.0627775,0.39574286,2.8286343,-0.83174556,2.7470574,-4.299335,10.883834,1.5577251,3.747139,-3.7271166,10.586877,4.6031146,4.594041,2.2204132,1.6293758,-78.959625,74.22118,139.07509,18.429178,-35.982353,17.155483,38.181618,8.190287,-0.19508597,8.270479,5.9299273,10.488249,-14.807859,14.347193,0.093847126,8.777708,7.770941,6.141149,7.4799113,4.423074,6.465746,4.4882593,8.988669,6.2784553,4.8626785,1.8969479,7.3965077,6.3511004,-0.68844265,2.3399932,-13.928462,7.2610073,3.0832179,4.4931836,-5.236621,6.8066497,2.775658,6.4955244,-0.18570584,3.4698863,-224.14857,5.9709506,101.474815,3.5244448,-12.084943,2.293684,27.614767,3.1508148,11.971292,1.4316388,19.126009,1.9335998,14.971022,2.6485786,19.873226,2.8417764,11.7500305,2.2088306,13.523383,3.8027146,8.586556,1.9183635,8.552097,1.9622369,2.7590458,2.1661186,2.3990314,2.4586473,0.2322453,2.4560013,4.667695,2.0564642,0.037106615,2.810036,6.395053,2.0613623,5.721354,1.3967016,5.2706866,2.1822615,0.04224853515625,0.011709075749210164,0.1580054,0.123668425,Maret
-106.61585,82.08683,125.343895,14.692416,-20.730537,15.311795,34.84513,8.6092205,-8.068376,12.678272,24.474543,6.678827,-1.4471078,8.679589,-0.50420415,12.253248,13.560572,11.325388,6.4850125,4.086416,13.400809,6.169005,7.3286138,3.5817108,-2.802799,3.0129828,-0.00529027,2.420597,4.3508263,3.6165187,-5.2798586,8.433254,-0.018961072,4.4150095,-2.5697973,7.9378366,1.3673886,4.6573334,5.6047235,3.68191,-49.069008,54.839203,138.24263,12.659183,-37.06688,15.931127,46.44035,5.0641375,-10.528665,11.828283,9.660163,12.690849,-17.59249,10.962897,-10.150112,7.5768056,10.571973,10.108028,9.625474,3.2386708,5.650276,3.4814382,9.394525,3.657851,3.3608475,5.5322657,5.4021673,5.005873,-1.7425851,3.1002603,-13.844004,5.62087,-1.1553394,4.1733527,-2.9376075,4.1327667,-0.4094801,5.509921,1.3794647,2.9106038,-206.40913,4.878841,105.2609,3.881935,-7.8577914,2.7222111,31.432684,2.486047,9.53442,3.7095757,17.047583,3.6544032,10.33034,2.950764,17.571592,2.8688745,6.028328,3.9972692,9.408195,2.8609989,3.6808767,2.6233454,8.021878,2.2179952,1.3646332,2.5113173,-1.874536,2.411659,-3.68711,2.5946724,-0.6204336,3.4886265,-1.872326,4.1319656,6.9374747,2.2998097,5.287075,3.8743546,3.029616,2.8251853,0.04752125459558824,0.012762368304856324,0.17184836,0.12909666,Maret
-141.21819,81.97886,126.14188,17.538536,-14.478286,16.371866,34.62282,7.874725,4.9477277,16.946753,23.35491,4.8434095,6.6792064,11.95774,6.6027026,12.553797,9.405712,8.212971,9.051235,4.359188,9.945888,5.8787208,9.268461,3.7750127,-2.7108185,3.1336803,-1.1787778,2.197989,-1.327138,3.4477832,-3.8994935,7.1337376,-0.5341365,3.2618372,-4.632465,6.093377,1.3006569,4.755842,2.6039944,3.00577,-59.96892,64.57635,137.44316,12.939182,-29.263144,18.30664,42.20402,5.5546656,-8.858655,12.113973,10.455899,10.440249,-15.6651535,13.249945,-0.52749157,8.481091,8.750079,6.609564,9.591899,4.7055607,7.1729217,4.3150396,7.5496125,4.8214726,0.31378946,5.4907327,5.202577,4.9718943,-3.6929462,3.541544,-12.6595335,6.42438,0.73136026,4.3889546,-8.074015,6.2958426,1.4718761,5.579569,-0.4835401,1.6137301,-204.49146,3.4764726,110.64639,4.162512,-4.3963785,3.2790833,32.17728,3.8219585,15.4148245,4.1102943,19.815035,1.5802605,17.167583,2.9864337,23.537798,3.2973745,11.148839,2.0155008,11.124205,2.9782205,4.4270387,2.4703534,7.859126,4.240442,2.9849994,2.3139884,-1.2367384,1.5587867,-4.62074,1.5245752,-1.6213651,3.980481,-3.9808428,4.378096,3.471116,3.569488,3.2205212,2.2062998,-0.2706366,3.8217618,0.044737119932432436,0.014170096475080796,0.15770736,0.11948089,Maret
-76.55186,46.55866,105.90044,21.49059,-9.464432,13.344313,77.850105,17.844362,-5.7353873,18.20103,-5.149749,8.615317,5.000369,11.764302,-2.613566,5.3601594,-6.063434,5.7864966,-24.412842,2.3086267,32.851856,8.350231,1.801408,3.3486297,-1.3836535,7.978908,6.265771,6.854219,1.5530728,4.245904,-4.642802,1.4002538,-1.7964823,6.802886,-10.611017,3.7969973,-11.64583,3.5609958,-1.0884274,5.1943765,-87.437836,9.695827,76.17122,2.9170122,22.799887,12.855261,96.27577,8.478959,-28.729856,3.8842607,6.598356,7.990923,16.855282,2.2772202,-8.400654,6.100672,-9.72268,7.4540715,-24.62918,2.321728,39.751152,4.4122567,-7.613268,3.8352795,4.333002,4.0631495,6.6415486,2.4104228,-0.83956957,6.156644,0.22858393,3.238606,-0.4972644,6.131441,-2.8785954,2.8219545,-15.575988,5.7394624,-4.9467564,5.611157,-208.96858,76.34666,75.34028,5.9588723,31.443275,9.526849,61.217598,26.475063,-4.945922,20.39721,22.369884,4.689001,11.527115,4.7991457,6.935809,18.120258,7.216078,11.119444,-8.55537,16.10895,12.7559595,10.866812,0.2651401,5.2602468,3.3060396,3.4194942,8.317057,3.177931,-1.806743,5.2375183,4.872306,3.7074132,2.3441157,2.9544923,-2.8887546,3.2508624,-10.0257,10.411349,1.642851,2.5223956,0.06298828125,0.020266907215363963,0.23558687,0.12179341,Mei
-73.516174,36.061584,104.97698,17.981419,-9.973199,9.460849,86.137695,14.094686,-10.9438925,11.391625,-10.739051,4.3848524,0.9675398,7.9355407,5.4240575,3.641385,-14.123751,3.0405343,-24.416868,1.5993358,31.325785,7.4254384,3.1029875,4.211356,-1.4418992,4.021744,3.8188338,2.4183457,0.27756637,1.7893114,-1.4859089,1.030729,-11.384459,3.1401079,-12.756328,3.389297,-10.500946,3.830558,-2.518606,2.2237916,-112.65022,12.536959,89.810585,6.9523425,16.815037,13.759527,91.44518,10.752875,-15.911289,4.073009,3.1476412,10.843942,19.864393,5.5825195,-10.17205,3.8777366,-14.071349,3.6457403,-21.708302,3.4556634,29.105104,3.999376,-0.66516995,2.2559223,-2.058999,4.437492,14.348777,3.709749,-2.3564045,1.805303,0.20864022,4.282233,-4.51511,6.3953133,-9.049896,2.1636157,-7.749961,3.4348097,-5.6700373,2.8607528,-235.09976,65.38495,80.78213,10.497542,30.369328,3.6767986,57.58747,21.416548,7.9293633,19.955017,14.94634,4.705944,14.602198,3.1971555,5.919545,14.4638815,3.5709019,10.858055,0.9012823,13.024817,8.979131,9.652922,5.498464,3.6147926,2.683479,1.4888234,7.445058,6.849359,-2.1692886,5.0011067,3.9496236,3.5082316,1.6789243,2.199528,-3.8892474,3.678125,-3.29202,7.8634167,0.95301837,5.503754,0.06182391826923077,0.02356862364004448,0.2077652,0.12387579,Mei
-110.449394,71.259476,100.76342,10.231746,-6.3627696,13.567271,91.64274,21.197363,-2.7454426,12.328302,-1.6102493,7.4142976,7.5855308,9.802223,2.2246222,10.431523,-3.528498,8.320872,-10.744513,10.256117,23.06206,9.218894,10.168415,3.221553,-0.30370107,3.8936894,8.241244,5.81643,1.5004687,1.1793339,0.5263213,3.676893,-8.394308,6.0972595,-5.502703,4.9290595,-6.320539,5.691931,-0.57951444,5.2407656,-106.08334,5.2227964,96.26586,5.09713,12.912029,9.414466,88.67535,11.7133,-19.643814,5.2891307,10.785076,4.36699,18.932198,4.6500897,-11.780043,5.392459,-7.6045957,2.4175034,-14.004284,2.0412958,24.607283,2.722372,-2.1650789,5.379185,1.0125471,5.6392,10.457819,3.8838289,-0.6372173,2.4816747,0.020907296,4.610046,-2.2707713,5.4775877,-1.9687808,4.1647778,-7.3403454,2.812265,-6.535984,3.6003346,-235.33571,45.995525,96.83088,11.070563,24.00689,4.591853,46.82858,17.602774,11.222726,13.474954,17.40562,6.4134817,14.486508,3.8723888,8.000726,12.693223,10.769963,9.417913,6.919125,11.463404,6.4317765,6.589235,10.3786545,3.087263,4.407011,4.4758434,5.879079,4.3204346,4.3027024,3.0756583,7.674528,3.0737016,2.0668125,1.910171,-2.1916633,4.530536,-2.309522,4.2899475,3.160476,5.726794,0.04800309806034483,0.02593431576002564,0.19429094,0.106895864,Mei
-137.75833,85.321434,107.26195,12.639451,3.548151,13.144312,71.43752,24.090302,4.6626825,10.985661,0.11104627,10.06312,7.961081,9.873235,10.710601,6.72349,2.9780593,11.178035,-10.366297,14.801567,18.868332,12.998189,6.296249,2.736857,1.480954,3.8393912,5.4827676,3.6052632,5.6110353,4.784447,1.0687865,4.271235,-3.5978196,9.299644,-2.13894,8.551327,-5.952666,5.9975853,-0.49127692,2.517965,-97.780685,9.507478,98.5219,8.861469,16.38169,10.069557,89.23259,7.3732023,-17.535873,3.4457083,6.192066,9.355309,21.21288,7.2788396,-6.910178,12.200956,-9.677752,5.5955443,-19.131622,2.737825,30.15685,3.248625,-0.5782543,2.2610495,0.3281386,2.9160087,10.819925,2.831962,2.589015,2.5608237,0.9715441,1.5434374,-4.1286316,6.1131787,-3.0471733,2.1069207,-5.3749156,2.7362123,-5.4369745,3.0078928,-236.40541,53.90758,88.32119,14.86275,29.964447,7.9659743,52.45474,15.94475,4.899512,13.2723055,17.11534,5.5434113,13.150495,4.5066524,10.659436,13.93015,9.665162,7.323218,5.5022163,11.493684,9.471271,8.983902,4.190329,1.8919706,3.6289022,2.9864225,7.7362876,4.456146,2.6783617,3.4778547,8.569552,5.40964,3.903909,3.7580435,0.94990903,4.441275,-1.7275667,6.0948534,0.7985942,4.477886,0.045440673828125,0.019184831251941273,0.1919299,0.115770824,Mei
-163.03864,84.19867,97.98174,18.241358,13.391916,15.094116,71.66578,22.686642,9.433,14.801941,2.8730574,12.197838,11.260951,9.504122,10.401648,8.637429,0.058696315,10.124229,-4.13567,16.256447,18.184084,13.687895,9.0779505,9.177599,-2.6757796,2.8133683,5.353832,4.8705606,2.54182,2.1473696,1.3870068,7.8431,-2.9381902,7.230799,-4.0463405,5.185855,-3.3569221,4.81958,3.0847573,5.276557,-94.44145,9.764553,99.66636,6.8520927,13.940085,12.638803,91.799065,4.264923,-13.94275,4.312435,-1.000629,8.099076,19.926043,7.1496167,-5.209665,8.621974,-11.51376,4.8554087,-17.097502,3.8245287,28.76254,4.1533046,3.039171,3.1747253,-2.80623,4.443211,10.791981,2.5245068,1.9833375,2.6638212,1.1600035,2.601785,-2.2794352,7.6597986,-5.7118816,1.3173579,-7.2608433,2.8047278,-8.091841,2.521591,-218.97646,34.621277,85.64624,12.794614,29.088135,6.989274,57.140236,13.722951,8.761478,10.028168,17.082888,5.3585973,13.563302,5.557761,14.74553,12.526035,9.452125,8.1505995,5.666438,11.350846,12.409274,4.551655,5.0715427,2.1146019,1.0050238,2.29607,8.161071,5.953712,1.1100991,3.1795583,9.244222,3.5678363,3.5498648,3.7976525,3.6000135,4.6101446,0.97609407,6.7300506,1.4686198,4.93287,0.04372336647727273,0.021058829985085774,0.20871593,0.10973752,Mei
-180.02205,79.918846,108.04533,16.09513,12.519773,17.848701,61.96229,20.062214,12.606362,15.064597,2.989069,10.469597,11.516617,7.9219027,13.363403,6.9809413,1.2460043,12.042124,-1.1900866,11.699443,14.288051,11.084948,10.22589,6.107634,1.1868997,2.5539162,6.197095,2.8427148,1.8510973,1.8833847,3.758257,6.364863,-0.7988186,5.5445137,-0.3947884,4.9648147,-5.4206705,5.8584957,1.1587498,1.943272,-95.77635,13.174083,103.23248,2.7803404,14.54114,16.741898,97.37909,7.9044404,-15.463491,3.5421603,-3.1961415,10.365024,20.111479,4.14068,-0.25073385,8.191302,-12.846407,3.6066742,-14.224876,2.4964607,32.700485,2.0984359,7.2863555,6.4772134,-3.6266913,3.6098197,8.383619,3.481972,2.475389,3.496381,-0.49354774,3.1692092,-2.7223244,4.0260787,-5.309814,3.1520095,-7.285659,2.7924979,-4.173458,3.8948052,-195.95422,59.371628,102.34928,7.8761625,33.060043,6.3471894,62.97888,26.725122,2.4558935,16.695042,12.604394,6.1263757,18.095793,4.9449334,7.7969227,15.43533,6.051735,11.135741,2.373913,15.056843,14.186036,9.428267,8.743543,4.0979724,3.0520961,2.9163573,6.970576,2.8056335,1.4150891,4.1137714,3.7347815,2.9461634,2.1816006,3.5791705,2.0911195,4.113957,-0.63642955,7.039266,-0.53503376,6.522374,0.03741455078125,0.024539700528667153,0.22260645,0.09482204,Mei
-192.60185,65.02878,114.086105,10.913547,12.3399515,13.043,46.63225,17.159746,7.57513,8.07498,1.2764702,10.6065855,6.1378374,3.8725846,14.590057,4.2848377,8.232779,10.32348,5.3523746,10.647681,9.312804,6.891985,9.310063,2.1603885,0.5894099,3.5032928,-1.9172635,4.596933,-0.8348246,3.7496052,1.9274272,4.268551,-3.3111029,3.9098725,-0.38662443,7.9727263,1.3688239,8.59627,5.599851,5.9099946,-90.34492,14.089339,103.05728,6.717304,6.706543,14.24917,95.881584,4.4324203,-15.367917,6.174393,-0.7702301,6.909395,18.336052,8.071608,0.019739194,3.5409849,-10.65953,1.9667734,-16.466103,2.9898157,29.500427,2.6326416,8.113051,4.302889,0.43229064,3.7280078,6.9965425,2.2232904,0.39161956,1.3275998,-2.5998306,3.4241648,-2.3489792,5.9582634,-7.1171956,3.8422158,-5.58707,2.8151436,-7.370545,3.257403,-197.83473,51.510216,104.388306,9.669963,24.311762,5.1670666,60.230396,26.301716,2.1700552,12.567032,16.220655,6.6802034,18.060534,5.4162273,15.477334,15.18264,10.060385,11.096327,2.4749599,11.454297,13.337905,9.773061,6.8199735,4.4595037,4.9973006,4.692865,10.356412,6.005622,0.21619914,1.654205,3.450286,4.1012745,-0.28563583,4.824418,-2.4322436,3.2489972,0.6593569,3.6422446,2.8873966,6.3535476,0.03583122702205882,0.019768213930808385,0.18937092,0.11066111,Mei
-193.65968,51.417736,112.3313,14.038944,10.266914,6.1634536,46.0954,11.331067,8.515037,5.3519936,8.280009,11.582751,16.82895,5.8499146,20.10566,8.092305,3.8666778,8.925086,4.2181516,7.608611,4.977902,5.021034,6.507654,4.7870874,-0.91908437,3.8054185,-2.6721637,3.1734772,-3.752038,3.6903367,1.0389353,2.6899316,-4.2881055,3.4663162,-2.5802736,5.2792306,-0.85312027,4.5943313,3.419005,3.402346,-66.0722,10.695182,107.2851,4.8944583,-1.4010013,12.029952,89.45606,11.023915,-18.873486,4.2632103,-4.447482,6.494181,17.883354,4.3867464,3.054796,4.15133,-14.930514,4.802428,-10.964185,3.1150413,26.058044,3.1867805,3.5416772,2.896406,-0.17202723,4.6148725,0.124295235,3.9589329,4.421598,3.018209,0.13581945,1.5103056,-9.553212,6.5576844,-7.9416075,3.4943762,-8.519799,2.215594,-10.015322,3.089987,-173.63818,50.153748,106.91834,8.248807,19.528128,4.786855,62.152237,21.370127,-1.5223097,15.500992,11.235713,4.2827244,15.923003,5.468949,10.047511,12.27284,6.067226,11.013994,3.4463987,11.437646,3.840933,5.8689613,1.874395,3.0433812,-4.1961374,2.7934117,3.5578902,4.203689,0.19426103,2.6938715,-0.5970531,4.3709545,-1.9751498,4.0471873,-1.9346021,3.7821238,-4.098783,3.3996558,-3.7496567,5.4878345,0.051772173713235295,0.02193064473753009,0.17906363,0.11701199,Mei
-173.3744,82.783615,109.000465,15.312535,7.2207522,13.465358,53.53269,11.5711355,6.43813,12.997172,6.324019,8.9857,6.9311996,8.31325,15.726959,6.8969173,1.0431046,13.081674,-0.769533,13.631727,14.427005,13.348979,4.280736,3.074711,-0.66655916,4.56509,3.3737664,4.185761,0.76038724,2.906156,3.6602366,4.5054693,-3.4446197,5.5881505,-5.3302917,7.511475,-2.6748488,7.149372,3.4025466,3.952041,-73.216995,20.801422,97.8831,4.155757,0.81502604,13.422172,94.49405,7.66153,-24.846003,5.834481,1.3769898,4.7197084,11.893426,5.3146725,1.0279804,9.369435,-18.813295,2.4585235,-16.920055,1.3670601,34.345448,4.6820536,-0.71511495,2.7427049,1.1297795,1.8127269,6.5461903,1.7966362,1.6848679,4.8833003,-0.8923645,2.2464604,-8.15692,5.70876,-6.832704,2.063105,-8.079563,2.5782228,-8.026775,3.7871954,-208.2868,49.600655,100.81661,5.2312517,20.42829,7.206008,58.74858,15.191829,5.077336,16.406507,15.387828,4.0992975,13.133488,4.019273,7.7989445,14.57434,5.5207295,11.196678,-0.06661073,10.889319,7.1101837,9.407338,0.738929,3.294373,1.3782071,3.14879,7.984081,4.866132,-2.0064375,3.207801,3.2869272,2.4562223,-0.837748,3.3015935,-1.6178765,2.425057,-1.5228328,3.4712713,-0.37295404,4.113433,0.05191578584558824,0.024892125646394574,0.17444806,0.123515524,Mei
-121.21179,86.438644,108.65904,11.091441,0.46262428,17.193045,66.85458,18.531816,1.3181555,15.203906,-3.1254053,9.133333,8.714152,6.891546,3.0080905,7.060246,-4.640374,6.935834,-10.488197,10.414307,20.470415,10.089807,3.4530172,6.2509294,1.9734565,5.100407,3.8643253,4.905375,3.9330847,1.7502646,-0.029879464,3.2451174,-6.0747814,7.0110917,-4.439077,2.7620664,-9.502359,2.8377588,-1.0159234,1.8239205,-105.41141,16.86706,94.35501,4.029642,16.6061,11.730678,94.959145,3.121317,-20.81487,8.441087,2.5909853,7.3529096,18.656769,4.2165804,-9.330193,7.374327,-17.467787,3.6399899,-17.95897,3.8303995,28.384928,2.505816,3.1014183,2.9994538,-1.1936722,3.052396,7.2376766,3.3121867,0.8970995,1.7371478,-1.9203761,2.5009398,-5.4645123,6.452869,-3.3652499,2.7412856,-8.522773,2.6967611,-7.27595,2.1586304,-243.25635,63.254265,78.98884,12.4721985,31.063564,4.0575466,52.164062,20.137798,2.1409864,15.123325,11.305754,5.191655,16.3707,5.014145,9.984247,15.406066,9.504221,10.632073,2.3647318,11.823834,5.8993316,5.178485,7.924704,3.3320453,-0.7235259,3.5019047,7.0721803,3.709454,0.6229281,2.7691238,2.9904747,3.1622083,0.3814227,3.3833463,-2.4611824,3.875058,-5.1276846,7.101256,-0.30850235,5.2904043,0.0570068359375,0.019194672906629854,0.1900524,0.12128026,Mei
-93.8826,52.737534,109.60689,16.131525,-7.7735195,10.868359,83.13513,18.209526,-7.878874,22.634186,-6.2943745,6.789602,0.01524565,8.395769,5.1646905,1.6350417,-9.486774,2.1327593,-19.558493,6.3920126,26.420992,6.694101,9.695603,3.8917563,-0.820863,6.420239,4.3201575,3.7218144,2.0248516,2.3411293,-2.2081234,4.8719997,-7.7475915,4.1433225,-11.630273,4.7813544,-10.1818905,3.2196517,0.7206655,2.5692928,-104.60979,14.953653,98.95176,4.63955,18.411743,12.828331,96.91571,6.643631,-18.348993,2.270513,0.24506095,6.007718,14.007549,7.3296022,-7.386133,6.409833,-13.172463,3.6022677,-26.068378,4.3708887,31.838308,5.1003275,5.529569,3.1064258,-1.6525375,1.7148719,8.776235,4.4238625,1.8943552,1.8391618,-1.1161772,1.8717351,-3.7190409,5.185327,-3.8696845,3.0974352,-7.6699924,2.0159707,-6.0430326,2.1435168,-265.4245,34.219208,83.59237,14.237987,32.07089,11.128434,49.62502,15.5027075,12.379707,9.774414,15.684061,7.313236,11.27777,4.7720094,15.818082,8.970054,9.487013,11.789291,3.9521224,11.857161,13.240544,9.381958,8.908344,2.8417037,1.3953693,5.748647,11.891358,6.2199903,4.43295,2.7951484,10.246418,7.6618886,4.476095,2.9498959,0.86540735,2.207406,-1.3773583,4.1403966,-1.1650832,3.9003181,0.04718889508928571,0.026620514381728966,0.20643191,0.11053746,Mei
-170.25587,108.88004,96.86248,22.859028,8.6615505,19.407507,66.08787,26.075739,10.93668,17.345903,-0.4157359,17.506136,7.941251,10.954465,9.052787,9.640969,-2.1886556,13.227059,-7.434014,18.109121,22.727308,10.805402,8.932245,3.5658028,3.582523,4.0033016,6.185404,4.6198072,1.4330478,3.2681234,0.6301313,3.5320208,-2.5690272,6.0656037,-5.619574,8.061945,-4.546843,6.7041163,1.1297973,4.724264,-108.264725,18.795456,93.588425,12.528969,26.926638,18.253796,89.624725,9.023387,-18.293928,4.6909394,7.7042828,9.481324,18.691452,3.2144227,-10.518659,8.046481,-10.482902,9.488908,-22.959532,2.6378672,31.150225,6.9198236,-1.490261,7.570038,3.1014776,5.508627,11.096131,3.4009817,-1.7507476,3.2497761,-0.6448764,2.5902126,1.3440572,6.3227935,-3.4087336,2.3181603,-13.514651,6.3009863,-2.653141,4.217514,-262.24435,19.384804,85.855675,13.189146,31.46813,10.997214,41.730343,11.335026,11.233617,5.445197,16.439232,5.586452,16.980509,5.0188923,20.796408,8.196753,8.493234,7.3464704,6.690281,7.158891,8.606735,2.8234818,8.476127,2.565394,4.0420284,4.1015005,13.726443,3.8961446,9.456058,5.396914,5.7052803,6.5671535,3.541647,1.2042909,3.4208167,2.3621383,-1.3126367,4.1491146,1.5737504,4.0279336,0.04345703125,0.021452364814985223,0.18129905,0.118506484,Mei
-252.28545,84.8239,102.39776,24.941393,29.360493,19.921822,48.45924,13.924429,24.901863,12.453513,12.307903,13.774588,7.828591,10.3489275,14.577807,9.753574,5.832054,7.529984,1.8355803,11.489895,12.188392,7.5503826,12.18581,3.1613672,1.5065621,6.0128183,7.5619063,3.1593003,3.29292,2.6364923,6.1174517,6.064745,3.1491477,2.9160392,-1.093622,7.5370126,-1.4471246,8.1642885,3.545388,3.2335854,-89.889275,12.238583,101.1435,5.70131,4.0164304,13.39052,97.24776,5.5867405,-19.942623,6.979243,-2.868846,8.812639,13.127239,6.107404,-2.3027194,8.538655,-12.057235,5.0333476,-21.496845,3.946924,30.76001,1.9995661,7.101876,3.3204792,1.3756195,1.03898,8.841579,3.941306,0.102716915,3.3639572,-2.548232,2.4697313,-6.7914014,2.9098678,-5.6251597,2.1770744,-8.153843,1.9642605,-0.4796624,5.1861815,-199.42114,78.902534,92.007774,7.3010964,28.560492,8.812649,61.5687,26.813107,-9.101574,20.400309,11.318005,7.5904984,15.923081,7.050039,2.9358022,18.09725,1.0949028,13.810843,-10.359469,18.167683,17.620064,8.306459,8.519408,4.0628633,-0.30265245,6.413489,9.6207695,5.181004,-1.3947512,2.6346135,2.6043198,6.106171,4.0687647,3.6050062,-0.12808895,2.0145216,-4.195508,6.8997564,-2.5769296,8.879005,0.045380563446969696,0.025497656077546286,0.18640828,0.12125196,Mei
-247.25441,76.96598,94.44277,18.650484,20.244383,15.163097,41.538975,19.516247,19.201504,7.4985785,13.707772,9.121127,14.236572,14.258223,19.485023,11.249623,7.3588076,9.528093,3.2233171,12.974154,7.6567397,8.753684,5.8076024,1.3893354,2.3512797,4.8418865,10.444624,2.6529834,5.260606,2.8553598,5.8814864,5.267774,1.6772971,4.1443143,-1.627887,8.074298,-3.3345296,4.7022667,3.8307023,3.8718524,-97.65161,21.019966,95.33253,4.4979205,6.844098,11.987381,95.30502,4.87941,-14.981523,9.581311,-1.2334424,5.6841707,9.434362,8.363614,-3.111657,4.5694566,-18.128513,5.7620416,-21.130676,2.4505837,32.445736,2.4545083,3.2421129,3.8239803,2.1698854,3.08812,6.582082,3.411617,1.7024734,2.290873,0.08808007,2.4417655,-6.3135314,3.9975991,-6.7996264,3.6550949,-6.1920695,4.7689843,-6.91867,3.746723,-216.02998,76.46798,86.36725,11.370633,33.98177,5.5714283,65.37878,23.825958,-4.1151237,19.925732,15.498025,9.170499,21.40133,8.219062,7.582662,18.746305,0.6131212,10.969682,-2.2343547,14.076196,15.525369,10.168157,8.41643,2.8860185,3.1111991,5.93896,9.523753,5.846966,-0.5265975,4.100125,2.4484382,3.0976486,3.5499356,5.5252953,1.8606466,3.602474,-5.605595,5.7128534,-3.5051014,6.0506353,0.046630859375,0.019904750340890277,0.16830176,0.1207502,Mei
-218.57709,90.710915,96.929756,20.549217,15.784345,19.006853,46.12831,17.887444,18.03522,13.014749,15.481994,16.149183,10.342605,11.506232,13.265351,8.5204,6.031778,9.550575,1.908728,16.014484,8.074108,7.932679,5.460058,4.051015,1.2302061,3.9691944,8.736239,3.2588825,4.4742284,2.8415658,2.552474,3.521653,-0.99585116,4.733507,-5.254257,7.526825,-5.3583236,6.9343576,0.37466776,3.4944522,-91.60948,14.892424,107.19229,4.333743,1.1988616,13.467471,95.56733,4.2674546,-13.954077,6.705103,-6.4547668,5.8161654,8.522508,9.46303,-0.30587932,4.270237,-14.305613,4.2442207,-25.424366,2.7571864,28.952654,3.7314332,8.001891,3.7401943,-0.9072139,1.1413784,5.129588,1.8752557,-1.45836,2.0471318,0.75624317,1.7165525,-9.230809,3.7607558,-11.330483,2.4241204,-7.5660586,3.4774215,-6.729733,4.1343484,-226.34499,86.80968,91.68235,13.445434,28.286785,8.002277,56.419735,27.02691,-0.90507543,24.681854,10.087355,13.698424,25.273531,3.0090425,8.511404,19.14867,1.3289771,15.144224,-3.1768456,15.347805,9.562376,11.4970045,6.5106997,2.692465,3.6527946,4.690833,11.480648,3.826338,4.405495,2.1103206,3.4787576,4.3465776,0.3754318,2.936046,-3.9116187,1.9635766,-3.3183763,3.0872982,-1.2099122,8.518346,0.04967151988636364,0.02311664874996509,0.17908935,0.12762696,Mei
-137.73804,106.18401,100.04572,17.973526,0.5029928,21.693262,61.023994,18.404766,5.097547,21.979607,-0.35737333,9.317283,1.0004857,8.376114,14.219394,5.1353917,-0.9269465,7.541479,-12.505838,14.794849,24.129475,12.353945,5.4048653,2.5622892,0.6437828,6.6756034,6.217848,2.6675918,2.8645093,3.2186327,4.313196,3.7586067,-4.7223296,7.043795,-6.206876,5.604278,-9.149964,6.057243,0.9864502,3.341223,-73.566025,15.26238,101.55455,2.9597626,7.3702116,14.011873,88.29527,5.2364388,-20.613846,3.7532208,3.3020797,11.146851,13.637068,7.302692,-0.08595896,10.527898,-11.076487,2.123339,-19.748575,3.349042,28.564901,5.1260247,2.2549481,3.2978067,2.3302388,1.1698691,6.7289495,2.174101,3.0025628,3.1152365,3.8980422,3.2381024,-7.376132,6.1492147,-3.5665321,3.104713,-8.469986,1.672587,-6.4603753,2.2781105,-235.39832,53.50622,85.15079,16.92952,32.113647,5.720064,50.7317,13.992562,9.163616,15.664624,17.70832,3.4758463,10.903503,6.4137373,11.447527,14.3853445,10.369169,8.117367,2.7480433,9.773288,5.798041,5.6405916,3.766664,4.4778147,-0.3256657,3.8309803,6.5409546,4.357701,2.2444437,5.5398545,5.45749,2.9034307,3.0257194,1.6056106,1.3044119,4.5609245,-1.7327048,3.5386941,-4.747982,6.444202,0.054215494791666666,0.020599637605098753,0.19403082,0.12871516,Mei
-233.69891,83.66062,96.38793,16.369345,24.101068,20.488125,47.562805,17.160013,21.629997,8.027696,15.425397,10.973836,7.371121,10.317705,15.035523,8.624687,6.9305205,9.569102,-0.061961334,10.753542,6.901371,10.480932,6.2020392,2.3159971,-0.08835244,4.7817173,2.9166424,4.7421885,-1.681591,1.7899376,6.3791637,3.6624677,3.1083822,4.1657467,-0.24934363,6.953773,-4.6678486,8.202379,2.7406585,2.4028678,-90.690674,18.606087,101.680695,6.7410955,2.4957554,14.735628,101.30994,9.825521,-9.557021,5.0392756,-11.547603,5.1672735,11.038715,8.139112,0.2141165,6.7781343,-14.69334,3.8819811,-24.359865,2.6283197,31.289406,3.0253408,8.411284,2.3282533,-0.78322846,4.1221924,9.353946,2.146518,1.9937195,3.691571,0.4848859,1.6455016,-9.465114,3.7383327,-9.117498,1.6091212,-3.610501,2.7226977,-2.3591378,2.4220974,-223.24942,70.68636,96.012245,6.489874,31.989798,6.7669945,49.860447,23.988747,7.296929,17.391424,12.7102375,7.3164525,15.471299,6.5233397,14.089259,16.7335,6.59637,11.369433,-0.1988116,10.744379,7.331783,11.224267,5.0666265,2.9832735,6.537734,3.156042,11.772412,4.4599233,3.9691017,5.811029,6.3298573,3.5569456,-2.3911853,3.9277556,-5.3661485,3.5761871,-3.0936878,5.7599874,0.6922623,6.404978,0.04846833881578947,0.021414372550854464,0.17054103,0.12914047,Mei
-184.7518,102.5315,110.12816,20.170668,10.914274,27.095755,56.750816,20.327595,17.21737,14.30695,2.6649122,17.948187,7.708163,8.4887,14.576784,5.8521304,3.1911492,8.199367,-5.0265102,14.683044,13.823806,13.67578,11.214568,4.282608,2.180649,5.3602715,4.1135077,3.2587662,3.1282678,2.946632,3.0512176,4.671121,-0.48461086,3.8659174,-4.8373404,7.31836,-4.9840055,6.90947,4.113175,1.9719129,-109.56862,28.514132,104.80025,4.481309,13.860849,18.908178,95.26746,5.924143,-10.669194,11.054748,-4.8202815,12.427931,15.737309,8.595972,-2.1113174,8.906991,-11.300323,5.4028583,-22.785389,3.8063204,29.073906,5.9829288,9.597363,5.0679154,-2.2286477,1.9434755,8.90991,3.5210233,0.8661338,2.5875149,1.5587809,3.3853114,-4.176446,3.8035924,-6.5186305,3.9856863,-6.236668,2.3560185,-4.494837,3.9569466,-267.81625,14.795533,89.97654,7.363058,32.34852,8.104019,43.243114,8.96512,24.61381,6.0004473,24.538097,4.905441,17.96707,4.3908434,21.837694,4.8255367,14.786562,4.3891306,11.025826,5.5322247,7.9176188,7.0015264,6.5632668,4.9399576,2.4198048,3.4999185,6.4174848,4.5789332,3.0177426,3.73303,6.0460362,3.1476705,-0.6917654,3.0166698,-1.1859463,1.834782,-0.75575584,2.0283244,1.3475779,5.82135,0.04429931640625,0.02060668001637396,0.16895065,0.124143265,Mei
-194.19398,92.22268,103.085106,15.39595,13.698647,21.78827,56.82394,20.664566,14.230395,11.629499,7.6498184,14.517344,10.503821,9.837976,16.959906,9.815101,9.907142,10.663528,-1.2939862,18.410995,12.400378,12.673776,7.396141,4.4929347,-1.8184272,4.2608275,4.181293,2.6491692,0.90920395,2.940746,5.085117,5.9175935,1.7575831,5.653148,-1.3567413,7.3027806,-4.7382636,6.0169086,1.544816,2.3538773,-102.040855,24.847305,102.44395,3.369755,12.5045805,18.442312,98.56403,8.477404,-15.24535,8.53062,-2.280626,8.893871,13.909137,7.8174443,-0.15987523,8.928627,-13.940018,4.6943493,-24.575506,3.417667,29.829994,1.8092303,5.4406924,5.559416,-4.350995,2.731301,10.002597,1.9721648,-0.31690362,4.08725,0.9105266,2.6876333,-6.184292,5.2922435,-7.739197,2.35494,-6.671004,2.536299,-5.752239,1.5257509,-241.15007,47.992496,88.75777,10.427803,31.515348,6.868632,53.947956,17.137459,10.694809,16.844759,15.474733,6.036018,12.469671,8.43078,12.90225,13.566881,12.589738,12.125948,2.947071,11.563343,7.227257,8.6168585,5.5888624,4.2505474,-0.8132921,3.9726665,5.9548893,5.6600547,0.72076607,3.7125986,8.001374,4.4705296,0.3968304,5.3953342,-3.5708559,4.373818,-0.39100665,5.8562884,0.15707938,5.1032634,0.04670344172297297,0.026159181389681523,0.16567878,0.118340716,Mei
-190.91571,70.485085,101.91733,15.316659,12.328774,12.453902,52.43545,22.118074,16.325676,8.328802,12.508365,15.591212,13.255665,9.633126,19.720533,8.945191,7.7571626,10.682809,0.7540205,11.820558,9.070433,9.512344,3.2523887,5.6783214,0.5813146,4.689557,6.8841853,4.7158885,2.108919,3.0254927,5.8741145,5.9850125,1.3076214,7.067514,-0.34908473,5.9923706,-3.7484207,7.027315,0.20032111,3.4498358,-92.74363,6.53697,91.00574,9.087338,12.300964,12.931347,101.83999,7.248198,-12.596857,4.797854,7.2853136,15.392636,11.169013,4.470398,-10.790202,8.552533,-10.037329,5.2542167,-11.200169,2.9675207,28.263777,6.7144175,0.77894634,4.9068885,4.2595844,3.0739026,8.048073,3.0075252,-1.5591335,1.968891,1.9331471,4.912436,-6.978297,5.1898026,-5.5298576,2.2234375,-6.5891843,3.992251,-5.561721,1.4650047,-232.21608,48.45917,97.9796,9.168047,30.452168,1.9859511,49.77187,18.678305,9.497412,10.189297,15.618961,3.8287272,16.661196,3.3386405,14.566881,15.41354,12.410765,7.2788453,6.956022,7.0032964,6.478626,7.00389,4.993114,2.680417,-1.5397525,2.3253572,7.407321,4.3157287,3.105376,4.1011295,6.866879,6.711507,3.6960144,2.1370375,1.9390908,4.078652,1.433513,8.252017,3.7680068,4.913114,0.038741629464285714,0.025033694546321213,0.16890936,0.10315624,Mei
-179.62204,93.826294,108.41303,15.512942,12.472724,20.553106,60.37036,23.293852,13.450065,13.470357,8.51994,11.911819,11.607001,7.0276055,15.323865,10.653547,-0.38842764,13.970188,-3.8393514,14.0226555,13.947266,14.139617,5.0264835,3.977386,0.3228872,5.3199944,7.030933,6.015094,6.3870463,2.4935572,4.694521,4.7306476,-4.1896563,6.894386,-5.1258345,8.652214,-6.31967,7.1514525,2.3864386,3.5493011,-96.03995,20.67128,97.025215,6.238648,21.523664,20.146147,101.74474,6.016406,-17.956951,2.6467102,-0.1480034,5.760129,20.489092,4.8208323,-6.1975,13.485131,-17.211988,5.5102277,-22.225603,2.9192884,27.903162,5.047929,6.510734,1.9034553,2.1088822,2.0891159,7.4707046,3.0059593,0.8397821,3.6171575,1.6469535,3.9681036,-4.1684337,7.041594,-3.3393996,3.9359438,-7.549658,2.9504163,-9.245287,2.9519024,-248.36172,29.252064,88.84675,5.722753,28.713188,4.7275233,47.18645,17.692799,11.0255165,9.918533,17.234465,5.1117334,19.931953,6.7582107,18.953463,10.676484,13.390063,6.61882,6.583427,8.017444,7.708553,8.547671,5.263143,3.4996314,-0.92686445,1.9554437,6.5945773,4.451448,3.8028262,3.2737043,6.297734,6.08213,0.93437135,3.8673658,-0.2807558,3.0899568,-1.5756011,3.7330291,-2.0222971,4.615002,0.044744318181818184,0.027983300981898832,0.17710538,0.11564737,Mei
-178.79085,92.56778,98.34064,20.560637,5.860247,14.991763,54.44688,19.31058,11.721686,8.986604,3.5528412,10.869472,14.858507,7.4937663,12.364486,8.988344,2.193525,11.093801,-1.5625904,15.603005,12.08069,10.581143,5.3416123,2.8928194,2.2388968,4.4874716,3.3403296,3.115639,2.0530095,2.193377,4.3603997,3.414098,-4.202263,8.584316,-5.9366007,5.674709,-8.916401,4.089334,0.657228,2.3519926,-92.149536,22.114822,100.73692,4.70366,13.096509,21.152222,94.46081,4.9350452,-16.630302,4.1746435,-2.278234,11.91152,15.045885,3.1917284,-8.8700905,7.097282,-14.311154,6.3749847,-14.152266,2.4632046,28.042805,3.6374583,8.2400055,4.3189344,2.9811335,3.0072796,4.8039837,2.1684449,-0.4980527,3.1384304,-0.54006743,1.0322948,-7.0624213,7.325989,-6.921903,2.2915378,-9.879495,5.9008083,-5.329713,4.7159224,-210.13359,43.03958,83.0067,14.683171,17.451601,16.279158,52.696606,15.342929,4.261331,14.809588,15.021099,3.7974513,14.377948,4.9180493,14.836781,16.813599,13.49817,9.357377,6.67857,12.2024765,3.077563,8.104412,0.34194425,4.2192473,0.24480693,3.3435304,7.5918674,3.0763893,4.8203015,4.841511,7.6013794,6.120501,1.1554149,3.6737692,0.06221916,3.4257894,-3.3643029,5.7710485,-1.3903881,4.1822815,0.0534515380859375,0.01744452008712516,0.17295443,0.12625417,Mei
-154.01433,87.30063,106.27267,18.844877,4.674929,21.234747,59.592552,24.597763,6.218155,15.164175,-1.8197063,15.474151,8.619127,10.199509,7.82575,7.004684,-3.678344,8.642773,-9.701531,11.743691,15.974991,12.53166,7.8808975,3.740558,4.121601,2.7932,5.106801,4.492114,-0.114927694,5.08313,3.5045643,2.4924567,-4.9696245,3.2209225,-9.684862,5.3718286,-9.506086,5.770109,-2.1910355,3.2374046,-99.73888,11.471029,94.44698,6.799429,15.383387,19.294014,87.06072,7.08005,-19.967514,5.671717,0.039997004,10.138056,19.347885,4.666336,-8.769061,9.826809,-12.2843,8.506522,-22.788622,2.1867337,26.381435,2.5425673,-1.2992291,3.0748029,-0.07414381,2.8221326,7.668805,1.8838468,-1.1889105,3.4358962,-2.8095016,2.1804047,-1.4803663,8.35433,-7.205673,4.4447875,-14.882123,3.0901995,-8.033038,4.0388923,-230.89995,47.55827,85.197685,14.529996,28.256306,9.968574,47.505375,21.122189,0.89971924,14.793658,21.317465,7.9822807,18.155493,4.580076,12.766138,19.947403,8.7528515,9.655358,-1.8734493,11.935505,6.076743,6.5757675,5.596912,4.3369317,1.6911741,5.1477084,9.196861,4.0008173,1.779224,5.1600223,4.7867475,5.4863763,3.5625508,4.499821,-3.269603,2.5012124,-8.841757,5.635323,-2.313579,4.7484903,0.05465494791666667,0.017022716628138698,0.18901546,0.1302513,Mei
-153.4662,86.99694,109.66591,17.23849,9.206651,18.413265,68.09501,24.565231,7.583151,17.916727,0.2745586,16.19231,10.95021,9.125278,8.926939,11.591201,-4.6707516,14.467503,-5.465194,11.583668,15.903998,12.723282,8.576615,4.655286,2.0752451,4.956135,7.186944,3.6802742,2.6200774,1.9495752,1.3657973,4.1045513,-3.7232516,5.552724,-6.0125256,4.985562,-6.515539,6.140599,2.5131238,3.4959235,-168.33694,67.37465,96.719185,9.0097885,32.826324,11.192286,79.33582,23.215195,-12.218597,19.918695,9.9400835,7.5180483,17.867802,3.9357176,-7.241589,17.95939,-1.3584025,12.485745,-7.7029653,12.179221,16.992964,10.851227,7.0226917,2.74575,1.5285875,4.290595,7.9290695,3.7746809,-2.6543958,4.232111,3.0440545,2.968846,1.409808,5.109487,-4.331739,3.7524278,-8.075068,5.829743,-5.210786,4.3067303,-275.21567,11.049385,81.15244,3.2088492,28.384644,3.7532315,33.870502,5.756813,16.652822,3.6505027,19.0076,3.155367,18.257805,5.89561,23.53076,2.6534126,14.85376,2.7390003,10.130003,6.0928416,5.110425,4.8153443,8.686032,3.3210104,3.3700943,2.0929976,5.545634,2.754261,5.1113105,1.8419023,11.890048,3.2283063,4.079013,3.7889612,-0.67307353,2.87102,-1.3167872,3.5694873,0.99708635,5.3251457,0.03971751143292683,0.020005034346953457,0.14534596,0.118792124,Mei
-149.88348,82.07076,104.97656,17.874481,1.8691857,8.619082,70.67213,25.807209,6.8290086,22.01235,2.0792558,13.917514,7.7163205,6.015761,8.655417,7.7962017,-3.0827072,12.465284,-5.2945356,14.455506,16.898851,10.901493,9.641148,3.5613232,1.1446407,5.302733,6.148039,2.2429204,2.4003928,2.4925692,3.1898718,4.227214,-4.194408,6.0793266,-5.7814198,4.626968,-5.4694734,5.7175474,1.3834411,3.6371844,-121.33122,34.89711,93.576515,7.579052,33.330265,11.420768,93.28977,7.9935355,-19.072407,7.249524,5.9661117,10.665005,18.56797,4.271669,-16.115295,8.521866,-11.398281,8.234378,-17.064484,4.717632,23.432947,7.4005637,5.303417,4.770062,1.4221059,3.7432196,11.175544,1.9423602,-2.3050444,2.6359937,-0.5648945,2.7472386,-2.6013863,8.84941,-4.8937087,1.6867627,-10.073172,4.5680475,-4.923121,3.3553865,-264.059,14.325739,82.53787,7.5421553,28.325489,4.254566,40.323853,5.4391394,15.616412,5.2698417,17.529583,3.5275426,16.674095,6.1050344,21.430117,4.8210707,15.842566,3.2202091,13.686219,7.2595263,6.6133146,6.0291233,7.9956746,3.3889937,3.1396172,2.6198816,5.778861,6.577303,3.9393446,3.2361712,9.832763,3.2612274,2.3512201,2.6664276,-0.21552338,3.4305525,2.208335,2.318839,2.8647408,5.56233,0.045720880681818184,0.023042315935074296,0.17518026,0.11884397,Mei
-205.7066,92.21676,102.34716,20.601078,16.318092,19.479,53.252197,21.540749,14.538016,13.299896,6.7068543,15.045446,11.178858,11.242276,16.305845,9.0952,-0.8045477,15.740966,-3.5814161,19.91534,15.589587,11.422952,7.818954,4.2944407,-1.239918,5.962849,7.124439,4.6482553,4.503529,2.5656383,3.731719,5.8536024,-3.1752687,5.6449986,-6.8030367,7.9448223,-6.8391404,7.6544905,1.6410207,3.1904528,-104.492386,11.189205,94.19583,7.3900933,16.717854,17.129297,100.52598,6.517027,-18.796196,5.924256,-0.11177687,9.814881,16.979593,4.264048,-5.331535,12.3036785,-18.103392,5.4987884,-24.886486,3.2482529,31.9281,5.913637,3.9154327,4.742597,1.6179103,3.5165703,9.3855,2.0808377,0.53616905,4.4949803,0.8913704,2.11958,-3.8455038,4.761215,-4.0884585,2.6780114,-7.4239,3.1991878,-8.332605,3.4187326,-260.9814,41.809353,80.08389,16.293282,28.975718,12.42871,45.870182,18.64785,13.06438,13.346793,21.845758,9.905941,20.160614,6.195313,15.246582,12.782389,11.256152,10.559722,6.7919602,11.559055,8.968518,5.876668,6.825144,3.25471,1.2048192,4.1153903,6.7383513,5.888333,1.4626819,5.544332,7.0635734,6.5988326,2.9233866,2.6578777,-1.6783905,3.207248,-1.939423,1.7939028,-2.1329052,4.0134544,0.04889993106617647,0.023780300178599854,0.16264421,0.12093979,Mei
-226.99442,79.87771,99.85463,16.40109,19.524813,19.103096,48.95996,18.334795,18.702232,12.582042,6.834092,15.948277,12.726061,11.550938,16.905697,10.748636,3.394753,11.919407,1.7572656,12.1721525,7.3828573,10.96282,6.0334697,4.680262,0.89213574,4.7284193,6.2953043,3.7924879,2.6950698,2.6419108,3.906949,5.7617836,0.442471,5.258977,-3.1357927,7.3414226,-5.584252,6.6049895,2.1930425,1.3091478,-106.950386,17.006403,98.03435,5.100633,21.063253,17.625788,96.73779,9.116612,-16.975363,4.9320817,-1.2322528,10.122332,18.03554,6.699319,-6.070677,9.836434,-16.311821,3.1112237,-22.346205,3.7185316,27.84175,4.9630713,4.1987896,6.108648,1.9948443,3.5086267,8.717348,3.91069,-1.7875211,3.305959,1.2854189,2.7689917,-4.2343884,6.1932783,-8.611297,2.7773707,-7.8336563,5.007628,-8.046383,4.267005,-255.01897,27.446856,88.945816,10.402735,28.637367,5.9454436,43.831425,14.35423,17.733273,8.881577,21.714437,4.0932937,19.582905,4.980637,14.922872,10.492178,2.308151,5.512542,5.676325,7.1281853,7.959589,7.1289225,4.7997317,2.3676214,-1.9604498,2.2766385,1.9472703,4.311743,2.192485,4.3027544,12.102442,3.187905,3.6868265,4.989775,-4.320425,3.2391899,-6.7779746,2.9466527,-1.6469392,6.551011,0.04106570512820513,0.020217739139306298,0.15302573,0.12530893,Mei
-209.49545,91.34243,98.502365,23.674421,16.628384,16.006985,63.34732,21.938482,13.831067,18.695332,2.9585285,15.632365,10.021857,8.173974,13.992432,7.9848323,2.3385243,12.470731,0.1882061,13.587559,9.29055,13.530407,9.629328,5.89034,2.9998012,4.869085,4.124461,1.6680537,3.9350047,2.1024053,5.9751253,4.0833626,-3.3765197,7.2790856,-2.936905,7.7189484,-2.4662066,6.839775,4.602435,3.1408918,-102.47325,12.420873,95.29164,3.6784308,12.966141,16.051947,103.338905,2.2271576,-12.029295,3.4995365,-4.7049665,9.846379,10.899032,9.109353,-0.25495481,7.925557,-18.118988,2.8229916,-21.467743,2.0840166,30.085257,2.16955,6.0166426,4.943527,2.2784061,1.987449,7.267514,2.41387,3.2115948,2.6772947,-0.3356227,1.7257844,-8.356287,2.7943907,-8.111784,1.8383012,-6.482927,2.6183462,-6.6237807,2.001878,-230.941,74.43982,90.45957,10.3470545,38.342678,5.2379317,62.065357,21.576532,3.9848938,19.712412,16.563698,6.6187706,21.565956,6.33256,6.5433793,17.824472,5.722492,11.37349,-1.9053408,15.29797,5.4442306,10.348234,6.494898,1.9478891,3.5903876,3.8103025,7.15674,3.485534,3.1586945,3.2065246,7.3955345,6.3180413,1.8643547,3.0886507,-3.265582,1.5896409,-3.3788812,5.5088634,1.8816592,8.134165,0.041595458984375,0.026295724027608273,0.18005373,0.113578774,Mei
-257.10583,50.64884,85.111176,18.93427,28.270935,8.659856,44.12706,8.130156,20.747902,2.1922743,14.194145,7.356451,12.766267,7.270152,11.966389,5.2949977,6.0453687,9.628241,8.755105,8.934197,3.051464,5.1178436,7.1920495,2.8471885,3.3932328,6.6018496,6.2367496,4.1525736,1.9489392,2.9818647,6.7603054,4.651881,3.9920332,3.2004895,-0.7766223,6.0097427,-1.3474321,8.582131,4.8118486,3.2929554,-70.80582,14.931988,105.089676,11.8851185,-8.969188,5.721327,94.76668,11.019899,-14.415761,6.3099155,-12.317561,1.9901785,7.0245466,5.32137,0.967221,2.5811813,-21.440853,2.6674838,-20.233145,2.7908683,31.76513,3.899319,8.230358,3.275995,-0.6741378,4.14801,9.2349205,3.3341029,1.6276447,3.7059383,-0.115809046,1.9321603,-8.325749,3.126461,-9.066171,3.9086611,-6.487625,3.465952,-2.0339491,3.2012765,-140.13593,53.88561,98.561584,5.4629583,34.31383,11.288158,89.542854,15.281204,-23.646585,10.511131,6.993936,4.522988,18.929083,4.5270176,-12.610116,6.3137116,-14.829463,9.677442,-19.181267,8.509218,20.698698,10.516188,5.120325,3.2360792,0.95673114,3.1549242,7.4986844,5.1035485,-0.60086733,2.688776,2.069583,2.6808813,-3.8908675,4.2753186,-4.5280743,4.0772038,-6.081488,2.8009799,-10.733372,5.3753505,0.05298755787037037,0.02563131913366127,0.21686167,0.13414308,Mei
-276.78204,9.902867,80.14401,3.2097611,27.579302,5.5131354,34.189293,2.9634998,17.385918,4.8897777,20.420986,3.1612122,17.878344,2.806312,22.651442,1.7371258,15.57264,3.2448304,14.547664,2.6985912,5.288972,3.2098622,6.499761,1.5297711,-0.5175104,1.9135958,4.8123107,1.5999184,3.8168097,3.327463,9.750747,1.3884814,2.69463,2.2663114,1.498631,2.8246956,2.9682941,3.015943,5.1351876,2.83659,-92.88889,39.06938,107.84064,18.364723,-3.6382077,11.160076,86.82434,17.713205,-8.7875185,19.418545,-5.594513,7.992419,-0.7285738,6.0198154,1.9511218,2.504218,-16.439495,4.909281,-12.185677,5.288894,26.74036,4.1783247,5.120727,3.939802,2.3078704,6.1982746,4.997225,2.5731184,0.8282025,2.048738,2.7791803,1.4523491,-9.287213,4.039816,-9.523334,4.0420504,-7.076583,3.9435601,-0.8215154,4.344715,-124.02986,45.729305,95.301674,13.803714,31.418655,16.172956,87.78507,13.356134,-25.551468,11.599278,8.294087,8.768477,11.812933,3.7153518,-10.510201,8.074075,-12.762121,5.308267,-19.093317,5.8769274,19.516748,9.123347,0.023892546,5.6236553,2.3905113,6.630429,3.9484665,3.4451437,-4.0452986,2.097124,0.9596125,2.1879334,-3.0652356,4.6194396,-3.5433552,2.3229125,-12.042787,3.4697037,-7.895945,3.595182,0.05097307477678571,0.02164757481163653,0.18865338,0.11890788,Mei
-224.77576,89.176956,96.2037,22.77738,20.73101,17.291252,46.133442,20.915113,16.88043,12.9635,9.444479,14.053345,13.35073,12.706268,15.01412,9.531436,7.241745,10.86289,4.33077,13.40087,8.816952,8.64407,6.7886705,4.420275,-0.36671126,4.8855057,6.155474,3.0605597,1.7884712,1.3097444,5.8505206,5.428221,-1.0575252,7.921086,-3.5612578,7.2554502,-2.7231934,8.487628,4.754846,2.6825006,-80.41864,18.935984,90.00551,8.271156,-2.266666,8.92607,97.57472,5.4785767,-19.820583,4.905103,-9.26832,5.8552775,7.7646594,4.7638373,0.23196626,4.945385,-15.805865,3.7406762,-19.353897,4.391848,30.377577,4.41888,1.479732,4.592735,0.3832692,4.6125746,6.7360544,2.5875952,-1.3261018,0.8764462,-1.4388783,2.17483,-14.252497,3.7601714,-8.705818,2.3031268,-8.460268,2.5723047,-4.9652615,2.8650002,-161.75868,74.731316,91.04064,11.826837,35.291515,7.6810427,68.593834,15.651683,-14.785514,22.50304,15.152851,9.128521,19.368547,6.574725,-7.548267,14.200409,-7.6003013,16.519804,-12.956936,14.183565,14.584139,12.100198,-1.4252763,3.3720417,1.9949269,3.1619105,7.988477,2.763359,-3.4981968,4.5643234,-0.7935024,3.1994321,-0.13015525,3.621771,-3.3131392,2.6317775,-11.12743,3.636141,-11.022317,3.0127516,0.05564453125,0.02503715805452499,0.20954293,0.1218044,Mei
-89.24604,49.741844,115.99142,11.781895,-11.88967,12.337758,76.92787,10.68241,-9.56432,15.098495,-16.17631,3.698137,6.490921,8.851279,-1.3487139,3.7362545,-17.294405,3.9619353,-17.319468,2.113282,23.756067,6.061916,6.57143,1.5610809,-0.6576033,5.204377,5.23204,2.3068452,-1.8115772,2.6611493,-0.10465165,3.6146176,-15.468356,3.558779,-10.252448,2.450325,-7.97864,2.1781409,-2.4813812,2.239743,-104.41308,6.589082,92.33026,4.794218,7.6059318,7.3337145,96.303246,5.307382,-19.751884,6.2421646,-3.8627956,10.9232235,12.924397,2.2636518,-7.655236,3.1974587,-24.687315,1.9697987,-10.986064,4.219075,31.84249,4.246497,-0.3384048,4.6985025,3.742944,4.2176886,9.910357,2.5742857,-3.8848226,0.8983363,0.76534957,3.3485553,-12.83569,1.4534117,-3.7291152,1.4418656,-5.593586,2.275957,-8.131685,2.9374983,-181.92154,80.338615,97.94214,5.2032194,43.511223,10.577313,73.34128,13.902216,-8.391115,22.36844,17.09635,5.100781,15.98148,3.6795866,-11.370442,18.885986,-6.1815643,15.563859,-11.595356,11.799025,7.592115,8.563047,0.7864022,2.4573665,0.15364456,3.7321675,4.524688,4.5250845,-6.6425247,4.0581255,4.632308,2.3228104,-3.4281268,2.5825858,-8.459768,3.1155202,-7.710949,2.8309052,-6.453513,1.9266189,0.061572265625,0.020946013584376963,0.23820171,0.090514995,Mei
-116.68467,50.45851,108.87162,13.987872,-6.184961,6.4027886,78.41226,14.095168,-1.2289339,23.93079,-7.64516,4.9037747,0.48715124,5.8234806,1.6082753,1.9595203,-19.940666,3.3769748,-19.993792,4.0012574,27.751837,3.346655,7.7626863,5.3154526,-2.08851,5.9986134,7.060744,1.9590129,-0.5461427,2.3979619,-1.4430227,2.7018645,-8.656109,4.1478176,-9.656533,3.264951,-12.165779,2.8772779,0.8871997,1.4627771,-119.30753,8.756058,90.81317,7.3204384,12.725871,9.577361,99.25999,2.533033,-17.803732,5.281964,-1.8193623,6.544631,9.224231,3.1074808,-7.655321,5.315294,-26.428946,2.258626,-18.560617,3.7070687,31.030005,2.0470698,4.2770247,4.0125813,-0.8253365,3.173537,5.1083055,2.0218575,-2.8449621,1.5407935,-0.36538267,2.3956597,-7.8492208,1.9397948,-8.478363,3.1236014,-11.442674,2.3133657,-6.44631,3.348038,-146.94513,61.35497,94.99702,11.578585,36.200684,5.9025245,80.01073,14.313273,-20.570309,20.031471,16.808865,5.8670783,17.4556,1.8751763,-17.670662,9.075546,-13.866253,13.07281,-19.623474,12.10272,15.804812,6.5939565,6.1128426,6.193263,-2.3805447,5.85317,-0.014295042,2.8975387,-1.2927005,1.63715,1.1710019,4.845454,0.36518764,3.6104586,-7.778995,2.321634,-14.142986,2.5679536,-6.740077,6.0875115,0.0611572265625,0.01822007270316935,0.24891861,0.088466235,Mei
-90.120964,52.49578,105.391914,21.87898,-4.7892537,7.9017625,73.41742,11.059749,-9.56574,15.077748,-14.389098,8.946719,-4.7636595,9.270414,6.2371297,1.386604,-16.242981,5.0856395,-20.017084,1.8464906,25.683935,6.8704596,3.5943127,2.9053495,-5.5613084,4.0833483,5.9210114,4.096888,-2.8032715,4.071554,-2.6308446,3.5515177,-9.124986,5.1346807,-12.30439,2.117045,-16.759554,1.669273,-0.027637562,2.8071826,-95.24172,31.009365,81.72791,9.407924,9.313502,10.972008,94.6228,4.2046404,-17.595436,7.5673914,-6.722561,2.3722136,5.6848083,2.345923,0.022055468,5.5277863,-25.50036,1.1140319,-25.23738,1.0773629,32.684723,3.1349766,-1.6053356,1.4791827,-1.6971893,1.6883639,6.3647466,2.717371,0.51967,3.0293348,-3.3051593,3.0881464,-7.5100284,3.2006152,-11.539352,0.9808271,-11.521245,1.8701577,-5.7955093,1.9483712,-158.43002,55.839794,92.40706,9.650519,37.08844,3.6286874,80.73091,10.621862,-14.996952,14.858996,13.993065,4.375399,18.613716,3.382277,-17.713173,4.2731977,-11.393475,4.6833644,-15.44763,7.8830075,22.580652,8.651811,1.782376,7.1507506,-0.3190298,2.7148578,3.1806076,4.947794,-1.44809,2.4891875,3.717241,4.0130415,0.8519133,3.9620876,-11.985697,2.4779096,-10.046413,1.8006527,-0.26855886,5.674708,0.05908203125,0.02444919347388452,0.24755538,0.08514976,Mei
-101.609215,67.55218,123.40345,7.54178,-10.855798,14.135954,64.35319,10.140049,7.225633,22.06641,-10.912514,11.107476,1.9995947,4.956894,0.54210776,5.3255367,-18.392271,2.1614847,-13.751929,3.3992887,23.87552,5.1089363,10.137618,3.3156872,-6.346888,9.228944,1.0667135,3.507043,-1.8392531,2.5438402,-4.8358464,5.821972,-5.5239463,6.694121,-10.313976,1.8044338,-13.45182,4.69978,1.8580512,3.2607737,-81.69074,18.46198,94.03137,5.8246174,-0.2804165,8.501827,92.13953,3.853543,-17.543146,2.7488773,-11.382523,2.254259,6.2534175,2.2840402,5.4855537,3.2807274,-16.532217,1.0004706,-20.214483,1.9576732,31.894659,1.4850032,8.201028,2.9159827,-1.7755308,2.6935282,2.0026374,1.4948119,-2.851977,1.1044669,-0.21814406,2.3303185,-12.9290695,1.9826317,-10.985595,0.9202309,-6.7199154,1.0496079,0.62339395,1.7489543,-130.3794,28.380558,102.053925,13.799371,38.95301,7.762991,87.48572,5.521904,-22.355669,9.260101,9.714933,5.760108,16.77435,2.7282934,-19.572956,9.220058,-16.751781,3.541619,-22.41003,4.7938857,19.821732,6.2440743,4.8980045,4.4274793,-1.4850383,3.5448885,6.7998996,4.360714,-5.0087156,3.5467284,-2.2269526,2.496673,-1.1370518,6.1423273,-3.4248466,4.5963016,-10.294575,3.375049,-8.268181,2.0271037,0.056396484375,0.018236830780531045,0.27922863,0.08096443,Mei
-100.26307,53.66859,123.87614,14.223285,-10.196137,14.823162,67.48274,13.109963,2.6385317,15.619134,-13.850354,11.345947,-2.5508,4.8747635,3.6442413,3.4137573,-16.114904,2.456087,-19.979322,3.057952,20.774426,5.801265,8.242051,1.7803534,-1.4404688,8.300109,2.5943475,2.5897362,-2.324094,1.0362563,0.11691483,2.903051,-8.526193,6.402398,-14.529914,2.5893347,-14.116924,2.6442745,0.6687822,1.8590609,-102.25397,12.937944,93.1032,4.8517265,-1.4103979,13.522873,98.78058,1.593904,-16.057966,3.860432,-14.982738,5.054738,8.033463,5.96476,-0.96191406,4.156997,-19.369583,3.0108488,-15.671425,1.6315191,31.504519,3.0548012,6.902281,4.5156384,-2.6236062,2.8039584,5.5786433,1.6550603,-1.7908326,0.77883476,-0.14574291,1.9386499,-8.016799,1.4094884,-9.526103,1.9853275,-6.7935233,3.5516455,-2.727804,3.6296928,-127.47453,35.749775,96.63839,9.477666,37.86498,6.418787,90.42824,4.7962527,-28.967587,5.4533353,9.865638,4.6615186,19.944149,2.6209943,-23.671188,4.7222366,-18.715841,2.8913717,-21.728018,4.6836934,17.610598,3.5144954,3.609167,2.4135683,2.0672882,2.299457,6.548371,5.728811,-2.9894116,2.3740284,-3.9117198,1.6019835,2.233552,3.8795106,-6.853087,1.9884728,-11.372927,2.9195879,-9.607711,2.742717,0.06337376644736842,0.016165435111973103,0.2649616,0.070722885,Mei
-100.236694,46.172874,111.08251,16.82837,-8.090209,8.153728,73.32444,12.624934,5.00624,13.623076,-11.482838,9.527614,-13.325665,5.105077,2.9333355,5.0556717,-18.249968,3.5472875,-21.132998,7.1157236,27.866884,2.5605004,10.109942,3.4952044,-4.7318625,5.2532077,3.793596,2.008665,-4.9228597,1.7013562,0.2881057,2.476339,-14.705238,5.2910233,-15.098849,2.5195131,-10.768071,2.1237712,1.17861,2.0598552,-107.863495,17.136606,93.860085,3.6808734,5.8596954,7.576884,96.30787,6.4579124,-10.383294,1.5852602,-12.282758,3.6577024,-6.1261597,1.2386836,4.216504,6.523031,-18.399027,0.949212,-21.065477,5.2026196,34.04583,1.8513713,7.573972,3.033993,-3.3159797,2.3730252,6.450277,2.2978451,-6.460027,1.7167041,0.13260399,1.9552125,-13.9489565,3.2540882,-7.837644,1.1888824,-4.064911,1.2750369,-2.1896112,1.4860001,-141.97603,27.206596,101.07798,8.3440485,43.821774,7.2848864,90.13526,8.958054,-22.274582,5.278764,11.482398,5.746944,20.55409,6.3080573,-20.253418,4.4280114,-15.314681,5.1751165,-23.411694,5.4238715,18.801723,5.288936,4.1935897,2.10043,-1.67508,4.960242,8.22038,4.7987905,-3.570809,1.874646,-1.2884911,1.0425766,-0.24922583,6.5140705,-7.211119,1.805238,-9.776898,2.8704178,-8.24943,1.5680954,0.061497738486842105,0.017078807000844104,0.25834143,0.0720407,Mei
-90.34646,52.388226,124.96499,12.3890085,-10.984295,12.953112,66.87103,15.10903,2.032973,18.954582,-10.49788,7.6223373,-6.697272,3.9239926,2.7995903,4.2436247,-14.626015,4.9340444,-22.547935,6.6147943,25.51985,1.5221512,10.485894,1.4045473,-2.267956,6.225958,3.1959343,2.2580717,-2.893567,2.3084934,-3.450243,2.9712312,-9.49661,6.409389,-11.859347,2.5658095,-14.867372,2.171325,1.9929689,1.2818955,-96.253845,21.38864,94.38757,6.543364,0.99225426,13.625672,96.97082,1.863087,-18.569197,2.2783415,-7.021387,7.005952,3.3905983,4.418411,-3.529684,7.017882,-18.467932,2.4827917,-20.190508,4.863721,31.416899,1.2108387,3.4415703,6.595514,-2.4354599,1.677792,5.6282487,1.2476989,-1.0008115,3.3091958,-1.7286315,1.7577486,-10.342504,2.0242465,-6.260929,1.5017477,-7.5404015,1.3835691,-3.6890688,3.7398405,-113.8128,15.760115,103.46262,7.9391437,36.148296,7.1977763,89.13441,4.5399156,-26.975824,5.461299,10.232907,1.6621469,19.73686,3.6748877,-22.183691,2.4192832,-17.284227,1.8457439,-22.079748,2.4518242,19.930895,5.4508853,1.4859505,3.9001203,-0.692992,2.8484223,8.830136,6.3406763,-5.814445,1.830121,-0.57317877,0.9120205,0.891586,2.1381633,-8.2441635,2.9091542,-12.5939245,1.5282997,-10.99348,0.33188632,0.062255859375,0.021147113379209444,0.29598454,0.07136149,Mei
-127.314476,57.89767,128.23396,13.760668,0.05160268,11.974338,58.897266,14.971637,4.130037,19.219995,-8.340688,9.97992,-4.9556565,6.407078,6.5067677,4.8461595,-16.509615,3.9676695,-13.418873,5.3365173,25.242788,5.9876294,10.059337,3.1204357,-3.9624195,4.994368,5.015034,2.66251,-3.097695,1.8961412,-5.9958024,3.5608737,-5.2048,4.9197893,-9.991473,2.2039397,-12.48066,3.2882018,1.4358463,2.2187905,-88.04242,8.638967,94.849884,4.8562307,-6.675665,3.6625938,104.942894,4.408733,-13.922943,1.4512323,-12.680988,5.3953896,4.021061,3.3598313,0.8098666,5.1297784,-18.695044,1.9604596,-20.70624,1.9150795,34.08716,1.6433041,7.0525823,4.1394715,-1.1852363,0.64713675,9.428626,2.9480655,-1.0416683,2.1132581,-2.179538,2.008993,-9.883082,3.0251884,-9.056342,1.5396501,-4.1939664,1.4559805,-4.126325,2.6821625,-143.90778,47.11038,99.66687,10.407069,38.905533,9.182123,84.3784,10.056881,-14.625629,8.231907,18.033688,5.227248,12.709208,5.37718,-21.989372,4.2506237,-12.85895,4.1477437,-20.944168,6.251802,20.310513,5.5946817,1.9127846,2.4404457,-1.7990166,1.9729306,8.625135,4.879676,-6.0263424,1.8356737,0.83146834,1.6430767,-1.4027233,3.3699675,-10.253526,1.3430926,-8.987163,2.4595876,-7.376833,2.4852574,0.0615234375,0.02135079209870649,0.2555557,0.08641504,Mei
-73.52035,47.296204,124.43354,16.469364,-20.439106,11.583231,74.377754,13.789718,-6.8492603,14.653058,-7.911808,9.418687,-1.6951238,4.6824784,1.1949384,1.6490145,-17.726313,4.5100255,-19.662554,4.272662,26.551874,5.3285894,8.481117,3.1484478,-5.3040447,3.0930157,5.626161,2.3077126,-4.748009,2.307752,-3.1843235,2.468876,-11.02283,5.4218335,-11.513074,2.1597288,-10.781246,2.7455964,-0.38253364,1.1054897,-82.196106,15.059399,98.059814,4.105705,-7.157627,6.2930026,98.94961,1.5629375,-19.963057,2.2784917,-14.865321,1.6359718,4.5985093,5.0547338,-1.8117504,2.65823,-20.579586,3.2128024,-21.524836,2.3761702,32.960873,1.507515,4.9206905,1.4048269,-5.3846354,1.9682342,10.384858,2.2502604,-0.22886746,1.0713387,1.01464,1.7894413,-11.03283,1.9143205,-7.8034453,1.1925062,-3.8909676,0.8364321,-4.9573693,1.2531052,-139.11331,35.932373,102.536095,10.555616,36.56086,12.688207,81.01809,11.111858,-16.91251,5.7284656,10.430275,6.440893,9.344891,6.0914907,-18.060883,5.9668617,-14.61103,6.751809,-16.021656,3.5880332,17.394823,5.7469964,4.9550266,4.1451383,1.5253005,3.6281285,7.267084,3.4006736,-6.4138117,2.093863,-1.7997335,2.6539679,-1.0013636,5.4949794,-9.627459,2.2162256,-7.950714,2.3171885,-8.118044,2.4399693,0.06103515625,0.02236626617634017,0.278672,0.08201715,Mei
-170.40779,97.58799,110.81423,22.540077,6.913897,20.215927,59.391613,24.312513,8.475152,17.13264,-3.4024787,14.956341,5.3683634,7.4979763,7.278187,8.826038,-5.814401,14.760535,-3.124131,14.112146,18.394258,7.1629853,10.775923,3.314035,-1.5338135,5.0881715,4.4695,3.4349105,1.0578827,1.9661564,0.0712986,4.8869877,-2.7729254,7.9261904,-5.57482,5.411582,-6.6645823,3.4146922,1.057445,2.6644545,-113.67788,18.707172,101.32581,9.415957,21.928793,22.409195,95.7675,8.433791,-13.453191,3.3690014,-0.2724126,13.313226,10.429721,3.3562937,-12.662856,10.144096,-11.246749,6.936224,-23.552395,2.560671,25.091246,4.535767,10.020406,4.296369,-5.293632,1.8999232,6.22242,2.4159255,3.5563426,3.6101556,-4.4035444,3.4307375,-2.0513763,5.7806664,-5.295677,1.8245735,-7.039094,4.2308693,-4.8383446,2.51181,-267.87186,35.21355,77.47484,11.384387,28.796038,9.199169,44.73621,17.092285,14.426499,10.848493,19.008589,5.5175085,11.046454,5.286527,12.380937,12.837135,11.618473,7.5298247,6.2945213,10.697975,8.858695,7.064871,8.664873,4.340524,0.082833804,4.07434,7.546478,4.1475515,4.23647,4.4261928,6.672174,5.769406,1.1971962,5.2894526,1.7079898,4.2839217,-1.4620419,4.870929,0.033350587,4.656106,0.0450439453125,0.023014705642186883,0.17108339,0.12398724,Mei
-237.38148,83.18143,96.012276,30.489534,20.362024,17.634195,44.144405,12.918952,18.826752,13.398545,5.068458,11.896352,5.448315,8.291558,13.789014,7.447309,3.4358327,13.863795,0.9987415,13.122153,8.521799,9.192618,6.799392,3.7012637,-1.0475144,5.9258385,3.168,4.5968547,-1.5642955,2.049744,2.7694395,5.695057,2.0249467,6.0540333,-3.6423311,7.7931066,-5.855098,7.796098,2.6458147,2.6022503,-98.45242,25.27222,99.73184,8.137945,3.0360718,18.694384,93.12564,8.693633,-17.341349,3.5888643,-0.3886448,12.987553,9.69949,4.0988555,-12.710067,10.623036,-16.27533,6.111801,-22.76053,4.0734363,27.481928,2.434665,4.7054663,3.8037655,-5.5448794,2.4268994,7.7513304,2.9463582,-3.6230307,2.8627164,-1.3791186,2.2301824,-6.838348,2.5798984,-7.721123,3.7811604,-7.174884,3.2835412,-4.8039074,3.5280027,-238.58176,75.64277,88.469536,15.793707,34.212917,7.1256924,52.73722,21.670229,5.597349,17.716408,17.34311,3.3743672,11.487469,4.3647227,5.0570555,18.27321,5.834638,9.739075,-1.6459577,12.215991,8.516366,10.847429,5.9354053,2.371803,1.8300819,10.1919365,9.14178,4.6420407,-0.4838943,5.141576,4.1190243,4.779823,1.4170865,6.4803996,0.5027951,7.0573955,-1.417363,7.9649167,1.6007587,7.7128286,0.04780970982142857,0.018801363185899016,0.16212161,0.12015886,Mei
-214.4005,75.169304,98.10125,22.60563,23.853216,17.828316,43.615395,17.582338,12.967279,10.696733,0.71633875,9.760486,6.6252913,9.229511,12.428866,7.9412885,5.266395,11.632163,2.547524,13.397788,12.215099,6.9939713,11.579604,2.35435,-0.76832044,6.668696,6.006664,3.5324237,0.35922438,3.0971215,4.1768727,5.2470927,-2.3737795,4.6481924,-4.7907357,6.065495,-8.332698,4.633117,1.6444737,2.5056171,-98.35539,22.203375,93.56023,6.2874217,12.39685,20.698593,97.967896,7.0240026,-18.29731,2.9891856,-0.99220884,13.758067,10.417731,7.6328926,1.3864475,11.787433,-10.215672,3.675789,-17.775827,2.3523622,31.495636,4.357306,5.1796412,3.8958333,0.48342803,2.7968457,6.9464917,4.517438,-3.1531951,2.1418316,2.9755545,2.2165205,-4.5954037,3.1910346,-6.563725,2.647342,-8.336449,2.1022096,-7.022269,4.3331223,-225.80571,75.88943,91.66568,10.968209,34.08975,6.0259385,54.090755,26.087973,3.603174,21.44514,10.642182,3.1455348,12.959388,5.3495855,3.7904942,21.263115,9.680324,17.649126,2.3434494,17.322819,4.311246,11.173914,1.6360787,2.5452232,-2.2390022,3.7946444,3.712869,6.208177,-0.5632322,4.2603636,7.725035,6.797626,5.125281,3.2789102,0.2587419,6.436238,-3.115486,6.4887342,-2.0278313,7.05338,0.04184857536764706,0.019101255820938377,0.16220951,0.1137999,Mei
-231.97572,71.6797,95.69479,24.480574,27.015858,13.66905,48.17394,15.972526,20.638979,9.299658,11.272008,11.593424,11.766629,11.172008,15.563333,7.763013,9.073379,11.2553005,1.5393273,11.761842,6.2392883,10.81009,10.561422,6.089953,3.9847581,5.046432,4.982063,2.578314,1.40304,2.0150373,6.6509495,5.888742,4.2025323,4.121674,-0.3083431,5.4507494,-3.1253493,5.0783305,3.672043,2.6019952,-100.62475,15.346836,103.639114,6.9967384,8.831875,16.444477,100.86614,4.65828,-9.956512,3.4881606,-2.1898668,10.121151,11.774265,5.5972123,6.0391297,7.681754,-10.643398,2.6793559,-16.696508,4.5354514,32.504135,5.6919746,10.208464,7.4714193,-0.054585695,2.6985633,7.549272,1.5983064,2.0903566,1.8316164,0.66643184,1.6834056,-5.9869294,1.634929,-7.4394975,3.0421135,-4.797513,2.442974,-1.0905703,2.9348574,-217.09311,61.933067,98.565094,11.056914,30.35712,9.076918,56.70275,22.818052,7.7667003,19.566648,20.499084,5.319639,19.001955,3.3165112,9.908151,21.90631,9.585639,13.608165,-1.2302444,13.964043,7.053294,11.471744,9.882046,4.074043,7.1669703,5.7703304,9.2941265,4.3466973,-0.35277116,3.5425653,4.179941,4.233577,1.7724465,3.6563373,0.31347275,3.5825398,-1.5190139,6.7127757,0.5485027,6.3771696,0.033203125,0.022151584223902076,0.17800625,0.092254505,Mei
-195.97939,108.00198,92.01946,17.396925,17.398865,17.98611,54.148056,20.258238,7.615866,16.94993,3.1717634,16.929333,10.8301525,7.5366983,13.735926,3.7248116,1.2708966,9.073141,-2.3408217,15.794105,19.97539,13.709318,5.6972275,5.3612885,6.591922,2.517431,3.057528,2.4837055,2.014109,5.0181684,3.0595229,3.5190444,-2.9229271,7.7185736,-4.02691,10.154353,-2.1439142,6.5927863,1.7525264,5.7166457,-92.93437,19.897509,85.69852,9.631883,10.587788,15.777081,93.16285,4.4048657,-17.558754,8.775759,-1.3886003,8.463934,20.462461,7.245863,-5.1075163,8.518821,-15.648938,4.1183863,-21.015642,2.0816982,33.809635,3.4415262,-1.9167718,3.4004824,5.7181954,5.0147567,10.847276,1.295407,3.8470488,4.998815,0.50558794,2.027062,-2.3748145,6.729737,-6.5224996,2.0100648,-10.898725,3.5074666,-7.769018,2.8661058,-276.7595,57.445942,77.97983,11.601594,34.59906,6.971609,50.341805,21.853298,11.65852,19.211317,17.41883,5.985086,14.862849,6.543467,11.391931,16.846725,7.588369,9.437861,3.1280284,12.687303,10.330521,8.134196,8.398854,3.2996,3.0983984,4.0908723,12.173243,4.1686244,2.4446807,4.1303873,6.7349114,5.581158,4.273724,2.187744,3.4240954,2.0250971,-0.23829362,5.199952,-0.58987427,6.312227,0.042787388392857145,0.027626065144113074,0.15777491,0.1206339,Mei
-191.79466,85.60594,101.96519,25.812067,10.458123,15.468336,48.702988,15.3133955,11.313214,12.172791,6.983582,13.137506,9.183787,11.779086,13.881999,8.990402,1.5068158,12.199148,-2.2701364,13.2139435,7.523497,11.966333,8.886607,4.2129717,5.6252975,4.660757,4.920542,1.1256337,0.007735292,3.1746347,3.4974108,3.4028785,-1.4525074,4.5457864,-3.1652527,6.148384,-4.2946153,6.6229396,4.098603,3.0600798,-88.64291,16.335043,100.08734,7.358438,13.411659,17.198017,92.442635,9.977741,-19.578876,4.786741,0.26724163,8.402581,13.968063,6.1109977,-11.755208,11.644293,-11.811829,2.940437,-22.414444,2.6443675,28.532524,5.7041655,4.4492583,4.265463,2.1974146,1.6438283,8.281215,3.9342165,-2.8243687,3.3115723,0.80792433,3.0002458,-3.0703914,3.964875,-5.4663296,1.8372048,-9.258979,3.2575104,-0.711361,4.4295387,-235.09813,17.030699,88.49212,12.899112,18.271069,7.667982,40.97253,9.517489,13.260766,3.8936963,15.3612175,3.9065728,13.741899,3.0724375,17.53727,10.244174,11.4020815,6.154442,8.881732,5.0560856,0.85758966,2.8374896,5.819575,2.4434507,2.8748045,3.9416258,7.2146335,3.9373221,2.4365437,3.689139,5.1839857,3.7220051,1.9009858,1.8235469,1.778511,3.2058492,-1.186668,1.7743392,3.877716,3.2990515,0.04566786024305555,0.023048416951384536,0.16418774,0.12637363,Mei
-108.704315,50.527126,102.06406,16.340876,-1.8811828,11.036693,85.98298,13.638776,-10.325838,18.214602,-0.92018723,9.657254,5.199069,13.263939,0.45771536,7.211644,-18.719025,6.458953,-14.064935,5.7448177,25.338911,3.6486561,-0.3922814,3.1250608,-1.1577952,2.8805857,8.199678,5.767524,-1.0683703,3.9520967,-3.536756,1.5741997,-9.027028,5.7034035,-8.42108,5.726205,-13.461581,4.196003,-6.860445,5.459291,-136.17583,8.591755,94.836914,8.067885,38.306686,11.7107315,87.07083,5.904369,-22.176798,4.950687,20.91339,5.7034445,21.249565,2.9050698,-14.606249,5.60483,-14.007822,8.010106,-11.047607,1.6245042,16.896803,6.388462,-3.0128388,4.1902366,6.2089276,4.416991,10.89721,2.3628433,-5.530663,3.8028848,5.4569263,2.4522567,-0.37581438,5.298546,-4.099837,1.4199798,-11.468098,3.996703,-5.7532783,4.0523915,-267.74313,24.427654,96.29052,8.366909,35.56901,8.17424,41.70431,11.396047,16.862799,10.309576,21.158594,2.952001,17.052183,2.6203928,11.381579,9.773322,7.2915525,5.311523,10.340353,6.115304,-0.2274033,2.4220448,4.50256,3.1424804,7.1772003,4.6516895,12.972845,2.8472054,8.293743,4.6295323,12.662342,2.0900238,5.858099,2.909696,2.8803422,3.1230447,2.2128472,3.9777515,1.6809776,3.5541759,0.037176724137931036,0.02148694794191671,0.19478136,0.10720161,Mei
-81.225075,52.413967,105.91954,20.336056,-9.138365,10.304611,80.02284,13.431381,-2.5994394,19.07568,-13.393586,7.339722,-3.0269825,7.4729714,3.1691225,4.5314956,-9.732701,7.9453626,-25.199467,3.5111015,26.2531,7.338203,4.3760076,2.4330637,-0.40878505,5.4778852,4.682182,3.2220833,-2.8279006,4.2343683,-4.7189612,2.587267,-7.936168,5.790379,-12.761759,3.5660284,-13.7624445,4.7032413,1.3643779,1.6000555,-99.59857,8.43036,86.08662,6.20782,10.629783,14.3652525,95.31151,7.580088,-19.053905,8.403922,-5.956562,3.9143584,13.050383,4.397709,-0.58291024,6.740685,-22.14844,4.148635,-28.396408,2.0851572,28.68934,2.0691688,-3.0681026,6.622479,-3.1002717,3.1997862,8.573028,2.8581343,1.3604145,3.2247014,-3.6832051,1.6353327,-7.4979515,2.9337533,-7.6109433,0.97021544,-10.480612,2.2321522,-8.542261,3.5547233,-133.18382,48.15172,89.98008,13.28436,43.653584,2.1951,78.973,10.826947,-20.13225,15.258549,12.408814,7.498865,23.500029,8.992324,-21.11202,7.077989,-7.7107773,5.702394,-22.368008,6.2130384,17.168173,8.391537,4.159597,2.1812105,-0.6456378,2.7415981,7.4864273,2.43517,-2.6967773,1.8273005,-2.093938,2.4351723,4.323222,2.591735,-0.8619037,3.160674,-10.691674,3.505303,-9.205309,3.2420049,0.06015159970238095,0.021822881071962716,0.27486753,0.081429236,Mei
-84.98377,53.898205,110.894356,14.918647,-15.885902,12.237926,80.71351,11.308818,-3.972676,16.523537,-11.614109,9.745314,-5.3514824,8.385319,5.8820176,6.1119823,-12.137883,2.6149864,-17.866686,2.368054,23.862661,7.5917354,7.719421,3.4952476,4.2922516,5.0977974,1.266282,3.425617,-0.41901764,6.7509685,-5.269566,1.3572078,-12.788125,6.7442136,-11.542267,3.1391737,-10.607195,6.3597317,1.2053384,2.344055,-81.5476,23.392897,89.03302,5.7598624,-2.7874289,7.6669483,100.85559,3.3030734,-25.657393,5.4736047,-4.8340783,2.4754095,8.938104,2.0238993,-0.59923786,5.2502093,-23.448122,2.2260664,-20.405188,0.9174643,32.029022,4.164368,-1.2401177,1.5539256,-3.2682478,1.2026579,8.087419,1.9155198,3.8277867,2.8796146,-1.1764299,3.3645024,-13.911456,4.2003574,-5.5667515,2.2186313,-8.663777,2.2164402,-8.050079,1.6881238,-129.22737,24.338987,95.88174,10.203268,36.25166,7.177449,73.42318,7.576457,-25.387556,6.6331873,15.2142935,5.891062,15.212822,2.8321085,-18.643185,4.200472,-14.30818,5.8716054,-14.84617,2.458696,14.385837,5.3192873,2.2643173,2.1711855,2.0253425,3.6476502,6.392285,2.6957896,-7.24357,1.600659,0.6849638,3.0549,2.3740785,4.643661,-5.430261,3.2212653,-13.043695,1.8508146,-8.497176,4.1853647,0.06363075657894737,0.02223298848754787,0.27809173,0.081221774,Mei
-94.07053,52.245125,99.08038,17.756409,-4.2092466,10.143802,89.48539,10.852077,1.2433408,16.55715,-12.041649,10.203693,-5.8675313,9.731249,2.7963126,1.7995899,-5.0525045,6.152268,-21.917994,4.204185,19.706732,8.874886,4.1255107,5.191842,0.53514457,3.1355593,2.3516486,4.5781083,3.152209,5.8211904,-4.4550033,3.796421,-6.4754024,4.339126,-10.783489,3.865476,-17.336454,5.7148805,-2.1734965,1.0760641,-109.485634,11.157824,80.358116,3.3395631,3.4649913,6.132987,105.31487,3.7717452,-8.301639,1.970217,-5.3375144,5.395924,12.714236,2.7160602,-10.48939,4.594276,-18.457788,1.1205686,-20.936651,2.2255602,30.83995,3.6542275,-0.59942174,3.4808216,-7.8914084,2.013574,10.236497,3.0957103,2.47616,2.910026,-6.5683837,1.3279216,-8.308258,1.8430854,-7.7050443,2.2069058,-5.2613163,1.6113673,-5.5630913,4.1805377,-155.85672,43.70149,93.663605,9.263042,35.10305,9.781704,78.24045,8.176689,-12.17548,9.236254,11.569324,4.584324,19.328407,4.1792417,-16.301273,6.9578323,-3.4762144,4.9747596,-16.112816,8.214777,16.512707,7.4109287,2.199685,4.4547386,-0.9037559,1.8036433,10.539722,3.7655895,-4.2180333,2.9434507,-1.2158239,2.7194386,4.51652,4.958175,-5.4740534,2.7126324,-12.424433,3.2851298,-4.5981174,4.157794,0.0610595703125,0.025871293009711048,0.2582913,0.08336304,Mei
-137.00705,56.86948,137.19144,25.236866,-1.4294395,10.8705845,27.672924,10.299942,-2.2229712,12.996746,6.7730203,10.676535,11.360544,7.590665,13.545243,6.5665865,0.51282555,7.4111104,-0.6908229,7.3169255,12.205593,9.90885,6.7011237,1.901724,2.17482,4.816733,3.0970984,3.8603692,-7.31857,3.1707377,-1.5249323,6.6700644,2.696551,4.0931473,-4.3312244,4.3756022,-4.5150194,4.3261576,3.0366054,2.6267242,-91.9536,38.694828,129.73985,23.847944,-11.66714,15.736903,51.742073,11.512767,7.4702225,10.392909,-0.3468606,9.581938,-6.9114146,14.484029,9.979875,7.7026496,-3.4733255,8.401276,-4.497492,5.4885645,23.352543,7.4296885,4.679923,3.0928404,-4.179332,7.124825,10.74769,4.1185555,-6.889462,3.7435226,-4.6619678,5.283432,3.439159,7.311842,-8.197058,3.8751802,-9.563276,5.1042,-3.4494982,3.8154037,-152.87843,62.326614,122.38128,23.586838,-11.703536,7.41148,37.564964,8.30899,8.186019,6.506663,11.009419,12.326145,7.7172656,11.556956,13.968275,8.481986,4.8713183,7.9453597,8.891939,3.871734,8.329753,8.842212,4.487232,2.9719653,4.266597,2.0033863,6.680634,5.055704,-6.0625806,3.9862387,2.1458914,3.3166928,0.52597165,5.1231465,2.1881118,7.7155385,0.67089397,3.2801106,1.1258266,4.1432133,0.0429931640625,0.013986061889518049,0.18479593,0.102567896,November
-162.13623,51.802124,123.06588,18.525671,-2.9806197,5.838843,33.66799,10.363348,1.027259,13.368238,12.950866,6.656248,13.172195,5.5025635,15.890219,8.049521,4.738273,4.884026,4.474438,4.9500804,6.7215686,6.094023,4.925244,3.3513694,-1.9149722,2.122735,1.5770041,4.428358,-6.122665,5.6468606,-3.583504,5.3815255,2.6448827,4.9442263,-1.5991899,4.1784225,-2.4321132,7.000955,3.3259616,4.0074797,-110.79121,35.843987,121.475624,28.655216,-4.5299664,16.056866,51.61872,12.829955,3.6147609,9.088633,0.25189012,10.977474,-2.8341088,13.412603,9.903244,9.370064,0.9810528,9.952034,-2.325708,3.6437275,16.294762,5.474289,0.46480963,3.793704,-4.2168365,6.0446277,10.8850765,2.9715872,-7.6480765,4.282167,-6.2633004,5.4936223,3.4122634,6.548278,-8.278271,4.5266848,-4.1852865,6.803275,-2.0954943,4.976081,-133.50943,76.25387,123.97779,18.436571,-14.664697,11.783097,40.322624,12.263329,0.4590051,14.411241,6.6640716,14.492337,1.3801472,16.828,13.041006,13.543677,4.0539265,5.4349203,8.117468,3.9741058,8.598111,8.502491,3.5285957,4.7060404,3.440543,5.9865613,8.18136,6.7648845,-5.945115,2.659216,1.1482872,4.594148,-2.0393307,3.5075312,-2.4544008,7.5998387,0.7637454,3.9659863,-0.98170155,3.8054903,0.04581298828125,0.017683901949910742,0.15918943,0.094265975,November
-164.16089,56.129578,132.16177,26.023594,-7.132636,9.755683,25.568563,9.808092,-0.6508305,13.841488,9.788457,8.695805,10.08941,4.9500546,14.559193,4.1054053,4.071119,6.9002285,5.3424964,4.590734,8.221224,7.116564,4.071093,1.6842353,-0.06915439,3.3211524,1.6645533,3.7173684,-7.1867905,3.6975675,-1.8971297,3.9741232,1.6226343,3.1225557,-0.56752175,4.320894,-2.4213777,8.968344,4.48435,3.0995028,-116.32384,36.2784,124.624504,25.35562,-7.354627,16.743032,51.216896,14.201741,2.7530763,11.79713,-1.7230506,12.654064,-1.9217327,12.830349,10.675928,6.0280313,-2.6719332,10.1657505,-2.9622762,3.9036033,15.648363,4.7553,3.0067203,3.0362923,-5.296275,6.5027146,9.648644,2.0405173,-8.284452,4.4738393,-7.107293,6.0586963,2.2352493,5.6067176,-8.897681,3.0470273,-6.1951566,4.9097414,-1.2779876,5.9153094,-138.71658,77.10441,123.98103,16.92713,-13.680897,13.963453,40.234657,12.883038,1.4258424,12.791295,5.948828,15.513524,5.2502084,14.158154,11.916744,8.988566,3.8661773,7.193745,10.635797,5.3511643,12.488016,10.704815,-1.1708001,6.4730315,5.1734157,5.0283227,7.0655956,6.4589806,-5.7523727,3.6543958,-0.57554734,6.0613837,-2.6430902,4.5600486,-0.50322765,6.1680026,-0.099795915,5.4916596,-2.2359843,4.335504,0.048042111280487805,0.021465116082396055,0.14995292,0.086654134,November
-138.5262,46.850677,129.24438,25.515306,0.4243027,8.543727,29.626219,5.9726143,1.0585184,10.462291,10.65879,11.903592,10.859533,6.972662,15.8283415,3.7927315,1.6350617,3.8947248,6.08282,2.7630887,9.744256,7.3609734,5.0988812,2.7877834,-0.28818858,3.236879,2.6305566,3.2707522,-7.370625,2.9519725,0.1840292,3.6540275,3.4287703,2.9968503,-3.3366346,6.6255155,-0.7768778,7.371627,3.1957502,2.6558306,-99.94861,35.111412,135.77278,18.304115,-12.838079,15.677747,51.96455,14.412291,6.2231984,10.888877,-3.7266748,15.059236,1.516256,13.155179,14.258655,7.3976645,0.0946038,10.251696,1.8821293,5.0842853,14.019039,4.21682,4.9831643,5.682655,-4.8529134,6.3497376,8.865684,2.9546814,-5.2208877,3.8783283,-5.5650234,6.3673563,4.134705,7.138568,-4.393038,3.1979718,-6.3347697,4.368207,0.3078987,3.664423,-80.9977,69.51898,134.9712,12.82783,-25.173193,11.631275,48.264786,10.540379,-3.5579615,16.071339,-3.0865746,15.164641,-2.465629,16.765867,5.575956,10.39579,-1.5306603,6.5374436,12.042157,5.4309077,15.941463,7.8322196,-3.5332115,4.8021684,7.828634,5.146334,9.2905,6.4916644,-6.720833,2.6774266,-1.9665027,6.7488594,-3.6833105,4.7928343,-3.3436902,3.7477825,-2.95228,2.5080304,-5.7100644,4.5300794,0.04464901194852941,0.010112874318909679,0.210639,0.09034452,November
-142.3558,58.16265,127.35914,16.66921,-4.56315,13.059882,42.57938,10.85657,1.5934483,15.081188,8.668601,11.410252,15.568839,4.3115916,14.793606,9.264896,6.2178054,5.9149275,8.438428,4.009586,10.273628,5.5225363,5.141677,4.1811876,1.7029166,2.202186,6.2804866,2.944811,-3.860299,2.69429,-1.7816826,7.131413,5.2065907,1.9908863,-5.8592772,3.7891612,-3.202272,6.879615,4.4380093,1.8450972,-104.68174,29.55852,121.83438,26.728233,-6.7773137,12.056519,52.540665,10.591739,11.705518,10.87882,2.8419702,10.636306,0.37545282,14.474107,14.392447,6.923946,4.217031,11.528074,0.65898395,5.7540946,13.560243,4.3485136,2.8942878,3.3327332,-5.1145377,5.985452,9.470885,3.9528031,-6.008527,2.9468405,-5.121793,5.696197,3.6508484,5.8988304,-4.333283,2.04578,-5.4789953,6.5985603,-0.15726633,4.0975714,-86.16833,62.090305,140.03929,15.263592,-21.808565,11.741585,43.61483,11.313232,-9.788187,10.223859,-0.5661892,11.157464,-1.5330596,12.38119,5.8430986,10.397652,-1.6592222,10.504253,12.663932,5.9996963,17.172968,11.445267,-2.2210793,3.0111632,5.4337244,5.1509066,11.742507,6.8071218,-4.100027,4.4738135,-1.4100153,5.6434374,-5.396464,4.776991,-4.121257,2.4437685,-1.9366037,3.1932008,-1.1645818,5.2670064,0.049539620535714285,0.015875135310529823,0.18670908,0.07802539,November
-128.69035,54.68164,131.75017,17.997599,-7.937859,11.210113,32.135693,14.187055,1.1855497,17.659685,10.14498,12.417505,17.22368,4.1677604,16.744143,7.2577767,3.240713,6.9127417,6.549112,6.58801,12.126298,8.26211,3.5832024,3.3753748,0.039838236,2.1072667,1.7658167,4.9033756,-4.111233,3.8093255,-0.825165,8.564364,4.411981,3.3678784,-3.541331,4.446717,-6.078072,4.9033623,1.8564171,3.0646844,-89.24902,43.85529,126.13514,26.023233,-13.620393,22.933804,49.79193,20.046562,6.3151174,12.488854,-3.7856662,15.395153,1.8374745,11.343569,13.592678,6.2515073,-1.7936369,10.777202,1.129167,6.531521,18.060183,4.883358,6.930304,3.3474243,-1.9281362,4.82351,10.317345,3.8766153,-8.33483,4.8739443,-5.7816863,3.920695,6.135315,5.6507325,-4.9620566,3.165016,-6.5682425,6.5578027,-1.0399779,6.4527655,-112.038246,62.23424,127.60209,15.280778,-14.426683,6.1490064,41.775276,13.202651,-1.4505618,10.789762,0.81962967,13.478602,2.2293763,13.098471,10.6074505,9.373119,-0.22883661,9.023275,12.026925,3.8577933,12.540499,9.858979,-2.553324,4.5333395,6.0031304,4.885509,9.3021345,6.3697195,-3.997482,3.5199802,2.3050008,6.715035,-0.83354515,4.010711,-1.5667512,3.1094904,-2.5984232,5.3922276,0.567678,6.447015,0.05318410773026316,0.012514317784668943,0.18884163,0.09731471,November
-126.0326,51.954678,130.69968,24.691565,-9.010045,9.566445,28.78727,12.957635,-10.509104,20.586733,4.2486353,10.648268,11.779817,5.5030284,15.855033,4.0384445,-1.8553103,5.1841874,4.505028,3.5124378,6.956772,7.2702527,5.3869343,4.296881,6.2458844,1.8992985,0.37675694,2.6647413,-8.062591,2.7733316,-0.2231278,8.617521,2.7736032,3.5459194,-4.8458533,5.1498914,-7.82139,4.3091636,4.452739,1.9954945,-84.66362,40.004993,138.53278,10.7008,-23.299023,16.041069,51.765854,12.067525,-0.1427653,11.051106,-5.6302466,13.05946,-1.5078709,13.904842,6.692944,9.276227,-8.368099,10.774396,-1.6559196,5.1439505,15.788199,6.365582,4.2827983,3.41593,-3.6785548,6.190556,4.697981,6.7874656,-6.6724124,6.327344,-6.559624,4.641536,-2.6679244,11.981314,-4.718171,2.1713605,-9.631408,1.089733,0.8233572,3.9676242,-89.07415,71.830574,131.13678,18.222582,-29.953794,10.752663,44.446686,7.4174523,-9.942188,19.712406,-7.6363297,9.648997,5.555784,12.541195,9.060985,10.314801,-5.2588625,6.848272,16.486767,2.9978454,16.604332,10.081397,-7.6262193,4.4281993,3.8184507,2.168076,5.9791427,2.2184956,-10.460327,3.2591412,-1.0471392,1.7746989,-6.6065617,6.9068456,-3.9595313,2.7818267,-1.5806018,2.3413029,0.4981809,1.1522713,0.052571614583333336,0.01353467213781613,0.20969209,0.09320867,November
-139.30449,59.22581,122.46693,29.862267,-1.3510727,11.958152,30.0174,5.429124,-2.8435764,18.137787,10.07492,11.281679,15.090225,4.9081197,18.760664,7.4484577,2.9773395,6.000558,6.8919244,5.0999546,13.0314455,10.229812,4.697349,3.8946116,0.3967644,3.5140524,3.9232578,2.4534159,-3.4313557,5.224771,-1.8155203,6.6409707,4.1034107,3.2273374,-4.562449,4.777243,-3.861252,7.048647,1.8043094,2.558715,-87.11515,44.228188,135.10313,11.7990265,-19.397055,16.601131,56.194275,9.036379,2.7722797,11.834013,-3.869315,12.262931,-2.209779,15.224093,9.770855,10.942053,-4.403499,13.653186,-2.785713,6.743785,20.940395,6.9560947,1.7458586,4.501031,-1.2864803,6.922901,10.420028,1.8226465,-6.213461,4.471941,-6.347358,4.387842,3.6066191,9.918982,-5.6734567,4.673991,-6.2092338,3.3596327,0.43668783,3.476866,-119.75421,83.2359,125.92292,16.162241,-19.7609,16.14908,39.289402,14.222784,-2.3514695,15.456843,4.0292253,16.41369,8.920641,11.5492735,11.505515,11.618898,1.918603,3.9517095,14.166209,4.1608305,9.917747,12.843314,-2.5273223,6.770466,6.674607,4.3820496,5.3017697,6.2115526,-5.4223094,3.8572145,-0.2836649,4.6767235,-1.8994452,5.252532,0.18175152,5.293248,-1.2517654,4.496637,1.8358421,4.7561216,0.04724763569078947,0.018066209759321633,0.19368188,0.106968656,November
-131.30898,49.98106,117.40093,24.909943,-1.2052366,13.816396,35.441963,12.205683,1.7016923,11.16026,4.782761,11.003836,11.509608,3.6480303,14.415405,5.906625,0.7093198,5.3181677,4.845009,3.7269897,9.799664,7.5989194,2.6990285,4.1928005,0.5748444,4.116335,4.2092137,2.9866562,-5.0449524,2.20418,-0.80573535,7.505775,5.2187395,3.5998778,-4.0897937,6.2216725,-4.5839424,7.2760453,3.334939,2.9739356,-71.365036,48.20518,138.76035,12.091235,-19.35824,12.552896,57.281082,7.082815,-4.3557644,15.371756,-1.7484673,11.490573,-2.8625793,11.521455,7.2401156,7.8062057,-4.891643,11.946486,3.671496,7.1218414,22.995436,8.645696,-2.0646968,5.326693,-3.255141,5.6890945,12.017696,2.2404032,-5.938513,3.9649372,-6.071908,5.84253,1.2265246,9.631486,-6.915875,2.512753,-8.343338,4.2921233,-1.0925463,4.840856,-136.98343,75.07136,116.99423,15.404022,-18.497454,16.790796,37.02202,11.273539,-0.3004316,18.85803,5.2334843,13.81806,9.785033,8.84381,13.779932,11.71124,3.054733,8.864559,13.723067,3.9842794,6.226376,9.739929,-1.8004558,3.9476175,2.7514513,2.8899343,4.9683485,6.0824385,-5.432691,2.9341319,0.14163293,4.317335,-0.8986691,6.3138294,0.4261781,5.0919533,-2.7443852,4.2419677,0.4229873,3.1017563,0.050944010416666664,0.016136723449683744,0.1898295,0.10571234,November
-162.00267,55.390953,120.05206,20.033852,-8.299981,10.571083,31.833933,8.371046,4.872323,10.467182,14.846458,8.719114,13.482569,4.3465714,17.841618,5.5465198,5.9391894,7.837441,11.015414,3.3202295,9.239073,7.1785355,5.770616,2.3957517,-0.83100015,1.4401848,2.4386976,3.6084046,-2.7373326,2.933578,3.740064,7.286753,4.83821,1.9293549,0.47125867,5.312704,1.8944209,5.8820877,3.8524432,3.3496506,-90.38548,29.088793,131.98976,25.163223,-11.121735,18.093336,45.93415,15.262783,6.1571655,13.087817,0.9899282,8.483854,-0.37135524,14.913546,13.102594,7.83445,-2.6834896,12.011474,-2.7965817,7.060157,17.333624,4.5546427,6.7766495,1.3601363,-4.6431475,6.5134892,8.548207,2.2826052,-7.2544436,3.502698,-5.0461855,5.854602,4.665287,8.388102,-5.829273,3.1384552,-6.563725,6.2805586,1.1495781,3.9361448,-98.52873,72.98087,131.17845,15.030798,-24.004997,14.205451,41.06586,13.49591,-3.6637876,16.530287,1.45301,13.663041,-0.8057607,13.910363,11.356943,11.211277,1.6838717,8.8601,9.56842,3.9578261,15.267452,11.373479,-0.19195811,3.6224024,2.3818681,3.5342262,7.62186,6.357622,-6.1426935,4.0141115,-1.2925451,5.3931417,-2.087001,5.7920976,-2.5742414,4.0242443,-2.2168648,3.2783017,-1.3300737,5.0371222,0.04370684956395349,0.012590221165775671,0.19789842,0.10890185,November
-150.0511,51.09875,124.38848,28.83759,-2.0884619,10.434215,28.167246,6.9044285,3.5655494,11.191195,9.630426,12.415704,12.307911,5.0291123,16.009361,3.8952022,2.144343,3.9682503,5.2401304,2.6301932,7.204015,6.5880823,3.9592981,1.3886325,1.1053661,3.9290822,4.0607834,2.5390463,-4.7995214,2.7620368,-1.0595237,6.588256,1.8703537,3.6409433,-3.9627607,3.5302107,-4.4722185,6.528722,3.0274522,2.3811593,-88.901535,40.404358,137.9849,11.629815,-18.50654,15.603207,50.70435,11.741233,3.1567814,13.196902,-3.3592794,10.43089,-1.0760341,12.796557,8.070619,8.152188,-5.956489,10.387028,0.32308975,8.964424,16.373547,5.625272,2.4982991,5.918022,-5.9450126,5.4101143,7.3954206,2.046802,-5.5074944,5.0250187,-7.7255597,5.0689306,1.6913031,8.279935,-3.1086965,2.2421787,-6.91201,4.5857735,0.5292032,4.650025,-125.271225,80.06862,121.62348,16.027946,-23.64389,14.4665165,36.542816,11.468605,-1.3497162,15.280092,1.7381865,18.674906,7.0960035,10.670991,13.881315,9.833707,2.1464748,8.364246,14.954523,5.5771184,8.8778,7.9614296,-1.7148668,6.5371156,4.6250606,5.2603025,5.325404,6.2351723,-5.0884786,3.4839773,-0.3152513,5.8077707,-3.4253206,6.2855854,2.7849755,4.762773,-1.5979476,4.704757,1.0218829,3.4838133,0.04937900641025641,0.011938492301977247,0.17693229,0.103921935,November
-157.28093,63.438866,120.898636,24.594696,-8.763127,7.8276696,31.181437,8.009622,4.096082,13.694431,12.361274,9.803792,10.696775,2.995573,16.444304,6.4795117,5.8011484,8.739184,5.044453,5.700561,7.8337317,11.5709505,6.0734477,2.4051204,0.39104754,3.438872,-1.2515901,3.4512193,-5.831154,3.039282,0.4708305,4.19635,1.5662428,3.9193082,-2.1449103,4.7686176,-2.439256,5.789824,2.0307229,4.4416223,-90.662346,32.774693,131.8272,23.437384,-13.518353,16.439999,45.973423,17.309813,2.8814542,10.290305,0.88395697,8.645868,-1.2664793,14.470658,11.273259,9.074711,-8.496413,9.6925745,-4.2573404,5.6432686,20.472895,5.337157,4.558739,2.2842603,-4.050102,6.978686,7.7495995,4.9929037,-9.572566,3.7174032,-5.5642476,5.381168,4.4359083,6.560324,-5.984159,2.53956,-9.718481,7.688441,-2.0037084,4.9825306,-151.8511,68.56555,120.99388,17.748901,-11.564949,10.30269,36.469666,11.866319,10.305531,7.493982,13.334252,16.13742,9.080161,12.614296,14.471922,9.516093,2.1110976,10.178551,9.629562,3.0937436,9.289146,8.365131,2.582652,6.3959703,2.9042797,1.9002031,2.8375614,6.8060093,-5.1689043,3.9359145,0.8147217,5.1891494,-2.1674178,3.5694082,0.8560904,5.708774,0.9919469,5.9840035,-0.65744543,5.5780344,0.04981578480113636,0.013839090928286385,0.1644867,0.10688948,November
-138.83197,58.78473,127.997955,20.184982,-7.807092,11.671308,36.139004,12.728003,3.6522577,12.730724,9.025041,10.546519,12.280964,4.615361,12.126226,4.7547593,2.3498876,6.538101,10.671619,6.165317,13.82731,6.820827,4.990314,3.8859234,-2.3664093,3.6773615,0.6009924,3.7717638,-6.664761,4.2301126,1.1393968,4.360348,3.9493484,3.328192,-2.5728624,6.536404,-4.5522265,6.2009473,1.8732445,2.478903,-93.763824,42.251003,132.21083,24.007692,-15.476429,21.60015,49.421207,12.400799,7.7163877,7.6348224,-3.343707,11.894612,-0.45825326,14.518695,12.299307,5.9120073,4.9255586,10.46063,1.0743607,5.120391,15.412366,3.9805052,6.3033657,3.8224552,-5.655374,5.3611383,7.517369,2.6345346,-6.661458,3.7721202,-5.179299,4.7728434,2.220118,5.541213,-5.5082273,3.9292858,-3.6528814,5.3293133,-1.6647183,4.1824946,-78.97474,68.11949,137.73553,13.691317,-28.963808,15.235719,43.751938,11.014913,-5.2274876,13.977556,-7.858228,13.239968,-2.4335883,10.527012,6.264445,10.476061,-2.2927516,8.41065,10.561318,5.0417633,18.14893,8.832547,0.61801016,2.9699867,3.1216826,5.3750925,10.460964,4.8877735,-3.733931,4.1192346,-1.3859168,5.55792,-2.4353206,7.0640383,-1.6540778,3.3492322,-3.8874822,2.1958454,-3.1616457,5.9656777,0.048214285714285716,0.014595487847462342,0.21237087,0.10161472,November
-133.61276,54.05608,127.37114,27.008976,-1.8048978,12.865197,30.72309,5.349755,2.033476,9.408187,7.451298,9.14233,9.936955,6.402797,14.522223,6.4481273,2.8472528,5.554513,6.4405622,3.5761952,12.995027,8.39816,8.229847,3.4392636,-0.42706308,4.540254,0.09843605,3.3126156,-6.806532,4.4492364,1.1347771,3.9732654,5.2081747,3.3106022,-3.3246405,9.110516,-3.0311239,7.841061,2.4753878,3.8844142,-70.091255,35.021687,141.8955,9.243059,-26.729677,11.649439,58.916115,8.298569,0.928472,10.680084,-8.068336,11.89044,-0.43878,13.490133,6.8933544,7.4547133,-3.363817,12.252221,0.19192982,6.650325,18.03117,5.4597807,4.1373467,3.8877816,-7.1462307,6.312154,9.984931,3.1282902,-6.349939,5.09495,-7.6014705,4.284086,3.4842002,9.417159,-6.373026,3.6000466,-7.569039,2.532852,0.5886832,6.7651386,-85.90973,72.89327,129.75726,13.731476,-28.283625,18.24607,41.13347,9.673225,-6.420389,14.373754,-5.92646,14.495968,1.1607347,11.340327,9.829988,11.925436,3.742128,4.689805,12.800881,2.401573,15.242336,10.35538,-0.8028872,1.242125,5.724113,2.7138557,11.212926,4.9107766,-7.840263,3.61737,-2.9615555,7.3056736,-1.6957456,5.7374644,-4.122591,2.4860582,-3.134613,2.6653922,-2.3791635,4.9895425,0.04820667613636364,0.012175487610798742,0.22732577,0.10634942,November
-112.10693,45.488026,138.02162,27.577387,-5.8207045,15.156037,29.379541,12.563874,-1.8671112,10.887184,-3.8824186,10.237467,3.8917468,9.3210945,11.858161,4.935705,-1.1415437,6.750565,2.8878803,5.6474977,16.884289,6.990564,2.383636,4.405745,-3.2418947,1.4997958,2.9657507,3.9153314,-6.9316335,3.1288016,-2.4104035,4.115326,0.43358648,5.3939867,-8.970086,5.184428,-6.7483845,4.6220055,-0.7692433,3.839925,-68.397064,43.859756,143.0245,9.451299,-32.45879,12.426094,50.457394,4.956034,2.7764537,12.953925,-5.8057766,14.1874275,-5.692469,10.895574,3.9704237,6.2942796,-2.7309775,11.097997,-1.5071778,6.994786,19.321592,7.274693,4.8426013,4.682267,-5.398668,9.260297,7.83748,2.400916,-5.4280987,3.3068974,-9.069677,4.279286,3.2866766,7.9878473,-7.0082994,2.2101583,-7.778438,4.9811287,-0.9335213,5.4507537,-123.469986,74.398895,121.51343,9.943949,-24.142647,17.845362,36.855137,13.631346,0.029523263,13.425284,3.1026278,15.352125,5.5724306,11.725251,13.527181,9.853422,5.1280093,7.675852,12.576701,4.1674004,8.6110525,10.00316,-0.8515116,3.9052193,5.467563,3.9671068,6.564961,7.3354096,-10.6015625,3.6759639,-0.272541,3.6167786,0.9284772,4.1133113,-1.7318624,4.645231,-1.8604277,2.5884035,0.04096596,4.915441,0.055831473214285714,0.016587992934986702,0.20642386,0.10096173,November
-117.92536,53.805824,134.18513,27.421934,-8.0574875,15.528191,33.260643,9.992447,-3.7334068,15.992113,1.780357,11.47844,11.348252,4.3730597,15.571787,7.435443,-0.32409808,7.259469,9.000071,7.434541,11.774753,5.5772767,1.63572,4.8424206,-1.947351,3.166766,3.30533,4.6035476,-7.9792757,3.6290398,-3.299605,5.116008,3.074397,2.9407005,-4.839075,5.254494,-6.311348,7.073474,4.1891084,2.0317318,-83.28292,32.34708,136.0748,15.400573,-17.408583,12.53359,59.080578,12.244204,5.088475,9.997392,-7.2256427,11.543933,-3.189888,11.666745,7.031691,6.8605084,-0.8794245,11.492049,-2.3542778,8.821667,16.497326,3.1357236,8.01242,3.014188,-6.563789,6.8607435,11.178931,3.1777296,-6.1492968,4.3992577,-5.5219216,2.427417,3.43133,7.4354258,-7.365005,3.8440564,-9.560561,3.0795004,-2.4590437,5.1909814,-100.7576,71.988014,130.76161,17.282675,-22.836067,16.128551,44.71326,15.187645,-2.6296115,14.032823,-2.7143342,13.831034,4.757546,12.966321,13.954209,9.551716,2.1781094,7.424489,14.221566,2.8471012,14.072263,9.460854,-1.6632888,5.59655,5.0868826,3.8302355,10.623736,8.601061,-7.971031,2.0574336,-1.6052711,2.7388008,0.08108785,2.7737136,-1.5720853,2.7959597,-3.2032557,2.5828428,0.24940144,3.4257631,0.050470525568181816,0.012229689070226056,0.2092847,0.093838975,November
-121.86425,54.785297,122.16714,30.991072,-3.5054526,13.924147,28.78153,9.628158,-1.503078,14.74253,7.773247,10.048852,10.925458,7.8717127,16.249172,6.160415,0.67116785,4.062848,7.0890594,3.2917886,8.613343,8.653911,1.8858364,4.7431364,-2.6232018,3.9345741,1.363613,3.1850367,-6.6924014,5.1784124,-1.2283286,4.8438244,3.302793,3.4303021,-4.283776,4.2123613,-4.023225,6.111515,3.7421446,3.427669,-93.81475,34.30822,128.36029,21.095276,-12.839658,17.232075,53.976856,9.229107,6.37615,8.216913,-0.7456246,13.132922,0.4928529,12.630055,7.3664937,6.38228,-2.232559,10.448851,3.5188453,7.263228,16.560333,5.6500354,3.753506,3.596842,-4.498144,6.5088696,8.379317,3.1162035,-8.963657,3.8555105,-5.6212454,6.702702,4.196104,5.171923,-4.718789,4.2648497,-6.8810368,4.4681315,-1.2680392,3.394659,-93.0452,70.2038,132.61621,16.36846,-18.986101,14.949418,45.665054,11.437309,-5.3584847,14.830705,-3.499178,17.748817,1.5520235,12.671649,7.5080323,10.538263,1.719839,7.258624,15.377515,2.1535366,13.981318,10.166161,-0.11363963,3.94246,7.0952525,3.483624,11.797779,6.7551327,-8.5157585,4.1240873,-1.097449,4.564262,3.3958569,3.5228074,-1.9686407,4.5077157,-2.6601655,2.2460277,-1.5244837,3.522519,0.05305032169117647,0.016200034171138505,0.19925909,0.093813576,November
-127.91347,49.09073,122.89642,26.47192,-6.86782,11.648541,35.703285,10.412109,2.086807,9.874174,8.672949,13.382882,16.814615,5.744994,9.479777,5.5703487,3.8171277,5.8861423,7.7197886,2.5137496,8.233446,9.84336,9.44261,4.520265,-1.2233698,6.8409214,-0.19019449,2.0719373,-4.4038553,5.1780252,-2.9725487,3.6059113,2.9562218,4.068566,-2.289466,6.284713,-4.420454,5.9680657,1.5667614,2.9832911,-83.14891,34.183834,129.06828,20.209291,-14.270584,16.94724,57.4145,16.670118,8.227643,8.88968,-3.6852677,13.513377,1.2184054,13.34089,11.988063,4.117816,0.7196606,12.356674,-0.21025734,5.660427,16.784668,2.2696273,5.857501,3.1754768,-6.6320267,8.354407,12.457569,3.9777675,-8.6445675,3.628629,-6.5500464,3.8551238,7.033081,5.1755857,-5.6551733,2.2613125,-5.7334375,4.8798723,3.5000527,6.166215,-69.79166,58.74129,136.48882,11.649574,-24.177126,15.645715,49.302013,8.780523,-5.8344665,13.696681,-8.602239,13.422128,-2.0334718,10.633989,7.2347603,10.58015,1.8033165,7.1843414,11.288792,5.174143,16.481153,9.243018,-0.10097122,3.4951406,4.929751,5.4115553,15.048733,3.009666,-8.221943,3.9761996,-1.6876093,5.2259164,-1.2064352,3.4145436,-6.332272,2.8710787,-4.197236,3.0695648,-4.180164,4.1008973,0.0506744384765625,0.015234714589857893,0.22424576,0.09092062,November
-85.932526,38.292004,129.06357,31.148865,-6.6477957,17.362093,39.021645,13.783498,-3.4118843,13.754749,-2.9114347,7.950098,12.783224,8.246861,10.761408,5.5582743,-0.32761145,6.739598,5.6344347,7.013482,17.701366,3.6187184,3.9852328,3.9971352,-2.7019763,3.929533,7.187079,6.297089,-8.779279,4.274927,-4.579751,3.3149335,5.369156,3.551178,-5.657927,1.7996783,-2.4020467,8.252272,1.8405644,6.0399837,-70.49685,42.43931,145.13286,9.297121,-18.83248,14.113262,58.00481,5.2463217,2.2785864,13.521992,-2.0082731,11.949876,-1.0309048,12.162418,7.4689927,8.010713,-2.709933,11.946559,0.7470368,4.4024577,18.916607,5.986713,6.5453215,4.1152873,-3.4769852,5.567301,9.595194,2.423881,-5.851675,4.454962,-6.0850916,4.6209273,2.7578769,6.7770586,-4.4758706,2.7291305,-8.42569,3.5304961,-0.7134529,3.7422132,-105.7761,69.06312,131.6276,13.662885,-16.355396,18.309193,44.28323,11.422781,-2.0389411,17.226177,4.209596,17.249697,10.748154,12.145794,12.232149,12.235493,3.3729,4.93592,14.72393,5.395399,12.822711,9.652588,0.85476494,4.2067766,7.4888077,3.432708,6.0659204,7.5778384,-8.690477,2.8616824,-0.508714,5.5656424,0.3937528,5.0243263,-0.5120878,3.118288,-4.8528585,2.8100905,0.66157335,3.8476863,0.04659830729166667,0.017966575306676037,0.23692513,0.08122614,November
-118.36257,48.45906,127.802475,24.675735,1.0667683,11.794958,40.34028,8.364128,4.748254,13.837163,8.121668,10.503105,16.273518,8.248446,14.672841,5.708252,3.8413017,6.6204863,10.67539,3.5331748,12.992929,8.154099,9.441607,4.0593033,0.9569353,6.3127785,2.4883776,4.1070433,-6.8678613,3.2887504,0.55266726,4.741998,3.0186925,5.0745697,-4.5365844,4.5654154,-2.6935744,6.812345,1.8711405,4.4469237,-70.62756,34.145367,142.83415,12.673866,-19.719296,12.492093,59.14303,9.2347975,5.286162,11.051578,-4.5702753,12.5937805,-3.1896608,11.341146,11.22971,5.2763767,0.9271949,10.753416,1.9047172,3.8694007,17.929657,5.0202007,4.240288,4.756003,-6.5572305,6.633117,11.255318,3.0458655,-6.0196114,2.771756,-8.256605,4.9261017,4.1478066,7.9708524,-3.8151383,2.5408514,-7.400922,4.2824254,-1.1706989,5.213801,-99.25077,71.36165,130.23883,15.548372,-17.33393,15.234129,42.81784,10.587508,-2.2929308,15.830778,0.25141558,18.402042,6.0654335,12.083929,12.060944,11.305658,4.1123557,5.6966877,13.9316635,3.126715,12.175461,9.993444,-0.37801537,3.823004,5.758232,3.6759477,11.496699,7.8680944,-5.8585544,4.221271,-0.91424817,4.7903886,-2.528423,4.423393,-0.46312737,4.6799054,-1.4955268,3.4319725,-2.920558,3.763611,0.04266357421875,0.0147754251160758,0.23164359,0.08659885,November
-112.28025,33.912415,131.23009,26.583298,1.5697565,12.777197,39.609737,7.4919043,1.7490711,9.932915,3.1102352,7.6562243,8.49876,8.473132,11.438539,6.513778,0.38967794,4.399819,4.195154,2.887872,14.079303,6.134811,5.703578,2.6758642,-4.98659,4.1319323,5.138953,3.3489828,-6.3862724,4.0594363,-3.0729358,3.119299,1.5280945,4.8848486,-6.8133264,2.6890473,-4.8831854,6.479239,1.1531805,3.287341,-85.994835,40.557228,140.08907,9.449292,-10.737986,15.050836,55.99953,6.4794483,4.560674,12.279771,2.7872825,7.365157,-0.17101392,14.158705,7.007323,7.337651,-5.086521,11.408636,-1.3345833,5.396608,16.699303,6.708255,2.674769,2.940533,-8.1978245,4.2724013,6.7397285,3.0940766,-5.9057436,5.665469,-7.397574,4.4954357,5.141333,7.9480925,-2.9588149,3.5466135,-10.010572,1.8853562,-0.34589714,6.370582,-89.6865,71.793015,129.90465,15.507812,-21.660782,14.204868,41.7929,11.390617,-6.3736243,16.575146,-2.3648546,15.719317,2.4985592,13.472796,10.978751,10.660886,5.472326,5.298361,11.80325,2.502957,12.818829,10.7439,-2.2945845,4.7120395,5.430052,3.7109778,8.622083,7.0821137,-9.042478,3.8076084,-2.7633412,4.926599,0.18011872,3.9420855,-3.4216764,4.953557,-3.2570722,2.808517,-2.0306287,3.9656959,0.0475311279296875,0.013185068330597656,0.22765404,0.09582359,November
-117.00807,30.750467,129.43094,26.788538,4.17748,11.9864235,34.552895,10.083862,-4.5458755,12.664291,4.635705,7.951065,10.048502,7.4301767,15.479414,5.5808897,-0.25442848,5.728917,7.3547416,2.456823,13.099039,5.709416,3.5289416,2.8037677,0.60433924,3.2234452,4.2801065,1.9401039,-7.3640947,3.4022264,-2.3062186,3.6444154,3.749263,2.280178,-5.333351,1.4706665,-6.530635,6.2527432,2.2517662,2.8990119,-81.64371,38.457962,136.10088,10.690477,-17.547445,9.672401,61.783844,5.256312,4.931386,11.253228,-0.69891435,8.711319,-3.1218438,14.959234,13.201689,9.91984,-3.069266,11.922539,0.825013,3.5689747,15.529526,3.078361,0.10901246,2.947708,-4.0617375,6.5026817,11.816416,1.4433743,-6.4146714,4.385771,-6.965902,3.7347822,3.4338856,7.6805444,-5.011977,2.5656712,-10.129798,2.3648117,0.57975256,4.3085055,-100.988945,80.12946,131.9368,16.93946,-21.33911,17.953306,43.130745,11.126237,-0.5026129,18.839436,1.0340267,20.462976,8.651351,12.788817,10.619358,9.762259,2.9373016,7.110721,17.548784,4.0823703,9.943163,6.706326,1.9000889,1.3414494,4.053062,3.3244424,7.6762433,7.6998887,-8.723976,3.5537207,-3.7566118,6.4083304,-1.5549122,4.6440015,-1.600149,5.4980674,-2.5707395,6.5476823,-0.2266088,4.627347,0.050481980846774195,0.011780722169698868,0.20292015,0.08935708,November
-132.57632,51.218742,131.49818,26.706493,-2.4864779,12.650211,33.237724,9.286714,-0.7100484,14.816455,8.838187,8.8637,14.086521,4.0269303,13.583296,6.0433702,3.1124568,6.138496,2.0822668,6.44823,10.453907,7.1359544,7.318413,3.5444372,2.2500565,1.8406993,1.8732362,4.0692334,-9.896992,3.8257678,-2.2967353,6.7143354,3.3626256,2.6188016,-3.5026708,5.072255,-3.2620406,6.400464,3.3279881,3.4399498,-92.43944,38.584225,138.79417,10.256292,-9.323409,11.825674,58.761124,8.754188,2.7248425,9.8595,1.068679,12.664103,-5.0887275,13.907455,8.667886,5.813685,-5.1407895,10.559757,-3.5296,4.8345833,22.975163,5.7648377,6.6757917,5.7207594,0.02606612,5.0867047,12.290327,3.255865,-7.733294,3.7992256,-3.6576827,3.5954494,3.8388948,4.210304,-8.29075,4.3128448,-9.202076,2.4102488,-3.3856044,3.6460478,-171.03596,54.910923,121.59582,13.674237,-5.6104817,6.8228655,35.567684,6.6770525,6.79722,6.4841633,13.108459,7.395071,10.762854,10.997989,16.842375,6.385768,7.586098,6.155269,9.158799,3.0797925,4.391765,7.519584,3.5673285,2.694109,1.5508469,2.2484531,2.4098077,5.5874295,-6.1681514,4.425675,2.1599052,4.550276,1.5998515,2.9772735,1.2148112,7.0959783,0.977857,3.6479497,-0.33745605,4.4077845,0.04032702323717949,0.009865721702743366,0.16348602,0.086414546,November
-104.16963,26.731007,134.75777,24.721624,-1.2143105,17.254732,43.338596,13.783617,1.0202378,9.190616,1.9674608,7.4851837,3.3678339,14.833979,15.366608,6.4091344,5.640973,5.2171826,6.1260486,4.8706384,15.550656,2.1658328,6.0157714,3.2618222,1.5130032,4.060366,6.2689304,5.050883,-7.340601,2.430611,-4.673933,4.2755117,1.8639847,4.031234,-7.135094,2.5887132,-8.234473,5.3002424,0.24069819,4.6156926,-73.23823,59.363544,139.35997,10.70662,-22.393904,14.024523,63.57368,4.3944764,-4.794595,20.785059,2.1283991,9.37382,4.229784,11.927433,7.6618886,9.983098,-5.277909,7.4665456,5.048828,8.995606,21.272316,5.162895,-1.1089231,4.8845873,-4.1340275,7.153439,12.5686865,3.5132492,-6.404506,4.2449455,-10.718267,4.129255,0.26091912,10.766656,-6.493712,2.1030874,-11.185795,3.7513433,-0.7260871,5.5794554,-157.31161,62.68588,118.805954,9.139104,-10.177411,16.30298,40.975758,7.458358,5.5105433,13.213109,10.162171,15.737495,14.149766,9.537778,17.26938,9.2005625,6.6791887,5.591111,13.187201,3.3388166,6.434242,7.0639243,1.3744003,5.5688863,0.55572224,3.7537026,2.4049554,9.193939,-6.6705427,3.1457765,-1.6974038,3.1542275,-2.3556328,3.1752365,-1.5926074,5.0718064,-1.0899246,2.883926,0.7263418,1.9691024,0.04828065814393939,0.016590573655967278,0.19131768,0.08491475,November
-95.275536,42.71165,140.45897,30.191526,3.1076622,13.617011,36.759243,11.727031,0.5885873,15.054988,2.5493238,9.422921,8.897088,11.47415,17.928436,5.751219,2.814668,5.5952754,5.523272,4.0041113,16.161577,6.2516804,8.704373,3.3548143,-0.50231403,3.4451509,4.9574666,4.3528633,-5.7693257,4.5404387,-2.5827346,6.473464,2.7419279,3.1279254,-5.677649,2.0636659,-4.7058764,7.3124237,0.7645609,4.9801164,-65.10702,47.065178,143.36606,9.287459,-22.74689,15.726497,60.456684,6.183709,2.4438841,15.438107,0.29844904,12.985516,1.2029542,10.810575,8.450548,6.541328,0.5890003,7.5891886,4.1079726,6.347673,20.560644,4.375364,4.8764963,4.239189,-2.752608,7.19804,10.878696,2.2833774,-4.6886244,3.4666386,-9.85744,3.1189735,0.75116915,8.389894,-3.5477524,4.1634603,-9.650839,2.3427756,-1.5804819,5.5875144,-133.50581,58.37272,126.06344,13.80693,-12.019715,15.268352,38.910606,5.867045,9.34687,12.019367,9.419855,16.118155,13.428055,11.071813,22.317331,9.154418,9.458351,5.8141837,14.974693,3.4722407,7.4055743,7.4666944,0.34501848,5.3809943,2.400037,4.798916,5.9254947,10.078091,-9.0697,4.7647653,-0.074356794,4.1224217,0.25087097,2.412496,1.3716813,3.9059598,0.66857785,4.0077295,1.6858302,4.588495,0.04128689236111111,0.017027510814637974,0.24114807,0.08202742,November
-123.562454,44.896553,131.67223,30.872421,3.3483076,11.552237,30.216034,6.8608804,2.2373319,9.1428585,10.45242,11.772458,10.500589,7.276029,15.254239,3.870505,2.0148516,5.602292,6.320364,6.01175,10.906823,8.54421,3.3681338,2.7691612,0.31229526,3.1293497,2.9342866,1.8787426,-7.5487413,5.445265,0.1980546,2.3768368,1.2099569,3.399123,-4.7237873,5.6815796,-3.1381996,6.410954,1.0336232,2.3100777,-84.91127,33.087414,138.45967,9.624743,-12.349125,14.184281,54.029774,10.241206,3.553765,6.352702,1.8861209,12.677182,-2.6378763,14.120181,9.729827,5.174943,3.3521752,8.110343,2.19029,4.6305237,13.659833,7.64049,4.8605,4.9823685,-5.150152,4.4487553,8.415072,4.2512994,-5.6921964,3.193346,-9.201827,3.7780998,3.1313627,7.5343804,-1.7516232,3.57532,-7.7728853,3.3367848,1.0780123,6.3496714,-102.17868,64.48585,131.67393,12.5401325,-15.195921,13.736971,45.04954,13.868274,1.9199104,14.369979,1.2795486,17.359007,7.8135633,13.779694,14.948403,10.332347,1.3427999,8.636571,13.255934,3.5641227,8.599692,5.7466984,0.26741064,5.6406574,3.0369966,3.1381962,6.294051,7.248105,-8.504142,3.1764374,-1.1988883,5.537702,-0.4026156,4.256729,-1.5382957,3.5666418,-1.7215054,5.4376388,1.1880568,4.433671,0.04440569196428571,0.018295126638297316,0.2068396,0.07762794,November
-119.77686,47.31562,126.6713,29.139795,-4.437156,12.060283,40.57886,10.001047,3.7986221,10.970115,8.551778,12.657376,10.330744,12.153465,16.08661,7.232339,3.9708366,5.565778,8.983541,5.5662484,15.839859,5.9258385,6.079584,3.830136,-0.42772996,3.3398442,4.144308,3.8875103,-6.7948513,1.7633334,-0.9516938,2.361846,1.9414641,3.283595,-3.5911849,3.5995853,-3.3051884,4.9878836,2.434263,5.023753,-66.56585,50.238407,138.28627,9.156715,-23.13355,16.600098,60.729893,6.239674,-4.228943,15.614985,-4.899084,11.931672,-0.97563106,11.36423,7.3190536,10.438037,-1.5286779,9.466258,4.832086,9.636439,18.679022,4.8456335,2.2868936,3.66944,-2.2677033,7.560008,11.358943,3.9859562,-6.136888,4.4368954,-7.8820405,2.5585852,2.0133846,7.3115273,-2.2908776,2.5549836,-8.385434,3.239033,-0.9576216,4.914154,-155.17943,54.554966,121.77777,17.483316,-10.906648,16.5767,37.001007,8.650045,6.4719377,7.586974,10.2462225,17.305471,13.800011,6.944782,16.784407,8.651868,3.5847995,11.393467,13.15347,4.3469853,7.087276,7.0652065,1.4277468,5.7274714,0.20776968,3.2166014,3.4247255,7.131987,-5.5160346,3.922353,2.6055582,6.585291,2.4931035,3.3424177,1.4430319,5.13681,1.5585891,5.0794997,2.7954328,2.8145843,0.04810926649305555,0.015766976372043707,0.18850769,0.09223594,November
-94.96294,46.229137,133.35257,25.909473,-7.0952883,18.296412,35.266308,11.076654,-3.5268354,13.301903,-0.2851475,11.003657,9.46085,9.988951,14.787455,5.342998,-2.2520652,5.1105685,7.9823837,5.172997,14.9358635,7.269709,6.0953298,4.54278,-2.830863,2.3683298,4.780266,4.2393975,-7.3385377,3.1805043,-2.6622796,3.5166981,2.8215868,2.969586,-7.0054245,4.3553896,-6.0292387,4.888423,2.1544037,3.9817386,-64.05123,39.181473,134.26521,8.535645,-23.453514,14.461947,64.21191,3.641263,-1.2393769,13.320099,0.060782608,11.962055,-2.9490328,12.565216,6.6254015,7.963071,-3.1590254,10.793351,-0.6114428,5.9662557,17.344475,4.80346,2.184189,6.3886704,-6.184451,7.3627057,12.862985,2.1301422,-7.3999405,3.5208702,-9.718533,5.186149,4.194621,9.566623,-4.8035846,2.1436837,-12.461239,2.330019,-0.4555821,7.238964,-112.595276,65.251854,121.78042,12.2746105,-13.449848,10.780398,39.206463,10.92141,-4.6685586,14.211998,4.2070346,13.39264,7.233032,12.958263,14.671193,7.991551,5.4490905,7.884066,12.006996,3.2809029,7.7098503,8.059533,-0.45383307,5.6413364,4.222866,5.2587237,9.536683,8.271623,-8.287162,4.740663,-0.22989179,2.5574026,-2.0620482,2.6552691,-2.7212207,5.431423,-3.6257095,4.1146693,-0.24015017,2.1763465,0.05842141544117647,0.015130640583634773,0.21424517,0.097174376,November
-145.35976,55.56346,128.70932,20.774252,-6.1147103,9.8220415,31.67544,10.631057,-0.31310606,12.72363,9.916832,9.333646,16.014761,3.598833,13.866745,5.794777,1.5981597,6.3124743,7.04792,4.2742987,5.4497476,8.44824,4.352665,2.8617313,-0.5278489,3.4834633,0.51016027,2.7349896,-4.445854,4.127401,1.1154599,6.146814,2.6191113,2.5439148,-1.5468534,7.3894963,-4.605576,5.853184,3.2407615,2.7567167,-92.2153,34.984665,127.811584,22.154278,-13.37614,19.179571,55.1454,13.206659,5.2211614,7.8624516,-3.129666,12.265536,1.5963383,13.662047,10.856957,6.5909457,-0.5083763,11.192924,1.1380335,4.8201923,12.708614,3.8878791,4.749369,2.662887,-5.5022583,5.8955774,11.0851145,5.0881886,-5.511,3.1401973,-9.293879,4.2186966,4.525993,6.5565553,-6.756413,1.8707875,-7.216179,6.137828,0.0015083551,5.7808833,-92.37659,76.67926,128.08922,15.174223,-21.40992,15.92049,44.535744,10.376139,-4.6065493,16.941652,1.3841586,14.170114,5.2495975,15.159922,10.12232,10.61684,0.5150861,6.5915837,12.7398205,2.649657,12.883779,8.883031,-2.3845007,3.863261,4.1340475,5.0037684,10.402955,8.816669,-6.6694565,4.339549,-1.2282168,5.678213,-0.6176402,5.310088,-2.9259162,5.3899946,-3.4077709,3.498304,-2.091445,5.337601,0.05245724239864865,0.015618210648735168,0.19672368,0.10492926,November
-120.87759,49.048355,123.63015,30.223356,-0.42697868,11.084526,35.227337,9.286429,7.968343,11.475342,9.526011,8.010311,12.206721,5.183367,17.658604,5.4853735,6.5232725,9.587152,9.928304,3.4226785,12.060649,7.6793094,6.0872188,2.128969,0.2561903,3.325456,2.191647,4.449575,-7.470992,4.386475,0.18441534,2.108336,5.724474,2.4574125,-0.7748704,4.5439076,-1.874086,7.5970283,1.5688506,3.3152342,-83.06394,34.2154,134.06387,9.9447975,-10.580725,16.586784,58.752064,11.557053,7.8339615,10.599644,-0.15649977,15.15407,0.8247536,13.074291,11.423148,5.209586,-0.018685723,11.53978,-1.4405835,5.548582,13.986669,5.8903356,4.1426497,6.165229,-5.055925,8.632594,9.2939415,2.8052037,-6.9937034,4.7815847,-4.4609528,2.8914425,7.6666923,8.52746,-4.880004,3.767384,-8.958837,3.0517485,2.656028,4.5489793,-75.17956,59.814938,131.69604,12.762669,-20.759142,12.333823,47.51632,11.101073,-3.675122,16.07114,-3.543267,10.067763,0.113885015,12.210211,9.20789,9.9562435,0.24266191,5.0577483,13.529367,2.6993847,16.526022,8.903745,-2.0102358,2.8280523,3.0437303,3.658467,14.340256,7.735726,-6.909804,3.298518,-2.0658414,3.610652,-0.86498284,2.607208,-3.9817543,5.1673417,-3.2398026,2.2851288,-0.7917948,2.8270931,0.04548891129032258,0.016302422702365864,0.23730293,0.08928975,November
-133.01323,35.645462,123.75734,25.942467,2.0747514,9.835778,34.67251,7.5273824,-2.6483274,13.482783,5.8445296,8.975873,13.188429,4.2791433,15.534633,4.999004,-1.8552853,3.5657415,8.63344,5.1509705,9.789792,6.8995504,3.9867127,3.7402685,-1.0828853,1.8912171,2.6286454,1.8734462,-6.9146247,1.8104293,0.49328893,4.0762353,2.1198394,1.9363333,-3.8464599,1.4502531,-5.63046,6.5431066,1.2604301,2.5546014,-103.834274,23.072346,130.05606,12.112464,-9.630124,9.0808525,62.173107,10.2581,6.5409403,7.9883323,-2.9575775,13.2593565,4.699922,11.46657,17.98999,8.069422,-2.6800878,11.017277,2.164619,5.187998,16.489586,4.6709943,5.194272,3.0772507,-3.8378615,5.8165507,11.184975,4.679735,-7.7964044,4.807841,-2.837832,3.235423,6.098397,6.0485535,-1.7979969,2.9807863,-8.175454,3.640991,3.8823578,4.2478228,-94.60066,76.55942,130.85324,19.105492,-17.12954,14.693234,46.740494,11.715558,-5.5846543,17.346745,-1.451836,13.60011,1.8299819,12.501111,10.1989,11.445101,-0.21210219,7.834362,16.032911,4.443064,13.675375,8.92614,-2.5653942,3.7247279,4.9739814,4.926422,10.697022,7.6612425,-5.1524997,4.745055,1.008748,4.319417,-1.7795899,7.1149197,0.10416627,3.2531815,-5.3874745,2.3626623,0.8752176,2.9326172,0.051112021169354836,0.011251601167973576,0.18859996,0.084929064,November
-126.73041,51.698555,130.43404,22.710915,-0.86982954,12.655967,35.715076,7.7292004,2.883371,12.871193,7.33875,11.447581,11.165269,5.474375,14.92289,6.023304,0.2083253,5.9701967,7.3289347,4.0072365,7.1516685,6.969771,6.7270217,3.4676762,-0.2449964,3.8413954,2.6181557,3.3902028,-5.3218875,2.9979365,1.7741642,6.9430017,4.4011226,1.7137494,-1.5328381,6.9459996,-3.8387809,7.2419114,5.035976,2.0821903,-101.17203,29.060051,117.6219,24.805805,-8.145048,10.275603,48.850105,13.628566,7.730081,8.225205,3.4302914,9.318482,0.73700905,15.289528,16.300888,4.51514,5.500846,10.174904,1.9152606,4.6301785,12.7060795,4.4484935,3.6394196,3.2189689,-4.116589,6.9622464,9.313757,2.5174372,-6.7679834,2.6925511,-6.5404463,4.9195814,6.7118807,3.8792005,-4.62411,2.5292,-8.990609,8.64001,2.0937529,2.744108,-84.66636,63.572124,136.87447,18.874228,-17.569908,14.158949,48.583557,9.639197,-3.5048256,14.173163,-2.17196,12.947119,1.7261428,13.445405,14.321827,11.439987,0.39986578,7.6237025,11.648236,6.843546,15.09761,10.628046,0.41438508,3.9536633,3.410011,6.6789737,11.143224,5.588893,-7.268804,5.108151,-0.124879956,3.917197,-0.16864698,5.491291,-2.5891082,4.1693563,-3.1189759,3.3291645,1.5575174,4.0587306,0.048797607421875,0.019646471619139686,0.2045078,0.08386852,November
-89.49267,43.54134,125.43565,26.157232,-2.3456116,14.384135,31.345331,12.932519,-4.529026,13.122802,2.5512254,9.83435,12.306353,4.823563,12.249624,8.147773,2.5812018,4.526402,10.769615,3.8903868,9.07001,4.295801,4.738476,5.774165,-2.833618,2.511322,4.1031227,4.05201,-10.0343275,3.1021063,-3.0660002,5.518373,4.673557,2.3876922,-7.7886457,1.6558173,-3.195551,6.511959,2.837714,3.4242427,-76.17214,25.201761,133.00327,10.2641945,-11.275196,11.922484,53.81952,8.40763,11.392973,8.064771,-1.81005,12.315724,-1.864825,12.81429,15.134458,6.1000104,-2.4948888,10.129465,0.22034141,2.6418135,15.320196,3.7552593,6.2466784,3.716078,-7.2165422,5.51853,5.1415987,1.925355,-9.632369,4.436839,-5.9518886,4.617469,4.4636655,3.9322557,-5.217303,2.4046187,-12.683062,3.652439,1.1907916,2.9502683,-59.10792,67.27955,138.7413,16.281712,-19.536821,10.251815,39.97167,5.9893117,-3.4475791,13.357921,-9.529487,12.164848,-3.5908833,9.678208,9.425692,8.921339,-2.5078712,3.567026,11.219973,1.9693557,15.238173,11.349649,-1.7666872,3.7572749,4.364028,3.4910135,9.584251,4.249302,-9.903182,3.7156997,-2.0004652,2.8814151,-2.9820905,3.542861,-9.164844,3.0767164,-2.7681324,2.7038438,-2.273026,2.9303036,0.047623697916666666,0.010272284291131853,0.24728733,0.091808975,November
-145.09563,60.106403,137.03923,22.624954,-1.9692553,10.324408,30.497622,11.66676,-0.6916966,13.987162,9.841345,6.806491,14.46811,4.3859997,15.327844,9.094173,4.288589,6.935913,1.947843,7.224872,10.455707,10.564311,6.6475673,2.1949024,-0.38144234,2.689934,0.84657186,4.8508554,-7.668774,4.497503,-0.7352145,7.7845616,5.927063,2.5072854,-1.8848928,4.0448604,-4.1454196,5.629461,3.2244942,3.080495,-103.25242,36.34625,126.8798,22.180645,-15.792633,13.868305,56.201283,12.478036,3.7412577,9.546954,-5.8929043,15.007626,0.25385603,12.451398,11.443081,7.022064,0.09774407,9.234032,-3.8203304,4.265968,17.741917,5.788756,7.166193,3.813335,-1.4704789,6.414265,9.692472,3.418434,-10.741733,3.384963,-4.8843117,5.0444355,6.6398005,5.040611,-9.247975,2.2120094,-8.349385,6.1133785,-1.7914869,6.4005895,-143.31133,74.79942,123.186035,16.1476,-11.410899,9.419464,41.28232,14.56571,4.6217704,12.974555,12.653535,11.940292,6.6763215,15.171413,13.221211,11.506333,3.544672,8.262036,9.644941,3.0147862,7.506929,10.744738,3.0549302,4.5635114,4.123433,2.1847875,6.673393,8.272921,-5.73126,4.1636963,1.4367763,4.244368,-0.8010006,3.1750357,-2.0680192,7.6060033,-0.5038943,4.4131584,0.36843815,6.9221625,0.04778731496710526,0.01562506868553387,0.1661109,0.08579875,November
-108.5182,49.36319,128.76901,23.389513,-4.0888424,14.226771,41.075443,12.28368,-3.9343133,15.679342,2.1734939,10.854669,12.399972,7.023027,10.848803,6.2728896,-4.274643,5.603974,7.3493395,4.736057,9.170223,9.276677,5.7627974,4.4460735,-2.8356946,3.211385,2.5145595,2.2100925,-7.0457916,4.6044593,-0.4514245,5.969558,2.5191867,4.1823688,-5.8993616,3.2371864,-7.826806,4.2237577,1.5437291,3.0082192,-88.84779,35.89048,130.31992,10.090374,-14.664004,16.704947,55.03181,8.532122,4.376899,9.929381,-2.1588805,14.541618,1.3727344,13.802823,12.024214,5.405147,-4.4066634,10.993627,0.3893422,5.4011717,14.972116,3.5466325,4.1436625,4.9083085,-5.4994,6.3120613,8.758971,4.0602098,-7.2079644,4.445809,-8.203581,3.9126494,2.69989,5.1703143,-3.64721,1.9546881,-11.67055,2.2268772,0.42711687,3.2339988,-101.30029,69.92444,124.75448,20.314182,-14.193496,11.464732,45.916676,11.25218,-4.853953,13.014169,2.363283,14.6899185,4.0931554,14.389385,14.769024,10.903324,1.7857084,9.207959,14.366177,3.9028294,12.957851,11.469735,0.87569714,4.252904,4.8872204,4.176866,11.155131,5.4188304,-6.2034507,4.7074533,1.8069683,3.548861,-0.5222059,4.058956,-0.93184334,5.344083,-1.8031564,5.358231,2.4374394,4.1695547,0.0513153076171875,0.01698066029946292,0.20145474,0.07212148,November
-101.63405,48.097157,115.34712,28.520527,-1.628516,13.62833,35.27346,5.779629,2.1894805,9.24731,5.774146,9.229559,9.160482,5.736694,13.788172,5.4039426,-0.3429257,6.235274,8.462854,2.9957724,10.99536,6.6869097,3.3992896,3.8275359,-5.2143774,4.3494062,2.750803,3.9727407,-7.600915,3.0902853,-1.3818661,4.420518,3.2058315,2.4624698,-4.564386,5.081817,-5.66953,7.8806925,-0.31001097,2.612706,-76.24614,28.741674,127.374855,14.03947,-11.381931,14.00832,54.53727,8.081038,9.136759,7.490134,1.2808208,9.546577,-5.409047,18.385798,12.524416,4.9986777,0.031568814,9.42315,-1.2952977,2.9319086,13.881488,2.4222536,5.510348,4.0382104,-5.222185,7.355314,7.5486946,3.028034,-5.502202,5.1684413,-5.266633,5.443861,0.49051055,5.0206904,-6.3913994,3.5631263,-9.1664,5.137147,0.13538618,6.3462157,-56.572662,59.92993,135.36201,14.788865,-28.94071,13.410759,46.846554,11.513696,-5.9590044,8.281665,-14.250903,13.460893,-6.7775927,13.796173,10.161297,9.490187,-2.6888459,5.4776545,12.967262,4.5088415,15.858576,7.0860324,-0.27738133,2.9385715,4.9614253,3.5715654,11.086224,3.6500432,-9.325696,4.822212,-3.7003028,3.473436,-4.6634173,5.7256446,-2.2478783,1.8440713,-6.011073,3.037234,-3.9556212,6.4252224,0.054459635416666666,0.013917719270107874,0.24038641,0.0996085,November
-134.08603,54.161007,129.17336,21.193342,-7.0115166,11.5794935,32.27715,10.878523,2.3848212,11.128699,8.931617,10.661663,12.772497,3.8271978,16.542118,7.827834,2.3783793,7.1710052,7.169104,3.578625,13.30678,8.053172,5.598572,1.4669229,-3.777975,2.8628578,-0.26009017,4.8586583,-6.612648,2.1163342,-0.47162595,3.6728668,3.3080761,1.8365386,-3.0112948,5.6397247,-5.1999326,6.300617,3.5051937,1.0367787,-98.41194,44.25477,130.3868,21.526735,-12.6376505,17.535625,48.92677,13.018424,7.8210745,8.696135,-1.5252682,17.020977,2.6569803,14.834553,14.685381,3.4779675,1.8167273,9.862655,2.6804788,6.0092316,12.437709,3.637344,5.1337748,4.022517,-3.2635238,4.9965115,8.911194,4.8020167,-3.225539,3.0311804,-5.4411354,6.1791744,3.0219026,5.337931,-3.6390557,2.0543902,-11.56398,6.033575,-1.5621915,4.2992754,-63.32799,59.951134,141.27985,13.285963,-28.775352,14.610963,49.46857,3.98235,-5.2515993,13.784181,-9.949337,11.504484,-2.7989154,10.841156,7.0083866,7.2325892,-6.5324583,6.5245485,12.259974,5.924676,19.18183,8.242151,-3.1643853,4.326089,2.6773336,5.7733803,12.876514,5.240247,-5.8612413,4.6154885,-5.7899704,3.0890298,-4.277406,3.6849248,-4.661869,3.172517,-2.252893,4.2115145,-2.5118237,3.959087,0.04797757056451613,0.013910539133300356,0.2184984,0.09445316,November
-110.94754,48.349773,127.01584,32.876072,-1.6338109,13.375631,29.385912,12.727879,-2.237922,13.588427,5.3665333,6.175965,8.899096,5.37652,11.261477,4.9164453,-0.5830197,4.8065343,7.459294,4.6606817,12.535912,7.1539884,3.6696744,2.8962953,-2.2669508,2.6010153,1.6837411,3.3069613,-10.401291,4.5976787,-1.1989881,3.1012745,3.2256978,2.0181432,-4.5282383,5.400557,-6.273997,6.7515774,-0.3000784,3.3161771,-80.733,41.161953,130.51195,16.311417,-10.348303,17.611654,53.438633,13.571967,4.6850414,11.478254,-2.082172,13.5769205,-1.8154386,15.007287,11.15458,4.067063,-3.1695125,6.8479037,1.6624315,4.735624,13.439129,4.0920796,3.7495122,2.6255453,-3.929143,4.982595,8.255032,2.561239,-7.8099713,2.3435478,-8.12645,4.990484,3.2120051,4.8964844,-4.4947386,3.684994,-8.993465,4.7832847,0.5352941,5.0234485,-56.79015,50.53305,139.27043,18.17751,-30.44079,15.317668,50.91049,5.089356,-9.549685,13.431064,-14.150736,12.718031,-5.0898805,14.436656,0.810129,4.6373,-5.5598288,8.804774,11.787502,7.3668957,16.619068,6.145232,-0.96002656,2.7672276,3.7793465,5.370714,13.418291,2.910327,-12.012857,4.7308683,-5.395616,4.0018406,-4.165908,2.7882838,-5.316575,3.0154102,-4.532054,3.1679633,-5.347993,3.581473,0.060878208705357144,0.02202493067628443,0.24280106,0.08519781,November
-107.461136,41.38137,129.62498,25.821518,-2.558907,11.731928,31.243048,5.7603407,0.07402315,14.972606,5.9938345,9.015438,6.847766,9.057401,11.439662,4.873325,-0.05062132,5.196112,7.1323013,4.748372,15.24839,5.6351557,6.2049475,3.2843468,-0.372571,3.1984768,2.5061436,3.964298,-8.060471,3.5861976,-1.7254035,2.2901435,1.5298234,2.4242084,-8.306918,5.5091057,-6.3972683,7.9092007,-0.8160146,1.8915496,-76.60335,34.18088,134.82777,10.146956,-19.614613,10.453502,58.47524,6.21541,4.5127306,11.991009,-1.9657046,12.317721,-0.890412,15.979188,10.821178,6.7585793,-5.7400484,11.305738,-2.4838715,5.075201,17.830496,5.411991,4.5992045,2.2748647,-8.4781,7.0892034,9.133017,3.1441457,-5.418966,5.3076344,-8.120897,6.7232604,3.0258834,7.4528084,-4.5207915,3.511655,-11.399108,2.822581,-1.2649562,4.286706,-79.278915,76.04937,133.63876,15.840667,-26.848059,16.515987,48.672924,11.863501,-4.0318656,14.699461,-5.0301576,17.087511,3.9958649,13.988488,8.989014,10.28432,2.4630494,5.8179135,15.117941,3.6452746,15.502894,8.11693,-0.64917105,2.2173438,6.638733,2.943677,12.330454,5.9587345,-9.080588,3.422256,-3.2697875,2.4717577,-0.004547787,6.4744587,-1.1738541,4.7148623,-4.0922537,1.927496,-0.29212207,4.4406962,0.05091145833333333,0.016586204855276374,0.22931072,0.08271006,November
-118.015755,51.76252,124.345924,29.306551,4.619597,9.508571,30.2782,7.372765,3.9137392,13.322753,14.696552,8.239737,13.34552,5.8655653,17.365358,4.0492287,4.163534,6.412763,9.814147,3.663642,10.749435,6.8495793,7.065384,2.360244,4.0457516,2.0101826,2.7570422,2.5843215,-5.8554006,4.038631,2.659965,1.623072,-0.4698528,1.9268411,-4.6381164,4.1181197,-3.868477,4.7877107,1.34137,3.5236628,-76.58946,29.917171,132.63275,14.919299,-11.242086,16.109055,53.48268,8.097748,7.4966397,7.333437,-0.56966776,9.867057,-1.260481,16.556574,13.509968,6.831923,-3.5863912,9.524999,-1.6461487,3.7266262,17.315123,3.350988,5.135627,3.0545416,-7.201409,7.463424,6.548216,1.88411,-4.423486,3.1534934,-5.2985373,4.0508537,2.4417527,8.0640955,-5.705435,1.8569932,-11.471177,2.7283604,-2.9916823,2.2716706,-74.37537,61.75386,129.27873,10.641226,-25.379179,13.156352,49.06908,12.055497,-3.6751351,15.808777,-6.163056,14.644936,0.92267364,12.528732,11.358783,9.279159,1.1755899,7.3403635,11.378791,2.527499,13.599671,8.893317,-1.3233951,2.7017035,4.5017147,3.339327,11.633201,6.262412,-10.853309,4.6409726,-3.0215049,4.5342507,-1.5585729,3.6257348,-6.898808,2.675249,-5.8422756,2.9694092,-3.4910433,4.976957,0.04413766571969697,0.01618550490595319,0.23079146,0.08860844,November
-106.95597,41.175705,131.75229,21.491858,-1.8387685,10.499101,34.59006,8.524414,1.3935094,15.710613,8.195519,8.24286,11.140732,5.2239084,19.153502,8.029918,0.39000383,4.648151,8.636756,4.0624385,15.114755,4.5574636,5.032934,2.2923734,-0.9839465,2.0012574,5.0400677,3.780611,-7.1844,2.1123855,1.1572795,5.0490074,4.9888406,3.128652,-4.8058214,2.3623564,-4.3045897,8.248179,2.987687,3.207431,-79.51392,31.914648,133.28725,11.11463,-15.929684,13.665442,54.262302,9.041476,6.546845,10.803388,-1.5274386,12.6859255,-0.3744511,15.400502,18.08338,5.7052913,2.2229643,9.095795,-3.1567652,3.3627367,14.818546,4.341171,5.040346,4.3224163,-3.759939,8.894225,13.114215,3.7169456,-9.163042,5.530554,-9.284279,5.190317,8.906372,4.306441,-6.5243635,2.5670772,-12.772239,3.4654684,1.445943,1.6559721,-67.40048,51.169075,133.86075,11.159243,-19.91528,11.176764,50.064564,11.1626625,-6.99048,12.698015,-5.969961,10.346445,-2.8486154,12.768441,9.771992,7.464667,-0.8306618,9.463866,8.012338,6.900962,18.74603,5.7924366,-1.1673412,2.1750674,5.333353,6.2903132,15.912522,6.050444,-13.7563715,4.8952656,-1.903064,3.0656536,-0.17874168,2.5690925,-7.9457016,2.4461684,-5.636356,2.4815602,-3.339325,4.0918016,0.04993938577586207,0.01287720977018706,0.24107465,0.07203569,November
-130.35811,42.311428,127.37116,28.33933,1.9941387,11.630357,33.44721,8.528233,4.2417955,10.6356,8.817901,10.062797,13.544235,7.346495,15.702589,5.0465493,5.4453945,6.578112,7.22381,5.721142,9.3948965,7.954349,2.9208353,3.8086448,-0.5681937,2.890919,2.2940538,2.646919,-9.118576,3.6467962,-3.2596068,2.623629,1.843746,3.5723624,-5.148356,5.1250935,-5.1990495,8.04727,0.97256863,3.0485954,-103.05636,30.222979,132.11395,12.769882,-9.392286,11.895414,57.439976,12.707236,9.373381,5.6658363,0.42078018,8.451946,2.5411015,14.5761595,15.701793,2.8673637,2.5198665,8.388503,-0.70404214,3.405825,13.645735,1.709789,2.6640472,3.7957845,-5.329373,6.999867,10.965771,3.007757,-6.595141,3.3907099,-8.629726,5.935061,2.8775516,7.143486,-5.482819,2.7393904,-10.993949,5.361606,-0.9302191,3.5730698,-37.293922,35.126316,136.41971,4.6012836,-38.090935,15.607179,56.54316,8.9991045,-13.735851,11.989028,-14.395501,6.245337,-9.625984,6.5510163,2.0083838,1.9248552,-2.4215524,6.2993455,7.256719,4.6650753,18.543015,3.8145454,-3.8007545,2.597519,3.2746053,7.9484186,15.257958,1.9731873,-14.171788,5.906707,-8.460612,2.7231944,-4.1211066,2.1557057,-8.999533,2.2245762,-6.8796167,1.344565,-9.540511,3.0433736,0.048267505787037035,0.014849426316690693,0.22511978,0.07616588,November
-116.08278,42.83817,129.57208,29.703447,2.099795,8.591549,32.702744,6.2216024,3.2675414,10.154484,5.1647243,11.223658,11.846166,5.7070823,15.349084,4.4217615,-0.014603191,5.2374926,9.149034,3.0607922,13.996355,5.8595724,4.9729943,3.106039,-3.9197836,2.7743812,0.2890498,3.3421972,-6.679344,3.2243278,0.44172162,3.0605233,2.7280502,2.5868552,-7.141464,5.733283,-5.9349113,5.5905023,1.1362088,1.901986,-92.665344,28.926584,129.46278,17.083183,-10.4167385,14.32525,55.33396,10.340883,10.888009,7.6173186,1.5012925,12.2329235,0.20318392,14.535627,14.250868,3.8138347,2.2124102,5.679983,1.2916652,4.553458,13.003004,4.7027626,5.317469,3.7572455,-4.003558,9.880635,10.294559,1.7549309,-6.263516,3.9647927,-7.973452,5.825815,6.219139,6.8245273,-3.6785097,4.017707,-9.268795,4.6761074,1.3566877,5.0279922,-72.121155,49.86552,134.82475,9.1544,-17.895973,16.984562,54.66757,5.766727,-3.8461518,12.1056185,-7.529923,10.876386,-4.1463366,12.224689,7.820271,4.856595,1.5027753,5.273915,7.4512053,7.178139,18.361235,6.2704434,-1.2715982,4.414429,5.9569745,4.9273505,14.824951,5.1209745,-14.695623,5.6849475,-3.1238053,3.2510462,2.210496,2.5892675,-6.8458924,3.756455,-6.0369153,2.6699579,-5.416547,5.879671,0.05029296875,0.015533706727996668,0.2165667,0.07366388,November
-142.91673,62.116436,128.95927,25.116646,-8.8302355,14.8083515,31.114557,10.568656,-3.3737402,16.45333,11.268743,12.627717,11.708996,4.265736,14.907241,5.2908454,-1.0873603,7.163668,8.589253,2.354503,13.227036,8.399259,3.2357557,3.6903322,1.5846299,1.406249,2.2737272,3.4644592,-7.3223724,5.0088606,2.9895017,5.1707516,2.061513,3.0196433,-4.1279907,6.359119,-6.117639,8.05035,1.6057808,3.0482883,-106.789925,28.899426,126.6699,27.595541,-14.780448,18.989212,52.225582,15.961801,4.1188154,7.267958,-3.9038277,12.798202,4.9582496,14.180296,14.123645,4.763984,-4.0723248,10.035952,3.645955,7.3667254,13.735703,3.7358925,3.2444417,2.357042,-1.3031664,5.310199,9.5204,3.586603,-8.746554,2.2542522,-4.200555,4.9835258,4.572706,6.0149884,-7.132823,3.413716,-8.710355,6.686898,3.3936427,3.6656487,-75.00196,73.78136,136.94427,13.201103,-36.565434,21.982279,44.819534,10.260852,-14.943119,16.386318,-7.1489005,10.768561,0.7089014,9.33285,4.756536,8.49904,-4.3079915,8.541719,15.650802,5.3531837,18.511919,9.786329,-3.7912593,5.5248213,5.0202723,5.6832113,6.312473,4.08526,-6.8489933,5.5360355,-0.20693973,4.456865,-6.9696226,7.802301,-2.4144883,2.5619216,-3.2838073,1.0836421,-1.7147005,2.9174132,0.05652901785714286,0.0191605038510071,0.18918015,0.10217862,November
-145.69005,61.46186,124.89791,21.535326,-8.444614,7.467067,33.56517,9.972049,3.3395755,10.5868025,17.642801,7.7573586,14.870854,5.8313813,15.531611,7.933561,7.1317596,5.6966543,6.5587854,6.526033,10.422815,8.585928,5.9946017,3.1816432,0.7603713,1.4905441,-0.3373109,2.8937507,-2.843726,3.4323006,2.7046244,7.195105,4.5225735,2.9950466,-0.6745136,4.3334403,0.655736,10.248695,4.18317,4.0677176,-84.373604,38.23979,130.5582,22.561573,-9.60969,17.688374,53.426003,12.618395,6.9922767,8.864554,0.41835323,10.410886,-3.3970609,13.20706,10.987944,7.148741,-0.24714921,8.572961,-0.021171093,6.844915,22.974344,6.723834,5.60039,4.662408,-2.6925905,4.914219,12.886629,5.0952744,-5.079137,2.9488344,-2.1380243,4.4268084,5.2300053,4.4413395,-6.87473,2.9735336,-4.3842945,5.9833665,-0.11025722,5.89887,-111.63399,65.26835,117.45137,27.301077,-14.157156,10.732442,40.45361,8.727122,1.9121311,11.35667,10.15476,10.172673,2.491186,13.647755,12.647573,9.34487,3.3923326,4.0136466,9.2532015,4.2407746,11.375472,11.575962,1.7917955,5.3900247,2.6681924,3.1970727,5.5983596,6.3450146,-6.3019853,4.3258357,-0.6174714,2.559775,-1.1473929,3.207017,-3.0337977,5.4806576,-0.5584153,3.749261,0.53296775,3.7778506,0.04444580078125,0.017118588932111083,0.18811688,0.1005995,November
-109.16425,52.608578,123.578514,29.181238,-7.7372975,17.054728,40.152134,12.4470415,1.5451118,13.345277,3.6553442,12.365049,14.217404,2.6306098,16.026314,7.1212597,-1.3702985,6.546598,5.041634,4.313774,12.386313,7.3091645,4.840383,2.3120608,-0.35625157,2.7717705,2.8492436,3.8060973,-9.462017,3.7712636,0.54565454,2.027769,3.2662742,3.3079507,-4.963702,4.79268,-4.7613883,7.6951494,3.0930445,3.8507655,-84.86922,22.380804,132.98773,12.941319,-9.538297,10.70047,50.021107,11.11397,0.3979929,9.650709,3.376916,8.5409775,-1.580407,10.942865,12.65556,6.0847135,-3.633297,7.4126496,-2.8347588,4.428834,17.41912,4.323105,2.1919398,4.680319,-2.4219382,9.232609,7.583763,3.666185,-8.033211,3.3176606,-3.1681154,4.820788,2.9975853,6.6762776,-9.487366,2.847249,-10.180237,3.149855,2.323741,6.450392,-75.96337,81.85079,128.6579,13.3301735,-31.119408,18.264887,49.208652,11.6833725,-7.517651,14.757303,-4.0706005,13.010875,0.4765657,14.990443,10.570641,10.232639,-1.3628149,5.7438383,12.279049,5.040473,16.551046,9.9200325,-1.3907146,3.5876555,3.8975885,4.50808,11.219749,6.866742,-11.054795,5.061793,0.6842127,4.6323867,-2.1421483,6.0313106,-5.9950275,3.4657366,-3.236397,1.8981512,-4.901479,4.6853795,0.05629595588235294,0.018802289198883684,0.21844687,0.09500763,November
-170.81837,58.65199,126.235825,17.760918,-2.5247366,9.770621,33.982292,6.1102643,5.2428503,15.524478,17.23359,10.3247,15.100977,5.0893497,14.934297,9.428711,6.200427,5.093095,9.2280245,5.2726474,7.1917987,9.536751,5.2933793,3.385351,-0.4953348,3.082586,-1.1386102,3.8974414,-3.4754539,1.9703242,2.416155,4.8606567,4.638247,2.9963157,-1.104285,4.675166,-3.0147133,5.7306867,3.3841264,2.0892859,-105.03628,30.49552,130.08362,25.68275,-5.0483756,16.293127,49.259888,16.359968,2.6512167,11.157697,0.51717865,10.937897,0.44655758,14.185861,13.551119,7.616426,-1.8815782,9.683833,1.3237212,5.839363,16.332212,5.9966264,2.2639577,3.6231685,-2.1428204,6.5339637,7.07764,4.614495,-6.552055,4.620048,-3.7060084,5.1758904,5.0478654,5.7260666,-4.8637958,3.4854453,-4.0020986,7.600738,-0.68853843,4.550375,-136.08382,73.70757,127.154976,13.856094,-14.822112,13.797219,40.145508,11.811417,-0.5990564,14.527029,9.283361,13.135883,3.2978914,15.909918,10.03795,10.826907,0.48099804,5.955422,9.617279,2.6819649,7.0435257,8.727784,-0.5508756,4.6696825,0.5352799,5.053945,4.23925,6.4893045,-7.1611648,2.6430228,-1.400835,3.1169686,-3.1475773,6.404264,-3.460729,5.2642317,-0.8252796,1.978057,2.1959531,7.160183,0.04396856398809524,0.02080678221047293,0.14433824,0.08098186,November
-129.57289,67.27367,128.27242,16.25633,-5.506977,13.120287,38.53652,10.809294,-1.0433546,16.836472,8.788341,10.336424,13.662375,3.8596048,12.471505,8.237401,1.9532515,4.0433836,6.2402396,4.963153,8.323413,12.264537,1.7731609,2.1338875,0.22748685,3.0092816,3.9430006,4.981136,-4.8838983,2.6677494,-4.0344825,6.258415,3.1851635,4.70272,0.4160461,6.2697964,-4.7385445,7.383103,3.3834836,3.0089335,-85.09523,37.689625,127.81283,22.705952,-10.787125,15.637402,50.83995,14.079454,4.1940413,12.491383,-0.075144134,9.670182,1.5099012,15.248461,15.442224,5.127528,0.47156748,10.982826,-4.032414,5.3538437,17.960657,4.4550257,2.7888718,2.7259748,-4.424365,5.5997596,10.734188,3.4851768,-8.598287,1.9757028,-5.4447904,5.5034685,7.0369143,6.1697927,-6.2571335,4.095331,-4.626147,5.5811744,-0.23551808,4.950986,-94.67547,81.137665,125.86958,12.185522,-16.39909,14.415389,43.486347,14.925562,-4.333306,14.869509,7.5905366,9.167637,-0.6783387,17.037273,13.105201,9.065047,1.9256624,7.8015,7.671847,5.1920815,13.114748,13.622367,-1.617552,7.087399,2.6732693,5.3867097,4.595376,7.447103,-5.528077,4.099431,-2.1002564,4.731788,-3.8455727,4.6663566,-2.4223747,4.529682,-1.1708044,3.2620308,-2.8308575,6.0509405,0.049560546875,0.01502595279250579,0.20350133,0.11045161,November
-136.13765,57.688267,128.0529,17.77578,-4.204546,8.881326,31.132906,11.9470825,-2.016184,12.9167795,7.43127,9.102636,11.959256,3.8653302,12.503432,7.322267,1.9332479,4.596016,7.8456473,4.892461,8.061359,10.197158,1.3807101,3.5498023,-2.0750144,3.0068917,2.7996264,4.2546816,-4.9550323,2.729591,-2.7066097,4.30757,4.7095733,3.8457112,-1.1155459,6.4475784,-3.656187,5.36023,5.34677,2.2029154,-92.74717,32.979107,127.644066,22.079243,-7.8637156,17.970392,49.159817,15.418162,9.825448,6.321236,-3.6992018,14.7363825,-0.4015474,15.110681,12.980228,5.282392,2.7335727,12.364505,-0.3705827,4.8296595,12.733869,3.80804,1.9083042,2.3633685,-4.8859982,4.890788,9.064471,3.3753018,-7.3066697,4.3605256,-9.597638,4.820689,7.7897086,5.19014,-6.235249,4.2058487,-5.0793514,4.9198823,-0.37744835,5.1564884,-98.6317,75.32923,129.84373,15.4399,-17.571295,12.305544,40.8413,13.143379,-0.59427506,12.847205,3.5729272,11.652106,0.107194625,15.33087,10.475486,9.697641,2.0160248,7.2166615,8.933495,3.9671602,9.668047,10.874607,-3.1166096,5.0741253,2.0631683,5.4523935,4.720134,7.7646556,-5.8453836,4.434558,-0.5254869,4.0291038,-3.6584086,4.6840944,-1.0048908,5.606822,0.66762155,5.0222297,-1.9232314,8.044155,0.05205335115131579,0.012902932978467545,0.18712488,0.11128411,November
-141.4851,49.187817,119.36055,23.670918,-3.5539067,9.240699,30.434488,11.118378,-2.5740428,13.600902,12.257985,9.429871,12.58635,6.5740976,14.089641,8.441067,3.177851,6.5998282,6.451703,3.8949769,9.727208,7.3484535,1.0429553,4.426874,-3.4343781,4.407052,1.9782535,5.084677,-9.91211,4.113678,-1.092768,4.0037394,1.3932304,3.395497,-5.238233,7.280964,-1.9655914,6.6758685,2.0012429,2.9399958,-74.248085,51.02934,140.12112,8.002702,-13.815203,15.038658,54.26742,5.6054816,-1.3064897,14.5590105,-0.06570053,10.991954,-8.37746,12.167794,5.9140234,4.4069166,-1.58671,8.7300415,2.0586505,7.8536844,22.081177,7.702498,0.122284286,3.7960982,-1.5646213,10.468881,11.95661,2.5212238,-5.820482,2.353415,-5.497624,3.6466413,1.3119504,6.9309025,-7.224327,2.7123497,-3.2260125,5.4920697,-1.4689558,8.083156,-171.70268,44.62159,116.21762,17.441473,-6.794709,7.1023235,31.299355,5.850786,9.819184,2.5495877,15.029321,10.935149,12.099395,6.9333205,18.772318,6.965377,8.431901,5.546909,10.314439,4.174099,3.0424826,4.5820026,2.885288,4.059587,0.9336358,2.6919134,2.6555283,5.2659097,-5.5684633,3.095041,1.8637537,2.759827,-1.1303359,2.4422832,3.080037,5.7950897,3.7288146,5.0734262,4.3214116,5.3983455,0.04771529796511628,0.020063471430994767,0.16022384,0.0983519,November
-150.59999,54.167953,128.6664,26.072657,1.5223187,8.590579,24.971754,2.3409824,-12.655782,25.930206,13.367324,7.2527647,13.410974,6.6327014,19.676971,4.5069413,7.7962294,6.0236464,6.6160426,7.470814,8.951159,7.4344215,6.6150923,5.3543177,4.878108,5.199822,3.5456958,6.248416,-6.5609646,7.9195266,0.39592633,8.311031,2.972238,4.995248,1.0729165,6.2116265,0.95639265,4.831622,6.4340644,3.4167447,-84.167,46.090946,139.9569,18.049038,3.0517707,16.244257,47.473774,15.117803,-14.197259,14.356141,8.396941,9.174077,-0.37695062,10.471824,7.2676134,10.234337,-13.808259,5.8282385,-5.1842356,12.170885,19.853657,9.071602,1.5842088,5.5655494,5.5339994,4.7080464,9.945669,3.9897132,-9.129165,6.6717005,0.19402446,6.5887246,-1.9426147,4.218412,-2.8085744,4.6697745,-6.29034,4.473076,-3.7684085,4.2753196,-176.10983,40.123695,113.67268,14.146002,-4.1221066,3.956615,32.79081,8.807219,11.426722,4.6058893,16.21631,8.764496,17.014214,3.0790532,19.496996,4.8793077,6.634366,7.5510254,12.562656,3.7382307,5.4273663,4.609355,3.4874272,4.9021916,4.0821185,3.6779358,3.6922483,4.9897966,-4.559889,2.1507282,5.098785,1.8246269,0.51479286,3.3956857,3.4964442,4.873763,3.8352454,4.8012223,4.404764,3.8790035,0.03876201923076923,0.015106039988978533,0.16825053,0.09374706,Oktober
-145.39552,49.069016,134.32112,31.599277,2.2830162,7.7137475,18.499289,7.032854,-21.02958,22.344051,15.482277,14.14997,11.857247,6.4199758,18.97772,4.0548167,4.7748346,5.485862,1.9267619,6.7778225,13.648399,8.480638,11.828571,3.7934353,0.75904125,4.080493,6.4874115,5.3684206,-10.531996,7.1796193,1.4857734,5.1097136,6.931918,2.5327978,-2.3323228,4.256685,0.98976326,7.5829506,0.5419671,2.8436706,-100.48496,30.720766,148.3719,14.820984,8.999551,10.221078,43.003002,10.389504,-19.781347,14.142273,5.0732603,7.31877,2.95233,8.5861435,8.3634815,8.532479,-8.014193,6.9510894,-2.9084432,4.1847486,21.33386,10.443544,7.420012,8.26056,2.8845572,4.1374016,9.73807,4.7979755,-11.542791,5.4745708,-0.3215255,4.8891735,5.7292757,4.2684813,-7.741567,4.187567,-8.950638,3.2951534,1.9785637,3.7347317,-146.54462,65.93889,121.99255,13.628263,-9.47273,8.819236,40.016273,10.174172,5.6876,10.92025,2.2131388,15.165468,8.550142,9.754257,12.412736,11.31066,4.307451,5.417884,9.506275,3.920629,10.216759,9.222681,0.5453168,5.105697,5.2025614,3.9810297,8.527316,7.512697,-3.691049,4.6038904,2.2114446,4.8652678,3.0587108,3.7571802,0.19292088,6.6605897,-4.045426,6.7755656,-1.9354013,4.403129,0.04449869791666667,0.014643409148536004,0.16696452,0.081755474,Oktober
-120.39542,45.907837,132.42064,25.46022,-1.7336882,9.625375,20.969244,10.088772,-17.783457,17.348606,8.495172,5.9194913,7.067911,9.379282,16.80197,3.8792017,0.47592118,5.293555,-0.61962944,7.6752195,18.041235,11.391005,9.453627,3.3922644,0.11947718,6.5543547,5.271953,7.9930844,-9.171828,6.055321,-2.8411531,4.9640245,2.0901048,6.5776467,-1.6221927,5.5152326,-3.1239622,4.4694376,2.8615823,4.3136454,-78.03425,47.05392,149.22334,9.142605,-0.14902773,16.799023,42.37613,10.402425,-12.317397,14.454005,0.3538437,10.501931,-3.801491,10.20555,1.9821852,7.427921,-12.580881,4.264591,-3.8147087,10.410917,18.868141,11.955991,1.700103,8.063823,6.434169,3.825903,8.322303,4.6944633,-7.0203586,3.7753239,-2.4402802,2.5000436,-3.084195,5.5811076,-3.56066,3.4402573,-10.707656,4.340321,-2.9348693,5.417897,-171.565,33.38131,115.81354,16.657366,-6.483141,6.18982,31.385427,4.003421,7.9907036,1.1909122,12.132317,7.008521,15.536664,5.49369,16.543703,4.449675,2.370766,7.0412016,8.747058,1.8676268,4.8195195,6.293996,3.0724251,4.273192,2.1232398,2.2357469,1.9375768,3.4856534,-4.301914,3.1533809,2.68209,3.356965,0.37717676,2.2074764,1.4132408,5.2801156,-1.1964006,6.4735727,2.540333,4.2109413,0.04921587775735294,0.01171861800281143,0.1729358,0.10247833,Oktober
-140.60805,49.753746,135.72035,26.657333,4.184683,6.7718363,20.558073,10.358603,-24.203672,25.510172,6.3554506,12.780549,4.5651836,6.278105,17.083628,5.9114404,-1.8035263,7.395484,2.164756,7.797151,20.275414,10.168802,8.759696,5.8717437,3.3309355,4.5573425,2.4285352,5.213497,-12.333404,6.913766,1.7234511,4.1384125,1.7706428,3.5588021,-0.32114455,7.125726,-2.3739834,4.963644,0.058727786,4.877434,-95.15112,49.12169,148.80168,9.561229,1.9474629,14.41081,44.503956,15.131458,-15.515555,13.740118,0.4264159,7.6417985,-4.3377986,7.6902127,1.9768128,6.63902,-10.94345,4.738772,-3.1163309,8.912923,19.22535,10.918857,0.80691475,6.874393,3.2935302,6.716952,10.092345,5.4716134,-10.392993,4.3782134,-5.2627745,4.2899804,-0.80615026,4.92523,-6.3720903,3.39591,-10.524142,2.343179,-3.7628977,5.2646656,-177.1444,50.18411,117.37995,15.584468,-11.323089,9.557707,33.814484,8.85303,6.270068,6.0975437,10.870109,13.865553,15.734305,6.655218,15.629023,9.807663,2.2223842,10.077564,14.080138,4.9343596,7.4639726,5.0840173,1.1177487,3.826998,3.8129668,4.416022,4.7786593,8.019523,-7.244751,2.9133568,3.0695193,3.4924207,0.11536054,4.131806,1.6900722,6.0703998,2.2707574,5.4562654,5.7142215,3.6975055,0.05020419034090909,0.013356701075352447,0.16129103,0.0895541,Oktober
-142.07414,68.79174,125.201866,24.72193,-5.625233,6.0445943,22.09031,7.5181937,-17.951277,29.570282,12.619404,6.563782,12.256359,6.7038274,16.850565,3.4365451,0.1070859,7.233433,1.2170767,7.825468,11.496299,14.357043,7.3877306,2.09765,0.8143508,5.093075,1.8472879,6.17451,-6.4580603,8.816887,2.0660434,5.571268,1.9750609,5.3976216,1.581234,3.913083,0.25554946,8.10925,4.9679565,3.8317034,-111.060555,54.30352,132.85254,21.451712,2.9393423,12.336132,38.007236,10.869989,-10.709792,14.415366,6.717112,10.746265,-2.4215784,9.413781,6.4542294,9.585304,-6.9267077,8.605948,-5.4546404,7.6157727,14.602172,11.414982,5.359711,7.1026926,2.2309923,4.921838,6.6043673,6.1322627,-7.6700134,5.1043572,1.5607008,5.743997,-0.14823444,2.064562,-5.6206684,5.3846173,-7.8386197,6.7945857,-3.8892362,5.1880507,-147.99394,60.917904,116.38257,15.388751,-10.491394,5.4382534,34.47382,7.0946145,6.263636,6.3290315,6.217868,12.310315,9.527553,12.108566,14.764053,8.216353,4.1250663,4.9678187,10.793217,3.4388578,6.0234075,6.93846,1.3045431,6.504149,2.8883252,2.8214564,1.9859964,7.3889775,-7.498556,2.9342878,3.354605,3.3764532,-1.0440978,3.076106,-0.9714047,5.7123485,0.7931837,4.1096864,0.1751238,3.961733,0.05223357371794872,0.01275176174075422,0.15150979,0.101369895,Oktober
-149.70862,55.660965,122.95808,22.16412,-5.281464,5.0923824,22.979994,5.0532703,-11.3197775,27.080206,14.319778,9.910898,11.927051,6.3394055,22.997938,5.868648,6.106573,2.69211,7.7133007,6.2180743,11.654538,10.110593,4.404763,5.687205,1.158377,2.9474897,2.9242249,5.183582,-7.3087306,5.386027,3.2918866,4.8180857,1.6578859,3.511563,3.1460207,3.797254,-1.588735,5.9491196,5.287252,2.910198,-100.78031,39.835197,140.86224,17.704905,7.052859,9.725325,46.100174,10.042216,-14.363117,14.002082,4.631857,10.57003,-2.0953681,8.86565,3.0362208,10.383348,-5.733124,7.3441157,-3.1403964,9.22837,20.03917,10.140697,4.373438,4.60558,4.3482738,4.365145,10.68327,7.5022116,-7.241087,4.5268383,2.7149734,3.7984638,-1.2868581,3.224821,-4.314676,4.775575,-6.226843,5.0621195,-1.3426104,2.4659648,-170.57231,37.130917,114.213585,14.072985,-8.653656,6.032277,30.155653,6.0426855,12.035144,1.8122803,15.147934,14.323388,14.637287,6.4537115,16.3454,4.403256,3.729008,5.2685895,9.311123,3.3742044,7.974766,3.3290727,8.444619,3.9489305,4.00172,2.5781245,0.89932317,4.561478,-5.1141853,4.8034987,5.955507,4.1981187,3.0020154,4.244486,1.3648596,4.965052,-0.8119352,3.9019454,1.1117957,4.4397845,0.04391818576388889,0.011798134509559135,0.13912445,0.077619374,Oktober
-130.56866,62.843315,129.13673,27.44073,-3.2817647,6.582168,22.309319,10.142173,-17.397337,27.592783,16.24721,10.214601,11.942452,6.283626,16.440966,7.2571692,0.6518214,9.7397375,4.6440663,5.5080495,15.677922,12.333222,10.365165,6.403762,1.370193,4.4105983,0.28272972,5.397201,-9.026932,4.0378165,3.0170355,4.274475,3.200958,4.6223965,1.9219079,2.3869824,-3.4286263,5.1520476,3.167743,3.6070902,-84.89641,42.592846,139.89284,17.36514,8.893864,13.426404,42.693233,8.421548,-13.040699,16.48277,5.6281724,12.474421,-3.1584694,7.1051335,2.283417,7.3227735,-9.410262,5.2837725,-5.380245,8.08702,18.596521,9.931419,2.7351494,4.6045136,5.1139336,3.2556124,11.173154,5.91396,-9.06707,4.3504896,0.9953497,6.040359,-1.5869265,3.7745767,-4.494518,3.214538,-10.284303,4.1959505,-3.481012,1.9223619,-161.73288,44.82153,115.4799,11.144305,-5.294079,5.4333577,34.521393,6.8608117,11.382891,3.1246564,16.209377,12.022865,16.106653,5.736319,17.635832,7.9918137,4.997781,7.984085,11.83518,4.248843,4.549338,4.1737165,0.389009,6.3782973,3.3823414,4.498404,1.642309,4.0819407,-5.1039844,4.661767,6.2741246,3.2560089,1.3865309,2.6261094,2.8353848,4.2035933,0.9313698,5.6834526,2.0941143,4.67871,0.048005756578947366,0.011433172961061742,0.16505557,0.09449348,Oktober
-106.124565,53.068497,134.63254,30.315845,-4.747251,12.130396,19.221907,11.522072,-20.748972,18.815443,7.0914326,13.854309,9.48724,7.9960155,16.662989,5.2888484,-0.9945111,8.739897,2.5145867,9.888042,19.51178,9.602838,9.805649,3.8582158,0.20698066,4.0583673,6.1932564,6.56609,-8.812441,7.2955456,-0.51179636,5.5200677,1.8716589,5.7817,-2.011837,4.656547,-0.76037294,6.030416,0.97584754,3.97066,-61.744022,32.604263,137.28928,15.811908,1.0802602,9.761006,46.626713,10.439245,-12.392493,14.222246,5.2414203,6.1818695,0.5909079,7.7285905,5.033331,10.768497,-9.051173,4.9997244,-2.8500614,7.5018287,25.272116,11.873633,4.1312904,7.0223393,0.65353185,3.2779272,14.381618,5.778852,-8.287173,3.1954641,-2.6883757,2.2747319,3.7594566,3.5572047,-8.242978,5.462791,-8.112447,4.158854,-0.47452867,3.301486,-161.33052,23.178486,102.3768,7.912884,-6.8134723,4.239685,33.31986,7.2716465,10.606475,2.0706728,17.475937,4.979788,17.559034,3.4182482,22.7126,3.4219685,7.317721,7.219498,10.854543,3.7461364,5.147728,3.905019,4.5785346,5.239083,1.8277788,3.0082493,3.0264394,4.987335,-4.3256307,3.0887358,3.6481915,3.4125311,2.4704344,2.6092527,4.312098,4.6528263,4.5157595,4.3662205,5.15177,3.5501623,0.046807183159722224,0.012825661687333893,0.18544161,0.099383354,Oktober
-148.17415,59.164772,125.44174,25.271276,-4.812962,3.102738,20.81325,7.904612,-14.017575,25.326628,16.252047,10.13965,12.970771,5.4800105,17.700272,4.734118,0.9411761,8.936052,5.774112,6.9563327,14.026211,8.213751,9.8855505,3.648094,3.450883,3.7864573,-0.50247127,5.519871,-11.230198,8.283016,1.5478975,5.870718,2.9374313,4.0964212,-1.2579762,4.06597,-0.7165291,3.3874621,3.0535862,3.4427776,-89.08846,50.431675,139.82657,20.724277,0.4129645,16.844816,43.803257,7.114932,-14.397784,13.543781,5.351189,12.006598,-0.51685864,7.9671097,5.108977,7.903782,-6.942751,5.810521,-1.4579463,7.9091444,22.724123,12.467219,2.8060296,6.5309143,3.5720913,4.630083,11.088885,5.82194,-10.3574505,7.1480093,0.4179312,4.7702003,4.0476213,5.4650774,-7.4442964,4.0248923,-5.513762,4.529817,-1.6293951,2.680567,-159.06801,50.845146,118.208595,17.097294,-9.330523,7.965319,34.19328,8.499145,6.24824,7.9483123,10.7105875,11.560715,12.134114,7.8184295,14.350695,7.9984326,5.3901334,7.104806,14.320706,2.9948173,6.392321,7.3640685,1.6443385,2.6670618,2.2403522,6.334185,4.606309,8.248798,-4.202841,6.5838866,3.2005465,4.652911,1.9109803,3.5569546,0.84633887,4.512231,1.0307742,2.6942558,1.98668,3.0433984,0.050125925164473686,0.015790475219617874,0.1514076,0.0966721,Oktober
-126.68639,51.262478,139.70851,25.426798,-0.33608454,6.948104,19.997124,9.944526,-26.138487,22.974474,3.9342887,12.010826,11.600798,8.847414,20.93434,8.12793,1.1748029,8.208574,3.8010933,6.808698,15.695411,8.375584,2.91147,4.4928546,2.415415,2.6861694,4.3794823,5.720808,-13.193803,5.7590547,-0.31448615,6.397592,1.1700363,7.7083178,-1.5952729,4.653503,-2.8103254,3.8279834,1.3487366,2.2590225,-83.09438,38.019814,148.8113,3.6270363,-6.327234,11.401825,46.638626,7.58786,-13.767277,12.069785,3.5758896,10.00681,-1.1933296,8.438663,0.62265325,8.881276,-13.528384,3.9427576,0.867082,8.472077,25.500242,10.602412,-2.2931314,7.019953,2.7052252,4.2137547,10.163751,4.4417725,-8.611281,5.343536,0.38029328,4.314235,-1.5992534,6.97904,-5.1952405,3.80812,-10.543514,2.7374048,-0.9120447,1.6358806,-185.3089,30.287518,116.97977,10.734753,-8.173141,6.2788477,33.391098,4.1035924,12.119697,3.3557584,13.5673485,8.891455,16.391813,2.2717052,19.579214,3.888803,6.629417,9.558465,10.928748,3.8145888,3.118101,4.1140223,2.6749942,4.2317824,3.805475,4.2015452,3.5997934,1.9539745,-2.29015,5.3424373,5.8958282,4.7843733,2.5148668,2.0327713,1.8046207,3.3323116,0.40670177,3.7175615,5.0131626,2.6858306,0.046993371212121215,0.015116434233054928,0.15547346,0.08087783,Oktober
-140.20949,55.704628,130.79076,22.264687,-1.4320254,6.4390883,20.054106,9.81925,-16.596928,26.816574,16.086706,6.9895267,11.486325,3.3868134,18.018827,2.5902517,5.1129127,7.439742,2.3396146,6.206856,15.502941,12.900144,7.79582,3.870137,0.6427446,3.5141764,1.529803,4.0899606,-13.169259,8.477023,2.2911634,2.8230445,3.8895922,5.8078036,-1.9556205,4.7116237,-1.6727784,4.012758,2.5220315,2.722255,-96.81501,37.89472,147.2783,10.040938,8.042229,7.8116875,42.614864,10.859609,-12.074982,12.972101,4.147122,7.7295113,-3.8306794,9.764551,3.7425072,4.61056,-9.018279,7.806761,-3.956092,6.630516,19.120117,11.55342,4.994921,7.5111756,3.397771,6.9223433,7.961639,6.3715944,-10.3082285,2.8026793,0.15150031,3.231638,2.5228167,3.4373417,-9.351257,5.221968,-8.088675,2.6086931,-1.8405824,2.0844152,-155.76651,51.368202,122.380424,16.424282,-5.5477734,8.272415,37.730392,9.704795,7.2143126,9.4774475,10.643218,14.843442,9.796879,10.2456045,12.840021,7.905544,-0.40857697,8.76757,12.627152,4.556239,8.949525,9.728901,1.2619349,4.9123507,3.2801,5.7889857,6.1351933,7.6561747,-5.673277,3.0271263,3.8756068,2.502435,1.7598686,2.9953372,-0.004956072,7.755616,0.6234611,5.775206,3.972651,3.103833,0.04437440814393939,0.012147259901377779,0.16296682,0.08140868,Oktober
-151.8615,53.7319,124.46296,22.169872,-1.580559,8.326887,22.212585,6.277444,-11.223033,24.672693,13.617539,6.332088,11.638197,7.188137,15.912061,4.6834836,1.6001642,6.141184,4.8795776,6.491297,8.673906,9.424243,7.6746516,4.1770296,4.865292,3.6036737,1.2631979,3.7576818,-5.2636046,5.694395,0.17280589,6.885694,-1.1679556,2.1455011,4.474951,4.0204067,-1.9907514,5.9309053,2.3372228,2.5486455,-79.84585,36.61933,155.37729,13.226382,-2.5408585,13.669956,37.932648,16.509129,-11.953218,17.546497,-3.928795,7.658073,1.464278,10.640582,10.38712,10.690542,-15.524991,5.491217,0.24103247,8.0450535,17.103415,10.308966,-0.7902717,6.091929,5.4703608,4.60109,7.898903,4.5321,-7.6345406,4.216254,-3.161297,3.847427,-3.872233,3.2281184,-5.8247347,3.7005806,-13.039656,3.6142921,-0.46733811,3.621735,-184.63408,17.648163,111.129074,7.958096,-5.740295,4.207685,30.976698,7.763606,9.234796,3.8393135,18.194075,3.4647593,17.61627,3.3527067,18.83255,2.5921485,4.74025,4.388638,8.675061,2.7299263,4.640153,2.651146,5.7340636,4.607183,1.8610884,2.0572085,-0.06664705,3.754828,-2.7854598,4.3387227,5.6021676,2.9301329,-0.3233462,2.9727855,2.7672389,2.3897622,1.4111316,2.8119073,1.0995619,3.5114183,0.049328031994047616,0.00995131773494144,0.15837823,0.11291359,Oktober
-144.7635,49.513237,133.05908,20.82064,4.2866526,5.26463,21.665997,8.806678,-17.099514,28.667282,15.608294,10.087279,12.719082,5.3278103,25.10722,5.0372906,6.9730387,5.4156113,7.388336,6.849275,13.196991,9.03867,6.59426,3.7283683,6.844864,5.4193087,1.4437773,4.879556,-11.712622,7.9882817,4.731134,4.640888,3.457398,4.6150184,0.6204961,3.4546616,1.9064522,3.2018237,1.2741036,0.9569546,-134.29073,37.0142,137.80327,22.180027,11.193079,7.6127687,39.177025,7.441864,-4.6029706,14.195522,15.242823,8.60939,3.6470208,7.9606895,13.382666,3.9993873,-1.7505575,10.025944,0.9784228,5.228595,17.16465,12.521696,1.5840175,4.6046705,0.39159614,4.7575603,6.365844,3.41841,-7.8166175,4.390316,2.0451317,5.3931594,-2.0996888,3.0646849,-3.4699829,5.4519863,-4.8200974,6.325323,0.61382705,2.545094,-114.77124,56.265034,134.79439,15.99602,-8.601224,8.801262,38.07597,12.233464,-4.410691,12.528727,3.501276,10.882843,3.8350403,15.568147,10.589886,9.41691,-3.5651886,9.016565,8.99986,4.056452,15.335896,10.364469,-2.5705352,3.9498508,5.942293,5.197617,8.921923,5.2281313,-6.7830944,4.6510053,1.477235,4.2713103,-1.3109125,6.0890946,-3.8825471,5.7585278,-3.1057732,4.728299,3.0600078,2.0082724,0.03759765625,0.013533298645695422,0.16730678,0.07782476,Oktober
-130.7637,58.203217,140.91862,24.066895,-8.563249,9.070778,22.164898,8.767379,-19.680275,27.16066,8.709656,8.644716,13.885256,5.9924397,19.308548,3.6331675,4.9970293,6.7800684,5.299744,7.122892,17.245493,12.318248,11.778984,4.844875,4.0691605,3.0252604,5.9115224,5.201094,-7.949266,11.066042,4.803409,4.6204453,4.239058,5.8444476,2.3094122,2.886296,3.354393,5.1453443,7.838941,3.5969884,-134.40508,35.054146,134.95161,18.336636,6.974496,12.396357,34.180428,10.99248,-4.3650713,13.692369,18.374506,2.6060603,7.765233,9.114006,16.657854,3.1145236,-2.5752294,11.235322,2.5784366,7.986949,13.453992,12.219374,3.5877419,2.8738623,3.8061116,5.634502,5.524573,3.852189,-2.4898252,4.1266694,4.4927835,7.32738,-1.72726,4.213893,0.9381752,5.1034985,-4.2287464,8.086369,3.3422985,4.4533253,-118.41858,40.35769,139.57086,12.024799,-10.545472,12.136972,48.306187,10.009746,-3.1533213,10.634348,-0.289539,10.355423,3.7186089,11.489735,3.7743924,8.073122,-6.335701,6.5191383,14.320622,7.6384916,14.433808,5.2042265,-1.6506923,4.924906,6.9467454,6.5734463,10.674697,7.3355513,-7.9136276,4.446202,-1.0513911,3.6215913,0.092433594,2.6333745,-3.746937,4.349874,-5.0338535,3.1176481,1.308427,2.4181635,0.0413818359375,0.014847985717361668,0.16881058,0.06259749,Oktober
-149.93639,64.43079,122.05807,25.64392,-0.3632931,6.1324034,24.658411,5.3926854,-16.374023,29.696806,14.542389,5.331468,11.648195,4.511394,20.406775,3.379221,3.2818696,8.463755,2.232969,5.656199,10.612191,13.180248,5.8852153,6.1519437,5.4586744,3.2399125,4.1135554,6.204598,-8.653967,8.33243,1.0581675,6.001096,1.8023988,4.3814917,-0.7340603,6.994669,1.8545715,5.687447,3.5732214,3.2317977,-110.79472,54.678486,135.04337,16.930513,4.2290792,9.852652,39.9075,12.165709,-13.727,16.54377,8.149049,7.6723967,-0.18555109,12.127259,4.6844206,10.894666,-6.6843424,8.8579235,-1.567083,8.505192,18.154049,12.068603,1.9347483,8.554461,3.2178493,5.8467107,7.942235,6.189069,-6.421411,2.7413347,-1.7131796,5.6463804,-3.482555,3.3637004,-1.100428,3.5513194,-7.872369,7.5127735,0.7051999,3.880761,-152.87766,57.972782,119.87762,12.299015,-10.350478,9.507611,38.266884,12.674737,6.331285,6.3766646,8.728925,12.269013,11.907677,8.477501,13.648657,7.7590322,1.580903,7.6508517,12.759837,4.491891,6.8150473,7.2212615,1.1242679,7.3607016,5.246653,6.387813,3.5652921,6.9638786,-7.1773367,5.278516,3.5071313,4.284525,-0.8080365,3.6619043,-2.5925217,7.68246,-1.6582422,6.0743904,3.742084,4.5434237,0.048618861607142856,0.012201981310884964,0.15175301,0.100378305,Oktober
-173.73389,62.898125,133.92957,27.78664,1.5180044,7.5707693,20.354609,6.6939316,-15.890083,29.928068,15.871929,5.4191957,12.1623125,3.1347132,20.698496,5.9459734,6.585634,4.8354974,2.1782932,7.182508,12.5862665,7.921857,10.709461,5.41586,4.918757,4.6376214,3.8341777,5.457216,-6.600003,5.5908775,-4.303084,4.3930044,6.4207954,7.375003,-1.1408855,5.8024817,-2.002423,6.272698,4.414657,2.7339215,-126.32444,60.374466,143.95705,19.497437,0.8641704,10.480877,37.052807,10.750842,-16.478222,17.836702,6.615376,9.57363,6.903425,10.046777,5.9747257,12.054176,-11.617158,10.945692,-5.2394633,10.803143,20.575312,13.7348385,3.9490736,6.36734,1.7555653,4.369003,10.932849,5.525165,-6.7248416,5.821824,-3.9964466,7.5711503,0.8621213,2.0053368,-7.2583275,6.7034583,-7.815689,5.35573,1.1723226,4.012134,-163.94975,75.843506,125.98409,15.9432955,-12.673935,9.904672,35.77885,10.160807,3.1944602,13.420366,7.7003107,12.248554,7.7846975,11.65979,11.344081,11.655341,1.5806457,8.120642,10.551265,2.9651306,10.949727,9.59849,-1.9082326,7.370827,7.9258075,3.963427,4.1007547,4.8508096,-5.72642,2.3864381,1.9191006,2.3153098,-0.8022837,6.211674,0.31418243,7.1296325,-1.9112176,5.3657756,0.5083622,4.128556,0.04242907072368421,0.013189678953993552,0.13916534,0.09347044,Oktober
-136.36,54.54661,134.05214,23.548437,3.214134,10.753533,23.466337,8.353842,-25.40235,23.664906,15.704988,8.656278,9.164302,11.330536,23.526323,6.512399,1.9406018,7.4311066,3.2510483,7.449897,19.23575,6.874826,3.790981,4.1458893,6.3298144,5.070191,1.7349843,4.9053593,-10.764186,4.0188394,0.8237574,6.6742783,2.7978163,6.2305136,-3.8585482,3.6041076,-5.69994,6.3410263,1.3508366,1.8171211,-83.85145,37.53558,150.58301,10.3249,4.47731,10.323013,42.346798,15.646235,-17.3164,14.18751,4.268211,8.069013,-0.97138524,10.24312,7.407533,12.882634,-10.251293,3.9703927,-5.1964493,6.4787025,24.147766,11.232568,-2.3162127,6.1967278,7.0136733,5.831984,10.939114,6.3561063,-7.377947,3.1300304,-0.25576356,5.45873,4.6702466,4.0273232,-9.525552,2.694076,-10.319137,3.2074366,0.32516333,2.8166103,-167.86217,47.455162,128.05225,14.720149,-6.595485,9.601889,31.650011,5.5913415,6.6153884,6.780704,9.472554,14.694553,11.173247,9.058338,15.05748,9.385019,5.763214,8.524178,10.940327,3.1975703,4.0072536,6.9418435,1.1704336,4.8085957,6.627332,4.301202,3.330279,4.757422,-7.6082625,4.5954633,2.0241191,2.0800834,-0.32141647,3.0732157,-1.0380775,3.9800656,-1.674507,3.1301992,1.4781567,2.5802143,0.04440487132352941,0.01174262583397433,0.16893384,0.088694185,Oktober
-157.07903,58.331696,133.41147,22.131405,2.3355691,7.967638,22.519514,6.4817286,-17.373335,29.596457,15.029098,7.8449655,13.373752,5.2268386,20.257812,7.10643,2.7871737,8.715041,6.358089,5.8700924,12.322754,8.839858,6.9909363,4.5025787,4.8481765,6.7296453,-1.4000001,6.633648,-9.395064,4.269124,-1.7866089,5.470497,2.3814008,5.833358,-0.55010027,4.2771363,-5.3335,7.442544,4.2698145,3.4549155,-94.878914,42.04074,151.14935,8.982607,1.2793905,10.773565,42.383884,14.273596,-18.596968,12.302263,3.65973,6.041722,1.7480563,8.473218,4.373296,12.996032,-12.600455,5.0965133,-0.5854683,6.3509765,21.839186,11.790303,2.6501536,5.397195,4.4353266,3.936577,9.930617,3.7549264,-7.579694,3.5016625,-5.5678334,4.6245294,1.7949805,4.07552,-10.11832,2.74309,-12.052499,3.8933344,0.09263105,4.773778,-147.09328,58.952755,131.0632,18.458813,-19.063732,17.964659,36.558964,7.1392007,5.9443407,10.447259,-0.39359978,19.124483,8.332492,8.164748,9.596119,13.080981,-1.1805526,13.280284,12.750241,2.739944,9.209936,8.691854,-1.4100727,4.600302,4.8101406,4.8321195,8.072954,7.039073,-7.367612,4.3155284,-1.105901,3.9801536,-2.000541,3.7429307,-4.2328334,6.0072775,-1.2288066,2.7211356,-0.040369608,2.4310594,0.04449277935606061,0.014632032705582583,0.16206418,0.08219618,Oktober
-139.81517,61.45765,132.63684,25.636568,3.7968318,4.816313,23.51339,8.407242,-16.45336,29.236675,15.971958,7.464683,12.807574,5.710832,26.217384,3.0677578,4.1857557,7.246223,4.5324597,8.152131,13.836585,11.133915,8.575973,3.5629888,3.0144444,4.4969473,2.8903368,7.0660543,-8.968421,8.6019745,1.9715441,4.4567204,5.5450826,7.107124,0.46972144,4.475113,-1.2758402,5.7239804,4.913366,2.95235,-107.57969,41.333633,152.30666,16.375889,10.496217,7.7677927,38.11765,15.224579,-11.46185,14.602592,8.463742,6.1995583,0.55615395,9.657687,8.430093,9.152999,-10.055623,8.928619,-3.1309223,7.619122,17.958582,11.607613,2.4241414,7.132532,3.7103689,4.539304,11.041776,5.3281713,-4.580475,3.4486337,-1.3851624,4.823729,-0.948579,3.1486495,-6.110043,4.106479,-6.4399037,5.072912,-1.2612269,2.5881963,-133.84187,59.5319,127.236626,14.735143,-9.968738,10.010604,37.895733,11.064488,4.5111957,14.850204,7.977211,15.881326,10.274704,10.904455,12.182994,12.568445,0.013326645,9.678079,11.7814,4.212423,7.8311424,9.514293,-1.6717242,4.3293586,7.5788426,5.263708,8.963481,10.421606,-5.069266,2.4278536,0.23063435,3.1644845,-2.9509318,2.927005,-0.15406565,4.575715,1.0669765,4.89375,2.4699862,2.3477056,0.040351019965277776,0.014291510523552844,0.18832985,0.091581866,Oktober
-173.22932,50.16731,124.94698,21.50635,3.7938395,3.8777428,30.177134,8.368218,1.7348881,24.461842,23.089144,6.640956,21.231604,3.001649,21.325571,5.3231535,12.439523,7.2960114,14.238942,3.3012025,11.938759,7.5874248,13.03392,2.970653,1.0225347,2.9226336,-1.8615829,2.827727,-5.61822,7.562104,6.347277,5.118831,7.5795207,6.294531,2.887698,5.5890803,2.7502964,3.6962523,3.969045,3.661409,-123.21741,44.387085,139.99176,25.78687,8.310783,7.4107814,31.174223,8.566417,-15.185795,18.91731,11.853513,5.1080503,3.3533032,9.266143,14.987449,7.4644566,-1.864343,8.243858,-2.4063013,5.2769513,18.771038,9.091072,10.883521,4.4343624,1.7690291,5.0483303,7.5162086,4.5461287,-12.103442,4.5955067,-1.1761591,5.2487545,3.8639343,5.593066,-4.2132664,5.009862,-4.2216477,4.718768,-0.32507074,3.3195639,-100.6147,62.43209,140.89174,13.699515,-17.136879,13.378777,43.832836,10.54707,0.40874773,12.455036,-1.2556657,13.835124,5.6730227,9.096672,3.123793,15.087362,-1.9065558,10.630145,7.735439,7.8477025,17.212404,10.03137,0.57186604,3.385323,4.6053505,5.860003,13.584493,9.707684,-8.232614,3.9213378,-2.0776558,4.5486956,3.3415153,1.7904837,-8.055671,5.2057896,-3.8402731,2.3717773,0.32839054,2.4719534,0.03748201069078947,0.018409199773415083,0.19783506,0.08557633,Oktober
-142.25107,47.654102,134.82364,22.290012,5.398469,9.903965,25.858734,7.1715508,-20.383665,24.031395,11.622637,7.734783,9.83201,8.640735,18.97923,5.03802,2.5163665,7.025889,5.2690673,7.2412324,15.199427,8.033908,8.111288,2.951964,2.5060241,5.277816,3.580729,8.154709,-11.552592,5.7613564,-2.3046384,6.030713,4.191324,6.924093,-3.3856797,4.6424475,-3.7694237,3.8799548,1.6476595,3.122075,-90.01247,37.200138,142.82993,10.014105,8.147108,14.988584,43.591034,8.516463,-11.331378,12.963908,5.9002557,7.6122966,-1.6664776,7.56802,-0.61110115,8.903488,-10.264128,7.176448,-5.5787444,8.038759,24.607397,14.020755,2.6511664,3.494846,-0.64484775,3.9919987,10.869336,6.503591,-8.653032,3.149653,-2.5461278,3.5030124,2.4965465,4.0780396,-11.171932,4.8333025,-8.672522,3.3839667,-3.8826084,2.2290914,-132.85907,67.32948,129.45413,18.073524,-19.296541,10.48826,37.639492,9.664902,5.6515527,12.163934,0.1079708,14.499142,8.586758,9.8056965,13.474055,13.88973,2.7091115,9.135584,9.983512,4.1912313,10.6086445,9.678095,-0.3835627,5.0562105,7.355371,3.7935216,9.233024,8.384047,-6.951834,4.1453886,-2.0682924,4.308271,1.930409,2.2034218,0.15973246,5.308532,-3.0908785,3.9476602,-0.8831708,2.8879695,0.049774169921875,0.015153414225006118,0.17850572,0.093126334,Oktober
-151.5836,53.81167,136.49704,24.575027,0.8870278,9.858005,20.14974,9.501187,-16.05429,26.651276,12.808806,6.2805557,17.124067,5.926148,18.82511,5.186347,4.7513824,6.3738937,6.023189,5.7956395,10.265164,6.2533655,13.332253,3.2975078,6.052663,5.7989345,0.12112596,4.7148304,-6.916338,5.234014,0.35222247,5.2356167,6.5770917,7.491297,1.1224176,4.574226,1.1097763,5.69209,3.9959593,2.4008863,-116.91269,44.017498,144.02638,21.2804,2.7085361,11.570777,35.46942,9.511939,-12.917187,12.563114,4.6401834,8.7328205,4.189212,7.135371,11.748449,10.729194,-4.6610966,10.823152,-3.4931371,8.919518,21.925097,11.7284775,4.1073427,5.3348083,1.5704175,4.875545,8.982689,3.7783415,-6.9907956,4.712773,-0.7505422,5.077573,1.6728759,3.4196796,-3.3522227,2.5637074,-6.380908,6.9438105,0.3545749,3.3804333,-122.68448,74.73737,128.56464,14.117028,-20.832214,12.113918,37.1641,13.687898,-1.9126185,13.050887,1.8390383,12.372049,1.832156,10.686615,8.481167,10.151707,1.2361907,6.2640276,9.2170515,3.5735068,11.784944,11.782665,-2.8556523,7.3953843,5.781469,5.7128763,8.573378,9.963818,-6.4125037,2.9402206,-1.6078109,4.521985,1.060925,2.7236319,-1.5261028,3.6708338,-3.9492497,3.517633,0.6838656,2.3552682,0.046079799107142855,0.01507746255037987,0.17101213,0.08988628,Oktober
-158.54895,54.882412,127.14329,22.416204,1.1878667,8.899713,25.362692,5.0400496,-18.915361,26.455078,13.709672,8.01458,14.600665,7.7342873,17.434088,5.650124,7.7593956,4.2091804,5.643566,5.0357184,10.786477,6.2689533,9.197036,6.7522993,5.3246374,3.7083817,4.1101394,3.7274508,-7.963745,6.273889,0.69510794,5.775684,1.2176148,4.817348,0.33364698,4.581989,0.7859548,5.122463,4.837934,2.7804475,-89.10812,42.066383,146.322,11.274698,3.0740526,15.370613,44.19226,13.778243,-11.832166,14.314568,4.325769,8.754361,-2.8397255,11.121973,3.6872778,7.9178653,-12.63527,2.9872856,-1.5500425,8.906349,20.531393,11.636999,-1.3049196,5.113987,4.993465,4.0233693,9.01018,2.3809114,-7.3190403,2.6052766,-0.2589748,4.1210227,-2.9552908,4.36703,-4.5443335,4.3694777,-9.432309,3.1838126,-3.6095793,3.1614227,-196.70442,29.918287,108.54605,10.384961,-2.6647716,3.7523842,32.195374,5.457314,12.433044,2.158797,20.404228,4.725393,17.173323,3.31094,20.404682,3.6299152,8.984163,4.87285,11.03416,3.1932592,5.1679277,4.5278826,6.6572948,6.175478,4.4708843,2.255539,2.9690256,3.5260046,-3.8001745,3.14616,4.3034253,2.1867263,2.7177439,2.3745642,5.1821513,2.5377505,4.0891333,3.8847673,3.1968486,5.101076,0.03857421875,0.014136701144544237,0.14549159,0.078940384,Oktober
-161.46046,63.629116,125.85099,22.508093,0.9898035,5.5514326,23.592295,6.0280504,-19.994684,30.087776,13.146062,5.2180114,8.273013,6.70655,19.861761,2.0862288,1.307654,9.307552,4.6101074,5.375165,13.668014,12.037158,6.6155314,4.0769663,4.1283946,3.349167,0.017115176,4.342395,-10.368327,8.822023,1.3814684,4.3568068,2.4358923,5.971018,-1.4981923,2.793625,0.45893312,6.4478116,3.8370688,3.7966113,-132.75299,43.222046,140.11667,19.832396,9.465474,13.236769,38.859646,9.599464,-7.4505897,10.129918,8.333756,7.8154235,1.9903897,9.623342,4.821223,10.706425,-7.8889637,10.768875,-0.88547915,6.5802183,20.040375,10.997396,5.5017414,6.3947644,2.8289292,4.829465,11.37838,7.9332714,-5.873874,2.7293518,-0.48686624,4.206774,2.6391187,3.0861511,-2.9639852,5.334366,-6.4430814,6.578843,-1.4065127,4.6146293,-146.84952,68.87712,122.42819,11.527427,-8.693856,12.150575,44.2361,12.405285,2.0917032,15.470951,6.1028113,13.515572,7.874743,12.687157,11.504423,15.47964,5.567592,7.8909135,10.179586,3.5053432,12.134588,10.627404,-2.118253,2.844397,6.984954,6.0038886,12.257471,8.436164,-4.3954854,3.757294,1.1493067,6.615369,3.3875222,1.1574496,0.07352132,6.2543488,0.102890894,6.1393366,4.1661468,4.0007086,0.04237489442567568,0.015193925219538544,0.15448515,0.08586048,Oktober
-145.97249,61.812492,126.51098,21.55097,0.0353504,4.0593233,24.992928,6.3673167,-16.623587,32.40381,16.591087,6.814978,13.0983095,5.870423,18.819654,4.715948,5.758238,6.7959547,5.8133407,8.004296,14.973441,10.299923,12.661198,3.9903617,2.813327,4.072681,3.158345,6.33032,-8.392509,8.378626,1.751465,6.1231937,6.0914884,5.088004,3.092025,4.850701,0.15013023,6.3600082,5.240801,3.1909974,-111.92447,51.921673,135.24936,21.384127,6.698633,10.881743,36.807972,10.755777,-6.3927827,15.020599,11.459176,8.452569,3.7717817,8.974866,10.459901,9.680786,-4.67156,8.987566,0.754149,6.1403003,19.024454,11.599944,3.5850856,5.0598598,1.0738038,3.3180456,12.066494,7.6306653,-5.996122,4.0404434,0.8211426,6.172464,-0.33997223,5.927847,-1.7397385,6.9370236,-3.5750606,7.163681,2.4446392,3.8317008,-120.98748,64.51645,127.127594,14.134265,-11.160518,10.767125,44.90267,9.956158,6.720991,13.006596,6.960169,14.552295,9.851686,10.778319,12.840417,13.041219,3.8243575,10.526326,15.605663,4.9366136,13.949702,11.144886,-0.6688972,6.2271633,5.785966,2.9258626,13.087814,7.4932814,-1.6240647,3.7196355,0.61849505,5.376301,2.4987082,1.8892617,-0.6475773,4.93442,0.306074,3.997314,2.119525,3.916974,0.038692989864864864,0.01639039260046714,0.1929174,0.08718312,Oktober
-164.94135,68.722336,139.50795,23.494581,2.0228338,10.1093,22.588896,9.008093,-12.9027405,29.17999,17.894464,7.1688056,18.059654,5.7744217,24.31639,5.39393,4.5225234,6.3501024,4.7546296,7.1668477,16.219322,13.030011,13.265921,3.2461808,4.5126843,5.1236844,3.3990593,6.9875474,-6.6276155,5.589223,4.2813897,4.514179,5.86864,5.2509236,2.3496552,3.5355384,-1.9034066,7.099401,7.0008955,3.1490383,-137.82977,45.34575,140.5974,19.639482,9.262318,9.821179,39.88181,13.753393,-5.033749,16.763744,15.802512,6.84276,4.465702,8.539817,12.746481,6.7109513,-4.0214353,8.121665,0.5334718,6.926512,21.352472,10.505259,9.119991,4.998175,2.291044,3.418168,7.93482,4.4196095,-6.341303,3.984771,1.7636651,5.285042,4.6859145,3.13359,-0.15424438,5.4105945,-8.575287,5.92632,1.3803017,1.5613124,-138.22707,68.4286,129.27916,13.392773,-17.664623,15.015085,46.65326,14.028349,3.1267443,14.778563,6.4015255,10.801708,6.5231967,10.572064,15.044667,11.660395,6.984976,8.819635,12.5116625,3.837432,14.867549,9.681805,4.360787,4.014191,9.390405,3.487569,13.851008,7.000652,-3.7017767,3.2298796,1.8181719,5.6197257,2.6938524,3.4073792,0.14444138,3.2842724,-2.3931782,3.4506025,0.12817645,3.6504323,0.03360770089285714,0.014523502617600284,0.17352676,0.06747032,Oktober
-122.53239,59.778244,138.2804,22.697195,-2.2701995,12.381404,17.287802,5.9546103,-20.112352,26.616968,9.274197,8.466599,18.158686,3.6686878,22.112942,4.314267,2.8348284,7.9331956,7.760659,9.392033,16.998209,7.6979666,7.100986,5.1971087,5.1010466,4.412689,1.0360993,4.8301888,-9.677495,5.946923,1.7268902,4.97269,6.804205,7.7909713,-0.6045588,5.3708034,-1.753998,6.576998,5.703741,2.4711604,-109.27803,56.703423,141.93684,20.306902,7.8561654,6.3396363,31.611593,4.922407,-13.435304,15.161229,12.339315,3.2048514,8.245131,9.727691,15.857631,2.82475,-6.4562674,11.899292,-3.665918,9.193505,18.51306,13.863004,6.215645,2.8878107,6.2204385,3.709074,8.068327,5.0858984,-4.8049755,1.866681,1.0893544,6.081548,4.042273,5.4095516,-3.0956724,6.628269,-7.9261103,7.7404013,1.1859984,1.7543274,-95.5218,51.42448,135.92078,10.556888,-12.958468,10.409036,43.57336,8.840465,-1.4165183,11.3943615,-0.15826416,10.918039,1.821829,8.77056,6.207747,11.278704,-1.0846422,8.194448,5.945734,5.078522,19.574903,6.764944,-1.5620478,3.597414,10.734677,6.559507,15.0183325,6.8730497,-2.866268,3.1779318,1.3769749,5.487452,3.1311445,2.6200113,-1.1221403,1.3568462,-4.282226,2.8765328,-0.6815398,1.7663928,0.04212688577586207,0.01179141371095458,0.21375114,0.0916306,Oktober
-152.05194,69.648636,135.79042,27.016628,-4.1839848,6.795564,21.338293,10.988908,-13.307446,27.28522,11.106115,8.397608,11.139987,4.2419662,21.71121,3.6394703,5.1766715,10.607295,6.988592,8.865092,12.837857,13.615708,8.343861,4.4399004,1.6716214,3.6443136,-0.2017882,4.372384,-8.344187,7.0144053,3.6263015,4.6977525,4.8860407,3.7986176,1.3570149,3.7815018,-1.6921464,4.251717,4.9128995,2.707826,-137.55675,42.124447,136.90114,21.089294,8.0467,7.941899,34.827362,8.515595,-7.1157303,14.055444,13.263162,8.099449,6.063416,9.176627,13.1036415,6.0607343,-3.594275,9.258071,-3.1153245,7.0744467,15.288136,10.734817,9.381713,3.6563983,2.7758772,5.3732805,7.5287623,5.0748577,-6.138449,4.0227623,0.68743885,6.150737,0.5798044,3.2212765,-1.7205112,4.950145,-5.727872,8.090128,0.33862588,3.566686,-119.30654,64.87104,132.99147,19.464024,-12.030257,6.9926634,41.5172,7.6409802,-3.4124632,11.981567,-0.31867504,11.406796,1.8004451,12.342604,5.6969476,13.617779,-3.2918026,10.431635,7.8662453,4.781254,17.244028,12.149411,2.4985013,5.3660297,7.1658225,4.0272813,12.589503,6.9352937,-4.8852863,3.3768198,-1.3614684,3.9568365,0.12302673,2.8484414,-4.635185,4.3702374,-6.345182,6.289033,0.36656463,3.7743123,0.04443359375,0.01132436074628676,0.16166212,0.09309176,Oktober
-125.178474,57.95378,133.2369,31.018965,-3.0377085,9.701783,23.330824,8.9496,-12.25445,21.600716,9.658548,12.048105,17.459139,3.7064438,19.076963,3.440356,1.2782369,10.12569,9.961683,5.7750545,12.110224,10.267206,7.9763017,4.0442452,2.865306,4.284588,-2.078281,3.0804145,-8.583017,5.1894846,0.22231928,4.8623877,5.7909474,3.681873,2.895783,3.8917124,-1.6091479,6.7810884,4.035915,2.6738312,-94.07181,44.192913,138.59918,24.851017,5.505982,9.8167095,40.897587,9.346839,-10.682628,11.141513,9.8152895,7.5306144,4.244389,7.3078785,7.777026,8.074588,-4.908196,9.838602,-2.6946719,4.6062384,17.72387,9.640181,3.5962737,4.637192,-0.72016275,3.5590706,9.516886,6.104015,-9.445644,5.808357,-0.6228522,6.0932255,3.8620193,6.0637746,-4.128115,3.7130725,-4.3974147,6.0629516,1.2890788,4.224114,-113.8473,63.168888,125.42895,15.043972,-11.96958,5.283502,41.504787,14.0808735,0.12366555,12.870786,1.453416,12.3758,8.15557,10.776558,8.861829,11.486569,4.682322,8.191822,11.960926,4.176249,11.354421,10.354345,0.8386232,3.758141,7.4688816,4.66645,10.038492,11.358376,-8.496733,3.5244884,0.4334343,3.7232058,3.2620409,3.0456636,-4.0937614,4.2829337,-1.444788,3.6501758,1.3933012,1.2181826,0.04401929450757576,0.01168857656426158,0.19296387,0.0982996,Oktober
-152.24222,52.092045,129.16153,23.236044,4.472908,9.065021,27.037624,6.950337,-10.32205,26.692974,15.767555,9.497943,15.146666,6.388644,20.398605,4.553773,9.402676,7.121436,7.5712066,5.87439,10.4027,10.567895,10.9943905,6.3304353,4.65833,4.5693545,2.6069233,5.4013567,-6.571786,7.8513255,1.4980364,6.623536,6.2979445,4.7792616,0.4625036,2.092551,-0.4006071,4.535803,6.46728,2.3562043,-115.789536,35.321083,136.23865,25.31641,10.70103,7.6216507,41.031216,9.412853,-5.1873794,13.755027,13.922513,9.666215,4.487098,6.726038,13.742885,7.8690457,-4.9297104,9.06641,-3.2897656,5.872124,18.566105,10.986512,7.466366,5.434164,3.4686463,4.754963,8.508685,4.0135164,-6.024229,3.626846,0.45133477,6.723646,5.158637,4.0257673,-3.294498,4.7104883,-4.4816523,7.351914,2.017058,1.6638374,-101.591805,77.18915,129.48692,13.871121,-18.498518,12.228215,46.14424,11.210667,-4.4124465,17.286116,-0.70714635,10.328721,2.183056,8.84448,3.3464212,11.341391,1.0373043,9.400075,12.53304,4.3411307,17.741632,11.34484,-0.020422617,5.788493,8.374447,5.21693,12.718784,7.729002,-3.771004,4.5765324,-0.4992125,4.949529,0.17966795,1.7525232,-1.8413326,5.4550076,-1.8386106,4.3311257,0.3784058,2.2344887,0.0415802001953125,0.017121687241071496,0.19290891,0.09341064,Oktober
-162.85915,55.099957,136.54912,23.616407,-4.390086,8.452059,23.05415,10.906564,-16.456287,23.94672,7.4198623,8.769433,17.032251,3.3015883,19.524296,2.2130933,6.5791016,4.652653,5.3640223,6.558837,10.955876,6.6087546,9.95427,2.1634538,1.861886,3.8699164,1.1413311,4.869308,-9.835497,4.1051006,-2.2145877,3.766474,6.162822,3.5058634,2.7488823,4.0423164,-1.2072058,7.2675934,3.8050141,2.5062358,-144.69992,46.607227,136.40627,16.138708,4.734945,11.0302,41.624237,6.986572,-6.1857004,16.804491,10.593237,8.348388,7.4402747,8.231172,11.07294,5.7570786,-6.098426,9.56026,-1.6142861,9.10323,18.235937,14.718067,8.039801,2.4564307,-0.8867117,2.892183,2.7562258,3.9284492,-10.427629,4.373752,0.86985147,3.4515395,1.6880184,4.494333,-1.6755393,6.15379,-3.3483262,7.6353025,-1.014281,3.799484,-103.41209,68.21794,131.1667,11.8841915,-24.890924,15.93927,50.453762,13.261179,-9.954945,15.460957,-4.582724,11.067404,0.38404942,12.196947,2.22563,11.385768,0.6420651,7.4420524,12.00502,6.3696146,18.410347,12.482797,-6.4694934,4.41778,13.49818,3.8704057,13.739686,6.035008,-12.546027,6.599993,-0.586365,4.826198,-0.9121721,2.927488,-5.6794963,4.760503,-1.04657,3.7616568,-0.5661149,3.1443186,0.04840284778225806,0.0141668037525758,0.15334319,0.08782992,Oktober
-137.89203,52.84751,132.35764,22.02233,-3.067516,9.70401,19.153027,11.449663,-14.699267,28.521809,15.231329,7.216206,16.233725,5.077006,18.048904,4.2438636,2.37637,6.479563,6.7356896,7.496899,14.023369,10.527568,7.914771,2.5972495,1.6474419,5.124303,0.85604495,2.6666164,-8.205216,9.3825865,5.7769938,3.3592882,4.594196,4.373115,3.5860684,4.8236504,2.63306,4.9110045,0.6935751,5.0390854,-112.223366,44.402035,133.49413,25.067215,7.831866,9.249057,29.16801,10.993537,-11.158806,14.482239,9.0924015,9.183565,4.7758303,8.481809,14.253423,4.6335106,-7.475342,9.717073,-1.7136431,6.8283353,13.939278,10.364267,10.533106,2.95452,-0.06532359,3.9739084,2.4024374,3.9783518,-10.225274,5.3081717,0.22442853,6.5402656,4.2177234,3.046402,-5.107659,7.911888,-6.3668623,8.26524,0.7189643,4.715453,-76.52839,53.21528,130.14667,10.105281,-17.559874,14.278736,48.198887,9.628496,-4.6429477,9.2341795,-5.440318,12.58431,1.7327958,8.664933,-1.0851299,10.9149275,-3.3520944,9.503193,5.9303436,11.315197,20.215963,5.712898,-2.941889,4.145534,5.8239655,6.088966,16.474615,5.7050614,-9.980325,3.5919583,-3.7833138,4.588556,5.520337,2.6828535,-9.103547,5.011216,-6.124684,3.3928626,-1.7522365,3.3269794,0.04841859879032258,0.014495960019777177,0.189501,0.092420846,Oktober
-135.08983,48.941635,126.99519,26.261616,0.5657228,4.6349254,19.34287,7.5567307,-11.644407,18.379776,11.528552,7.9823194,10.426585,3.145521,20.688335,5.672204,3.4431572,6.798075,6.1671257,5.617702,15.587726,10.318846,3.756841,1.7007471,-2.2510197,6.0665812,-1.0673196,4.290054,-9.410112,7.177517,2.8530407,4.8129673,3.0659842,4.068006,-1.2900985,3.9554687,-1.5198311,3.663675,1.9393046,2.0539162,-92.3181,44.926975,142.3551,17.976131,4.668313,10.90879,36.11563,9.055979,-16.200226,15.553491,7.36456,6.173084,0.5419048,7.900469,10.024671,6.5140615,-10.399935,9.39984,-6.0487666,7.352429,21.89412,12.195135,6.0304065,4.1139274,-1.9989736,2.0688405,8.163958,5.5751996,-10.6356,3.04066,-0.11821856,4.32644,6.243009,4.0644436,-10.569566,7.317119,-8.911685,5.5376964,1.7987003,3.3729932,-97.31331,63.59798,124.85969,9.991625,-21.498592,13.542633,49.874638,17.222425,-2.8327181,12.672593,-2.112233,11.957608,4.3392625,12.058903,4.7592287,12.890304,2.7766814,7.820652,12.364239,5.4201536,15.469137,10.294491,-2.2624145,3.9556959,7.823501,3.4423814,15.917316,8.164709,-7.8679733,4.551306,-2.734275,3.837355,2.70291,2.8664765,-6.114754,5.3461056,-4.821306,3.4011295,0.6972215,2.4939601,0.049899193548387094,0.01940896198747115,0.198177,0.09863802,Oktober
-146.10289,63.990692,133.029,22.97457,2.3789244,8.581636,23.333296,3.6978416,-17.197395,28.236311,11.827677,8.610782,13.023343,4.3551173,21.561216,4.8666925,3.8064735,8.965648,6.1252437,5.8833637,10.849807,8.26167,6.891485,3.2724679,7.6453395,6.383561,2.2812707,6.307163,-8.379935,7.0537295,2.2783618,7.292445,2.3007145,2.9761221,0.98494345,3.1630747,-0.37397325,3.8833277,5.049398,2.529859,-128.82437,42.172256,134.98714,25.028215,11.260569,11.052367,34.785606,9.068752,-8.212802,16.926773,13.301382,9.676812,6.632037,8.290903,14.029754,5.368873,-2.0720282,9.609325,-3.5894964,6.5562444,15.177075,12.589239,7.0109835,4.5362377,5.7032433,2.946615,9.394752,6.151435,-8.195428,3.9535406,2.7266538,5.923281,0.69744503,3.3062503,-0.64328057,5.180446,-1.943018,7.071006,-0.25129086,4.8270187,-127.85505,59.09865,130.0818,16.673403,-6.620026,8.694452,41.856964,12.820513,0.5941627,10.292903,4.2282968,10.103963,4.832565,11.528109,7.5354614,14.064291,-1.3688107,10.407401,10.84168,7.4200006,13.309327,9.372081,-3.5438187,4.8082876,6.3075414,4.4268303,9.489936,7.0256443,-5.1079783,4.6857743,0.61979663,4.2653255,-2.1916125,3.343231,-3.035549,4.660036,-2.3848891,5.5891404,0.3021635,6.7377796,0.041045217803030304,0.013429786556517836,0.16892442,0.09659664,Oktober
-111.89803,59.877956,134.43521,25.585442,-2.6583288,8.203053,17.328194,10.932724,-17.191774,26.074821,11.606705,6.936109,13.144762,3.978032,14.750918,4.369186,1.113933,7.514363,7.266799,7.2661076,12.441532,9.362376,10.086475,3.6149025,-0.47101697,4.1719832,-3.7105117,2.1539805,-9.127742,5.017982,1.2328441,4.4965897,6.545381,5.5401297,2.5350184,7.0734324,-0.3657223,5.5099807,4.2635174,3.5051582,-95.04076,42.452282,133.72235,26.30123,8.623844,7.458519,31.932003,9.57634,-10.678781,16.412092,14.598221,7.840864,2.2778466,11.376578,11.356758,6.8639865,-2.9438653,8.969544,-0.6110633,5.3529234,14.382582,9.782857,7.411229,4.399867,0.11530735,3.9820569,5.511462,2.9296064,-11.418768,4.428155,-1.4442046,6.462754,3.1988654,3.5020413,-4.6964254,8.550413,-3.234003,8.28992,1.0909157,3.628302,-91.02058,47.55836,129.45216,8.876614,-7.956673,9.025342,48.269894,11.503744,2.1959176,11.030424,-1.4310732,9.416239,5.119106,10.36146,3.7910595,13.856949,-3.4541998,7.1631656,9.438889,6.3041067,16.8057,6.996088,-1.4321951,3.4895947,5.361435,3.3762896,14.728421,8.608667,-8.62687,2.5644014,-0.5042475,3.3412085,4.39947,3.0427833,-3.8096993,5.6457305,-4.345605,2.5086842,0.51878303,3.0816836,0.045166015625,0.012983140429988604,0.22322425,0.105966575,Oktober
-119.84265,48.184795,137.3838,26.321827,-0.3094293,7.419554,16.017485,10.169244,-24.455246,22.577738,10.712709,9.429023,7.0443563,3.2428424,20.442356,4.8621593,-0.7520182,8.626477,3.0101054,6.9984164,16.369873,9.408454,9.537088,2.9722054,1.5178587,3.8019128,0.68548703,5.3185706,-14.3186455,4.9367366,1.052475,3.7439399,2.8061457,6.216791,1.9996288,3.9964147,-0.7305685,4.229364,0.66501224,2.1547627,-99.630745,29.233744,142.57266,18.602201,14.778359,5.785269,39.31381,7.328686,-9.163728,9.612295,9.997247,5.954489,-0.6480913,10.669291,6.9390216,3.2634761,-9.189281,6.9550195,-6.1159716,6.5671268,17.979576,10.670855,7.999108,1.7112428,-1.2553079,5.007828,9.174795,3.2619748,-11.770664,3.108008,-0.98385036,7.255979,1.5077722,3.531716,-5.650842,4.6964726,-8.442961,4.530909,-0.9103359,2.848706,-83.59888,58.835938,138.94281,13.717407,-17.23538,10.995297,41.77962,10.970113,-7.5180283,14.052095,-4.996358,10.766237,-0.36882848,12.637976,2.823225,14.115699,-1.8055975,8.442335,9.282809,5.371761,17.628916,11.111997,-1.7768103,1.8218806,6.97399,4.6966558,15.0487385,5.978568,-9.158164,4.2430954,-2.1342013,4.072029,3.010322,2.2201278,-5.039756,5.019829,-5.164808,3.3573792,1.3613856,1.8408399,0.052828275240384616,0.011896608307540149,0.20599717,0.088614374,Oktober
-157.24298,52.101833,135.59528,27.038483,0.5465426,7.539483,17.302265,9.648083,-16.850155,23.88198,11.945031,7.924665,11.779541,5.03639,20.248709,3.6272492,5.5194864,5.746069,4.178426,7.811418,13.578781,7.7565837,9.2555275,3.6711793,2.8325183,2.5478704,0.10775474,4.0169005,-10.673094,7.012611,1.2976782,6.0481577,4.7484074,6.260899,1.4902956,3.700772,-1.7871838,3.385336,4.3154364,2.3855848,-112.14934,32.302776,142.66534,20.315762,7.931284,9.63474,36.3935,8.655078,-14.921095,16.426144,10.781321,5.4409647,-0.54523206,10.224155,6.2320294,7.2073674,-11.965629,7.0238585,-7.059028,4.639653,22.729477,7.604915,5.7830453,3.477712,-2.6226473,4.1558957,9.844659,4.3142676,-13.289559,3.9485424,-0.99768853,5.752466,5.7947807,4.0554757,-9.584459,6.217193,-8.227166,6.472225,-0.28994128,3.0707533,-94.077835,60.814163,139.0737,9.805227,-18.885029,11.044326,43.97026,9.187307,-7.9069443,14.43439,-3.005033,7.3501983,-3.9921098,11.346661,3.900058,12.253629,1.5381429,7.0012293,7.4342294,4.940773,16.455631,11.421136,-3.5861542,2.3549151,8.172228,6.375087,15.51575,9.961091,-14.340364,3.6643946,-1.3463948,3.9436517,6.3897862,1.7259717,-8.444769,5.2519794,-2.3516974,3.0047383,-0.44081816,2.397105,0.04762486049107143,0.013670929634173882,0.17850728,0.08712795,Oktober
-125.20685,48.889378,142.21951,27.943098,2.044398,12.160779,20.342327,9.602525,-24.670958,22.510738,7.4799547,8.570128,8.757685,11.531929,17.966906,5.635292,-2.673076,7.007843,-1.0997484,5.153276,20.592651,12.265238,9.116291,4.384592,-1.501971,4.6326118,2.538119,4.6467495,-12.378215,5.3182855,-0.0044445274,4.9127054,4.004145,3.5808976,-4.1437364,4.2514157,-5.7704444,4.98895,-0.013476133,2.3294082,-84.95358,49.63078,150.66388,10.7439575,-5.603864,15.280433,45.57436,10.023496,-17.125044,15.563988,-2.128168,7.197635,-2.8074768,14.12801,-0.80147743,9.634195,-9.164138,8.503404,-3.0348861,6.5793133,21.821568,10.221818,4.001852,9.811843,3.1231754,7.4170804,12.596434,6.7226114,-9.871694,3.2720714,-7.35627,3.098624,4.2935486,3.285148,-9.753192,5.618971,-9.729506,3.4817386,-1.2882121,3.7552447,-142.25156,57.13953,126.98596,13.229123,-12.802935,10.573828,38.248985,12.090596,5.1954226,9.981661,-0.26132622,16.69642,4.395813,7.5737247,10.873629,10.168686,3.4464111,7.353389,9.195618,5.1065793,6.7590003,8.1539345,-3.4826813,4.430377,6.1558013,3.9592037,9.552879,8.332669,-10.021082,5.5926623,-2.8447933,3.2181265,4.1698194,2.5287068,-0.7706951,4.684094,-3.0262675,2.1495156,-3.15175,5.2563796,0.047135416666666666,0.012643708554892047,0.19517009,0.10207958,Oktober
-161.80942,54.384056,137.37901,22.271273,4.7402496,7.771824,23.779182,9.048822,-16.967493,26.569418,12.891743,4.7852416,12.209354,4.6932254,18.24694,3.5712583,4.5610027,6.8158994,3.9566154,5.837922,14.162219,10.817755,9.266318,4.0208883,2.4895592,3.6399963,-0.61278254,2.4409816,-11.152225,7.1486425,4.312678,3.791586,6.312081,3.9991715,0.7604323,4.9333053,-0.6018832,4.538031,1.6643277,4.8182435,-114.603645,38.54713,147.95227,18.532143,0.0940198,15.656812,39.626114,13.90553,-11.591375,10.561212,7.2994094,7.269966,5.166649,7.911084,5.746426,11.202513,-13.737702,8.289741,-1.5945736,7.976633,21.472567,12.129224,7.459191,4.5403523,-0.22544648,3.1235487,11.542121,5.9840026,-7.566208,2.7691588,0.39026168,4.2116446,6.050318,2.562907,-7.4349566,6.714236,-6.783608,4.7917733,-0.02755876,3.5270505,-132.70297,68.40494,130.80272,13.712561,-19.220095,14.954363,47.90822,12.995664,0.70540226,13.9935465,3.3932314,11.950013,5.8719635,7.707285,7.5800357,11.835103,2.3955173,8.894668,9.55149,4.275352,12.752176,12.421562,0.23142046,3.3845234,5.8289056,3.5229502,13.196791,10.831022,-5.0563745,4.7041016,0.69752157,7.5254335,4.513844,2.7784154,-2.3117502,6.4181848,-1.0915682,3.381819,2.2642398,2.532258,0.043708147321428574,0.014320345183606947,0.15893488,0.08175053,Oktober
-138.69046,51.822765,134.98624,24.84348,0.6813054,5.2517633,23.855047,10.715875,-10.326127,19.47065,14.257278,7.7872267,14.924596,3.9011092,21.81361,4.5067344,3.6430657,6.247609,7.370906,5.116906,16.974768,10.496467,6.8432517,2.2336078,-0.49082765,2.1631417,-0.54096746,4.964656,-12.303568,5.322556,2.6486392,3.3269877,5.4139743,5.4283304,0.5574306,4.406106,-1.9362736,5.93799,1.4616125,4.3331428,-105.91084,31.57476,150.93852,14.116917,11.956884,6.917922,44.403717,8.378554,-10.359159,15.805966,10.331039,4.294323,2.7613518,6.844538,3.1522288,8.012297,-9.314112,5.7402534,-2.1196437,7.617036,21.005735,11.798737,8.202385,6.4279866,1.1683649,3.2898557,10.394277,4.664534,-8.896563,4.0760717,-0.18316397,2.9547732,6.7880964,2.5742564,-7.5765276,6.0660524,-7.831401,5.185153,-0.69995576,2.3402097,-89.2529,67.18955,121.29196,10.176088,-18.60872,14.409283,52.67255,13.219036,-7.9862666,15.259214,-0.7648531,11.358649,1.9487456,13.62072,4.586012,15.386117,0.21460639,6.5057297,9.791077,3.6818707,17.957869,9.941443,-2.6636224,3.170126,8.366303,3.129614,14.852191,6.6139703,-8.588464,4.706812,-2.6095457,8.487948,2.9658563,1.3530327,-7.825127,5.3929753,-4.4366274,3.7125363,-0.58579713,3.8583746,0.04673324092741935,0.014515098753979484,0.2098637,0.09990916,Oktober
-138.3263,52.560165,133.38869,24.394804,0.23876758,6.9102674,22.708124,7.5521374,-14.484297,21.021832,11.726431,7.4163747,11.308194,3.2734108,15.470718,4.2133136,3.5000997,3.7661216,2.8789873,7.4887433,16.031017,10.062784,12.505488,5.175667,0.07068026,5.2199426,1.9772072,5.603641,-11.253494,4.5605907,-1.5664579,4.4959555,4.708564,7.9726152,0.92812824,2.763271,-2.457171,7.184181,0.77024233,4.1174984,-90.39469,32.57517,147.2117,10.67664,4.4456406,13.299639,42.124107,12.781205,-14.90181,14.918133,4.8071404,4.8656764,-0.24209523,8.068,4.3837876,11.628492,-9.304072,8.429111,-4.6991625,6.5639834,22.458963,9.313758,5.135768,7.5568066,-2.1786137,4.296227,11.532537,6.148787,-9.167066,3.5182605,-5.6716247,4.1680026,3.009524,3.9207976,-5.012213,4.5169773,-9.882907,4.6309805,-0.64703214,2.9454145,-107.898026,66.51891,132.07939,12.793208,-17.492882,12.972881,44.527206,16.569155,-1.476154,15.366788,2.1953654,14.192739,1.560212,11.090284,7.0295196,14.098775,3.3297987,6.895487,10.43359,3.7991807,14.733652,8.904223,0.10349187,4.3017936,6.1652584,4.1192274,11.621047,12.106784,-9.427667,4.0375495,-1.9706566,3.726001,2.5756934,1.5712608,-4.118484,4.9372516,-3.6730897,3.7056239,1.1327231,3.92081,0.04799332157258065,0.015716380788218368,0.19564681,0.10216054,Oktober
-147.32416,52.330753,139.71747,21.021368,2.2788968,7.0932736,16.571705,7.783152,-25.589699,29.029121,13.195704,4.582013,12.339275,2.1641881,15.453147,4.7645516,3.5228343,3.0201173,3.2468414,8.158263,17.177296,8.519983,8.170921,2.4958448,0.71024966,3.3494692,-1.7562003,4.2163935,-11.894392,5.0812516,0.8856844,4.7977505,1.505877,6.4253273,-0.2391544,1.7756331,-1.0971656,5.12596,3.0215855,2.567658,-106.41196,32.964123,147.70435,16.33767,6.881896,9.470126,41.71529,8.076489,-11.592596,15.158569,9.078603,4.9891577,0.45965618,8.351848,6.803995,7.1358485,-10.690999,6.032539,-9.400698,4.5957975,21.153072,10.541203,8.285328,3.852501,-2.7330492,3.5917091,9.478962,3.7199879,-8.147103,2.5927975,-2.1545057,7.6287217,3.8179817,4.7299647,-5.091791,3.49846,-10.435621,6.8262115,-2.7276027,3.477422,-80.36603,58.88793,132.47552,10.354277,-23.006596,14.870269,52.6475,10.92966,-9.525297,15.747892,-6.526056,6.5708447,-6.9690614,9.777654,2.3182194,9.068367,2.3382163,4.607103,5.1592546,6.108651,20.34126,9.629434,-2.707936,2.5508325,8.478264,4.7587132,20.16378,6.211634,-14.01846,3.890189,-5.653184,7.2859025,4.8099637,1.7202471,-9.312098,3.2512395,-6.4636307,2.2059042,-3.2020698,2.810173,0.0484619140625,0.015500045868590382,0.2122929,0.09561138,Oktober
-131.84991,43.553482,136.90733,25.371998,-1.9803085,10.419751,20.78359,9.967073,-20.471575,23.155565,8.726168,8.415377,12.466686,7.8166413,19.838247,5.2581434,10.041776,4.468167,5.6730585,5.367802,9.215458,7.3620214,8.915442,5.1080995,1.8738362,2.6864877,2.8710065,4.259594,-7.1644354,4.2423415,0.56147516,7.047544,3.3339782,5.0977445,-2.7598264,4.340605,-5.1055565,4.9596276,5.4207597,4.7988105,-71.07854,39.09261,147.89111,8.361995,-0.53013647,16.056295,46.131493,14.36638,-16.709957,17.142025,6.1375,7.926864,0.1943818,7.784771,2.9617178,9.313195,-8.737947,7.6377773,-3.922226,7.0090795,20.648754,10.476592,4.450336,7.069208,3.5891118,4.989612,14.655009,8.091586,-7.570914,3.3498585,-2.8231664,6.1681356,5.2785687,3.4956057,-8.080028,3.5480194,-9.969641,2.27316,-0.19536427,1.9851953,-125.11549,58.873688,110.775406,18.955873,-2.9036295,14.415232,43.31111,14.949895,2.9151335,11.377135,9.259792,11.475086,7.9057226,11.495293,12.951146,10.528325,5.0224037,6.2746115,11.157811,4.4355397,9.005904,8.407925,3.6318116,4.4502854,6.524724,3.6889849,15.638822,12.033093,-9.519672,4.337419,0.99925244,4.120014,3.1136203,3.0329592,-5.7534986,6.3123946,-1.5884883,5.3798485,1.5746925,4.484564,0.0498046875,0.015077273224537977,0.19240592,0.09500444,Oktober
-145.4328,53.855682,129.54314,18.975191,0.11483293,8.013048,21.675585,5.40641,-17.588493,22.950317,14.023814,8.247535,10.179783,7.4866776,19.40284,2.0777738,5.0620103,6.3398857,6.14839,6.9047065,17.272255,10.44496,7.9527154,1.5705494,-1.892625,4.8691554,-1.4360698,2.6901364,-12.81295,7.1618576,0.8980169,4.54639,4.9467335,6.8356013,-0.18457015,3.746313,-4.973875,5.9972157,1.7789862,2.4103801,-126.234825,37.772514,134.16574,30.028376,5.277399,9.486719,30.707916,7.309868,-10.529507,14.220415,11.530224,8.436372,1.4178329,10.072284,10.38687,3.606783,-5.4786563,9.075583,-4.3461337,5.9800525,17.064451,10.260126,7.1301813,5.0845785,-2.0194128,4.2567487,5.5594845,3.9356337,-10.363094,3.1298654,-0.040827435,7.177587,2.8269901,4.2012844,-4.769394,4.5466104,-7.749912,5.0968404,-0.50277513,2.9015496,-55.649063,45.082714,134.93939,6.7724237,-29.763794,17.515684,54.44011,9.834075,-11.447382,15.313317,-7.7910643,7.4304924,-2.7909544,5.328571,-4.6981587,6.8838906,-4.328588,10.535007,6.272188,7.157191,22.291355,6.1481185,-1.2916168,2.957661,5.692696,5.4604154,18.302782,4.2316875,-10.546386,5.3125763,-6.0417404,3.2955127,2.4400294,1.482875,-9.125922,2.7583551,-5.553904,2.0511148,-3.5806844,2.3617198,0.058610587284482756,0.020041687844327718,0.19714466,0.10962102,Oktober
-135.05653,61.005363,134.44594,28.269846,-0.55304796,4.840111,20.340584,7.8490705,-20.971575,28.046274,12.270694,7.2119045,14.194043,3.6110244,18.965508,4.767216,4.3071117,5.625467,5.302686,8.916175,14.216232,11.178444,9.995089,4.669448,3.012066,6.195686,3.8175538,3.7963982,-7.935599,7.42972,0.506149,7.829844,5.6392746,6.539949,3.3936155,4.9730644,1.473328,6.460745,4.9085193,2.2771137,-78.70879,44.533638,142.35008,12.514511,3.5536416,11.6812105,42.659153,11.497535,-14.708858,12.971669,3.3208673,8.1310425,-3.1191208,9.136882,2.8550036,8.334963,-8.547681,7.58952,-4.514836,7.960069,21.129978,12.572134,1.9792334,4.947349,4.7243104,4.2128367,13.354043,5.7222257,-10.127954,5.21145,-0.6325746,4.404585,0.48963627,3.2662349,-9.858482,5.3048263,-7.4640083,2.8920603,-2.800113,3.0360775,-176.6588,32.663025,111.88826,10.101661,-8.753954,3.708852,28.3138,6.7087336,8.901813,2.2549133,14.719529,7.283519,13.9794,3.3321166,17.237988,4.503995,7.3341007,6.412226,10.985905,2.3239648,3.4283023,5.072755,5.1345596,6.066005,4.6644697,2.8374515,2.8262048,3.800051,-7.0853243,4.1085258,1.818353,4.702489,1.8036897,3.2445617,0.7851177,6.4111323,0.17533,5.1553383,3.1987882,4.747631,0.04655827702702703,0.01358924727925432,0.16203511,0.0970334,Oktober
-171.78546,50.117878,126.39551,22.604252,3.3999763,11.001463,20.598064,6.895264,-9.3042755,25.844,15.578967,9.895073,15.922883,2.2538872,18.68508,3.390519,7.168585,6.8346643,6.958235,8.898876,12.188314,6.2258177,10.28263,5.068933,0.12630501,2.653932,0.20186424,2.770976,-8.790115,7.8570294,1.6866958,6.4142113,4.678904,4.6663337,-1.2783424,3.5097616,0.181859,3.7384098,3.130018,2.1995907,-134.13527,46.890522,133.76662,25.685806,6.9663725,9.323248,40.878323,12.11461,-9.338764,19.208683,15.037005,7.2618146,4.175722,8.977816,10.23885,8.887367,-3.9458222,10.498327,-1.6029403,5.2150254,18.84954,12.2952385,5.7081776,3.976736,0.37760675,3.8651364,8.846254,4.8968363,-8.206598,3.3661318,2.4225466,5.5510206,4.572899,4.154576,-5.9486623,5.168479,-5.2322383,7.9324527,1.1573101,2.8811433,-85.50744,59.96444,131.12431,9.338378,-28.051966,13.031129,59.592636,16.886332,-8.343209,15.196549,-5.9035597,10.298939,-2.2054336,8.728972,-0.046613347,12.655382,-0.6177576,7.6948175,11.196396,5.536028,16.526672,10.217988,-1.5900899,3.264922,13.712635,3.311276,18.264856,5.2345643,-10.2739525,4.868978,-2.2267787,3.2100794,4.214973,2.614247,-4.871839,3.225161,-7.757176,1.96046,-1.7422925,1.96647,0.048591382575757576,0.016818230702055532,0.16824797,0.093418814,Oktober
-138.35704,61.197018,130.08655,25.961664,-1.6853352,8.594127,16.726961,6.839792,-20.080002,31.434244,15.68024,5.726926,13.094361,3.6605544,19.395185,6.828082,7.885977,5.6682777,4.1558385,8.272376,10.327143,6.472576,9.475929,7.12724,3.8131866,4.438749,1.6360993,3.2889087,-9.629203,6.0834026,0.6419381,6.8338237,7.7256775,6.1111383,-1.0680757,6.124801,2.0565743,3.3411393,4.6182137,3.1590695,-102.86724,43.33409,139.92352,25.714684,9.567053,8.516828,35.288437,15.779087,-11.459761,12.9200945,7.2932787,11.058654,3.1446588,8.906948,5.742836,9.274975,-9.0266695,8.390478,-5.5738897,6.5646143,22.460426,10.500388,2.904283,4.6834235,6.1826167,3.146899,11.696378,6.206382,-5.1612973,2.847583,-0.9518861,6.7606845,3.1589942,2.606478,-4.8589063,5.590761,-7.125331,3.5679557,-3.0588608,3.9432123,-146.44458,66.036896,117.26488,13.770194,-11.792861,6.5004134,39.204334,12.921524,4.813953,11.436605,10.04988,13.443868,11.338917,11.310875,13.434313,12.145452,4.1398196,8.595784,9.698816,2.4156725,7.974099,8.439204,2.0626154,6.639975,6.9733286,4.1652045,8.08132,7.161587,-5.789316,3.843892,2.6546414,3.7480767,0.46472186,4.3048916,-0.58930165,5.9670796,-0.8285841,4.3534536,2.819029,5.6489773,0.045591517857142855,0.012851082115075756,0.16836911,0.098160386,Oktober
-148.61177,64.39498,131.01772,24.623768,-2.0001075,6.9585066,18.604681,6.825633,-20.200298,28.248392,12.8305855,5.7207446,9.875651,5.2296505,16.59236,4.5845647,1.4092126,6.493507,-1.540015,8.660941,14.5579405,12.041044,9.33589,2.7553022,5.4862866,2.9117575,2.4725296,5.8002877,-11.236942,7.77168,0.32859838,6.4029813,2.4422174,3.7829213,1.5363705,3.706973,-3.370012,5.1551566,2.82628,4.1846,-98.28156,33.281696,152.81221,8.62992,5.8766313,12.017865,40.877956,17.178743,-13.181947,10.4874935,0.4346773,9.908499,-3.5230782,8.563588,1.3755516,10.007355,-11.6761465,4.3527217,-4.1444235,6.4181113,19.437141,11.991199,2.3718011,6.146915,4.008974,5.268192,9.61494,3.690445,-9.974517,3.5878127,1.5162681,2.761594,-0.13050584,3.6307192,-10.077625,4.7674985,-8.3588915,4.192393,-2.874328,2.505285,-172.86145,28.154255,115.60598,6.866029,-3.1142843,2.9691966,35.145206,7.8997445,7.071985,3.1477067,13.433613,10.769482,14.601691,4.5416603,18.386595,5.0592604,3.0865564,7.3260355,7.8507586,2.0142686,0.9762945,4.6175075,1.0448902,5.4705224,1.5919861,3.02773,3.330603,3.918532,-4.40348,4.9560285,4.2222834,1.6302406,2.6726165,1.5338194,0.43889666,5.1442046,0.6816349,3.7578518,3.7018626,4.1546335,0.05184659090909091,0.011915890409978938,0.14870079,0.085544124,Oktober
-161.35587,52.815437,132.4641,28.600618,1.0365491,4.898279,18.446844,7.419752,-13.319866,24.622314,10.800363,7.973511,11.001819,5.3710923,17.360674,3.681483,0.48383397,6.3520794,1.3963069,5.6838875,11.01868,10.255739,10.894498,5.6800504,1.3040273,4.986003,-2.0732603,4.825751,-10.952019,5.5965576,-2.3783667,6.015319,2.9257944,4.558261,0.84718996,4.1282687,-3.327279,6.2142344,3.6411784,2.3373144,-107.48621,42.046425,142.04404,18.84993,4.870821,10.713337,49.517277,16.137648,-15.155612,12.416256,4.951701,11.262589,0.46645692,9.353239,2.2093616,8.357237,-8.51561,9.981728,-3.557511,8.466645,21.364727,8.311143,4.014718,6.117525,4.793352,3.6574447,10.715733,5.285881,-11.268063,4.1682324,-0.37605774,5.251336,3.517225,2.9765444,-6.9237394,3.992436,-9.638197,5.142727,-2.493905,2.0092778,-173.79291,51.651768,118.3064,13.913867,-9.617372,4.682432,34.3111,8.106923,9.098906,5.480882,7.616216,16.065214,12.613495,6.358361,15.699509,8.191232,5.104858,5.498813,9.963403,5.069571,4.1373267,8.437593,2.2488065,4.0752077,3.6684492,2.8936393,5.5723157,5.240036,-4.3618546,4.0800676,4.0287538,3.449351,3.027364,3.5279431,0.26700845,5.78526,-0.2649118,5.2105374,1.5722728,5.3909345,0.04833984375,0.011754598202427231,0.13600351,0.08521616,Oktober
-136.3995,54.889957,134.00935,22.943186,0.8614691,4.989607,18.232674,6.537324,-19.662653,24.690487,12.713974,9.507494,16.445442,6.094269,18.258276,3.1805437,1.7629807,5.9440446,5.802808,9.429502,14.905387,8.213841,11.24773,4.98049,2.1712098,4.2167177,-1.22365,6.246041,-13.068936,6.5010805,1.4755046,5.222904,3.2953393,5.3101373,-0.021304239,2.9593422,-0.60705274,3.5261865,1.0409251,2.5026064,-98.50425,42.10676,139.55013,19.173635,4.1852922,10.629473,42.212013,15.138536,-11.9620905,14.780684,9.819372,10.024098,0.095262915,7.6924605,2.7366815,10.191395,-7.7739835,8.573816,-3.062214,5.383708,18.907936,10.632295,3.6457741,5.4188232,-0.0071855024,4.5989685,9.342634,7.1755505,-8.886457,4.257635,-1.2171888,4.892094,1.9250795,3.9688458,-6.1239734,7.1899705,-8.092508,6.055709,-0.54742336,2.2431903,-140.9308,64.48998,119.54602,15.333981,-11.302311,9.893423,42.897675,16.120348,4.07896,13.080969,6.3532653,11.566278,8.782347,11.484193,12.2438,13.621041,0.811836,5.948334,8.370922,2.5522113,8.294566,8.607921,1.0559992,6.90497,5.1984982,4.7706103,7.514137,8.96484,-6.7639747,3.628076,2.2545233,5.8370442,2.78508,1.4488944,-0.3645104,4.20891,-1.0659112,8.741903,2.3150089,4.998465,0.047593060661764705,0.014696819654430171,0.16232638,0.09358911,Oktober
-124.69689,88.54216,110.60266,38.53795,-1.1746664,27.873095,30.241205,12.646764,5.1344104,9.339153,-1.4316577,19.559114,2.522413,13.101777,13.8135805,14.163095,5.935272,5.3081293,5.4569035,2.6909764,12.646957,11.169425,2.7735138,4.204549,8.835212,4.1161222,8.093827,6.5693526,-8.579348,5.949364,1.617125,4.2072115,2.0415556,3.156364,-5.599634,10.074091,0.24154396,4.089066,3.838238,2.9338765,-130.69643,43.506836,139.19203,15.639259,-6.957994,9.040722,45.5751,12.238456,3.4452248,13.246641,0.82503855,11.110375,1.6203227,8.642125,14.41281,5.697837,0.21744953,11.176197,1.8966084,6.1662297,17.169508,8.148377,5.024299,2.789093,-0.11785331,5.2642984,10.229023,5.5550904,-9.86224,6.969779,-1.731661,2.2127733,6.4746733,5.8623304,-3.8729088,6.6305637,-6.6043363,5.6066594,4.0796194,5.07202,-155.64198,70.18587,125.81402,21.010489,-10.35735,10.150049,36.72009,6.969135,4.3447237,9.826052,6.719493,14.188568,9.677338,12.399028,14.167533,10.065047,5.976777,4.560474,10.53067,4.481981,10.655187,10.876244,2.2399173,3.4154341,4.03844,3.6659882,8.377433,6.8617353,-5.845565,7.082284,0.81750584,7.196339,2.0247958,4.6278706,-0.82107216,9.28565,0.23414303,4.8642616,1.600149,3.4331503,0.046219308035714286,0.01925337446468705,0.15451273,0.08257755,September
-120.80325,61.057507,104.067314,39.19026,2.790248,23.085787,28.640398,13.505978,-1.9899777,11.337856,3.023442,18.848146,-1.9351043,9.096133,13.451524,9.876042,7.0200605,3.085757,4.7085915,3.3635945,14.875626,7.6313415,3.2479613,2.4365666,0.9662314,4.6547093,9.007258,7.8407803,-13.173355,6.02447,-2.40748,7.395481,2.462092,2.7107327,-4.6249814,6.20181,-2.5163865,4.6966634,1.5196766,1.8017224,-73.87027,41.207462,140.74437,14.113337,-17.836763,16.186237,55.621708,3.8794558,-0.3073468,13.402704,-0.9555371,9.748218,-4.7413177,12.146155,8.318456,6.071677,-1.994278,11.77131,-6.4092693,5.549228,16.898655,6.289574,-1.4705676,6.3693156,-6.1280046,6.174345,15.110272,4.2738733,-10.803616,6.96738,-12.664527,5.00173,7.158174,5.4968867,-8.403894,2.1513004,-9.895651,5.495245,0.2839571,4.839087,-149.02512,59.644905,122.621956,13.709967,-10.588229,10.309131,36.439243,9.6339655,3.475596,6.9996557,4.910281,15.453422,7.7637258,10.0818405,15.832111,10.857416,6.111793,7.3606143,9.444658,2.426103,8.673237,7.731637,1.7284458,3.630845,0.4050412,3.1497395,5.8710628,8.572759,-8.791913,5.605561,-2.7806158,6.842106,0.6674782,2.3451378,-1.6215332,5.141507,-4.151204,6.1558466,0.19986625,4.2430286,0.060990767045454544,0.034801891273893215,0.18159162,0.097182386,September
-95.44208,64.32815,99.53979,49.24304,7.3043356,32.056072,26.121588,16.691854,8.187067,11.321263,1.1761725,15.403242,0.67387813,5.3915644,15.151552,9.857192,6.961936,3.6215398,9.039255,3.732641,11.262095,8.598685,4.118814,2.0418699,4.358046,2.1725664,5.883676,6.9965963,-10.868733,4.747035,-1.6314657,3.377925,3.072699,4.007882,-6.01022,4.695278,-0.4603117,4.2641463,3.3907433,4.1648917,-85.475044,50.082504,139.03244,11.269919,-12.117986,17.999666,56.904762,11.853207,0.6193039,12.752521,-7.003694,15.156461,2.4578693,11.463968,12.526167,6.2232494,-3.3206115,11.979074,1.0597051,9.448326,17.286467,7.477699,1.2905239,1.5969826,-2.7528868,8.720485,10.478748,5.0433083,-14.451387,6.4064684,-6.335223,4.6462154,7.036626,4.951376,-7.7425814,3.1221297,-7.040648,4.385618,0.39221326,4.589262,-100.78136,70.86535,132.3621,21.582844,-10.512526,9.85924,43.501297,7.8153024,2.51067,11.769354,2.9457092,15.995937,3.1794035,15.49055,11.809937,12.7887335,3.1587334,7.0729113,7.160601,6.6371694,14.218046,12.542479,-1.208054,4.84449,4.968774,2.7740705,11.104972,6.6311116,-8.005807,4.7636304,-4.283545,5.61581,0.24071813,2.8896887,-4.9886894,6.197174,-4.8945923,4.384865,-4.447226,5.202347,0.06905924479166667,0.05885084699872708,0.22306074,0.10313339,September
-115.99971,57.12531,97.32756,43.89802,11.780239,30.057327,27.886557,18.92655,10.721219,9.895649,4.415259,15.654778,3.1083252,10.446216,14.947118,16.114264,5.1713133,3.6339383,8.403402,3.666876,8.94131,7.784194,3.1741157,3.3392181,3.7161813,4.3218336,7.7351913,7.147773,-10.485795,7.30168,-0.20447445,4.036636,2.4584696,4.7152963,-5.2072086,5.9846716,-1.377904,4.3070555,-0.46936932,3.0996468,-110.210365,42.75605,137.76675,11.810255,-8.112252,16.61949,57.22354,12.357735,6.4514756,11.746816,-1.6002802,14.263696,2.6986313,11.246474,11.581615,4.858738,-2.5430107,11.885316,1.8733956,7.3078113,18.063168,6.835791,2.6840923,2.9548175,-0.9431187,9.274311,14.104337,4.2570114,-10.483916,4.9870214,-8.595419,6.333193,7.0487685,3.4513905,-5.773665,5.1346636,-8.435092,5.403183,1.9927279,3.5522404,-113.12987,70.58745,134.36113,22.147793,-10.693888,11.85669,40.455284,10.171235,-0.50351906,13.256767,0.52994174,14.210701,-0.6262104,16.582169,6.8404055,14.871491,2.36031,6.4993715,7.095336,6.2927485,16.48669,10.122107,-2.6457818,3.9148092,3.7501035,4.370645,10.897543,9.172484,-12.26436,3.6065562,-3.7768269,4.432515,1.4551927,2.354509,-5.9072404,6.0186005,-3.2277932,4.291743,-2.860234,4.1144457,0.06165364583333333,0.039789965528305084,0.18890199,0.094827265,September
-132.665,55.685432,105.88224,41.688713,5.0554485,24.34367,32.702465,13.553874,4.3427277,11.194251,0.5715145,18.41359,0.28002495,9.5875435,16.891085,7.651049,4.1848006,4.206498,9.090034,4.6915245,11.056258,4.7825,5.1539297,4.1714163,3.3983085,3.4509416,4.9106464,6.5422244,-11.470802,6.2960997,-1.6249676,3.4746537,1.4112246,4.5576606,-7.426703,5.2523513,-2.1138248,6.7857685,0.15662915,2.2363997,-102.126015,43.121185,139.32619,6.4608626,-3.7078393,16.877436,58.181347,5.096901,5.7918196,10.899385,-3.9479575,18.063887,-2.0721996,13.277751,7.391568,6.189185,0.9572436,10.598427,-0.043038655,5.468528,18.52159,7.9015503,2.0824285,3.694206,-1.8370613,6.85562,12.20275,5.2466297,-12.566597,7.1191974,-7.12634,3.2539077,5.6573553,4.8950114,-6.5295434,3.3652823,-9.5380535,3.4039443,-2.103292,3.40887,-130.30421,71.397545,132.01115,19.78156,-12.682076,15.559536,40.33681,7.721961,7.0348864,9.703515,3.8292065,19.361803,5.490766,14.688914,14.182854,12.194998,4.598048,8.177463,9.359092,3.4927416,11.320669,11.202895,-1.6526436,4.216785,1.472554,2.663292,5.668132,8.397896,-9.903401,3.9491737,-7.033094,6.632664,-0.98943776,3.4230072,-2.594186,7.0867333,-4.924379,5.4393253,-2.2608216,3.498219,0.05359700520833333,0.027258366077278644,0.1773445,0.08225769,September
-117.728516,63.78837,107.721405,48.70836,10.180663,28.010212,31.538582,13.492602,6.3836126,13.876244,3.3023825,16.78142,-0.69350135,12.974661,19.261274,11.263428,7.587633,4.064193,9.444887,4.223759,16.872503,8.784274,5.2439294,3.6284397,7.1115365,4.8757052,8.354041,7.860944,-12.448987,5.514303,-0.32635987,3.1928456,2.0000122,3.6968606,-4.747011,3.6331027,-2.6947625,2.059239,1.9015269,2.9931252,-103.114624,41.17802,143.75125,14.633904,-3.3471272,17.595346,56.13659,10.009979,10.085264,9.4184,-7.7055655,16.871458,-2.314,14.12104,12.131289,5.844061,-0.45190886,9.10906,0.23864603,6.9490795,16.863308,5.0734773,8.824917,4.0810094,-0.48544306,10.430949,11.828442,4.410467,-6.483746,6.1060467,-5.917494,4.9439716,4.146588,2.2526014,-3.8806887,3.9896722,-12.574539,3.2780392,-0.3957158,1.967848,-119.65019,84.471924,134.11444,26.489056,-12.914508,12.335199,39.160183,6.95819,9.658976,8.334668,1.4110649,21.028217,7.087387,15.950692,11.139962,14.898674,1.43518,4.3157067,6.095653,4.2442775,20.1192,10.675746,5.574016,4.3827896,2.1702802,3.0574272,9.638585,6.851499,-4.6039896,5.1137013,-6.9633403,5.7344794,1.0893561,2.1556406,-3.8418648,3.1532397,-1.4922981,3.0115705,0.5874175,4.53545,0.05029296875,0.021294113086247957,0.19194318,0.08713387,September
-94.83888,59.72622,107.2699,45.844837,15.312899,36.691303,29.30181,16.06686,7.3072796,10.626859,3.8582425,19.822796,-5.1546893,6.584377,15.196574,13.086858,2.2023075,4.554682,10.399272,3.0994015,16.307213,7.8399887,1.8073374,2.5921633,5.6893787,6.389675,8.686208,7.308598,-9.283215,6.3130455,1.8443598,9.065343,5.11327,5.3770323,-3.982947,4.3935795,-5.650248,2.6719112,-3.2756662,1.0710974,-100.153175,49.86336,144.18832,11.296774,-14.260986,18.011236,53.845463,11.55697,7.0807676,10.343056,-3.1240947,16.361502,5.9698987,9.743195,13.382534,4.372447,4.0807824,9.700855,5.19005,6.0826283,14.314253,5.2554493,4.5001864,3.4237463,-0.44444868,8.5322695,11.501532,3.7697182,-7.8896084,7.925575,-7.4193006,7.3737974,5.1401196,4.605191,-2.0836048,3.730659,-7.7655435,6.034953,3.076682,3.8091872,-104.42396,68.2968,141.78435,21.993677,-10.883289,14.556904,39.98406,6.9507065,2.3349044,10.56394,-2.7211607,14.498914,3.8984492,11.986796,9.0828285,12.022695,3.6232786,6.420973,9.678571,6.2015557,16.40475,11.7238245,0.78177506,3.2288022,-1.0091861,3.7483761,9.839098,6.8791437,-7.424743,3.6093924,-8.323035,5.9839745,-0.5576034,2.9746642,-4.0610013,5.2628884,-4.658681,2.9527385,1.3731959,2.8835897,0.048760775862068964,0.0186306207611083,0.21935666,0.096138574,September
-120.75206,60.48355,130.7615,13.973099,-10.127245,18.457678,45.337234,10.236881,1.3572326,10.904204,-6.4485316,18.306503,1.1570381,9.359615,8.044778,9.959398,6.397761,3.9183018,7.502788,1.7072492,14.039951,5.4141965,4.621109,3.3178751,5.057081,3.5190756,9.646977,7.00602,-13.498029,7.679631,-6.739748,7.3972607,4.0245657,4.1918874,-5.146036,5.260099,-4.851552,4.3905745,1.4655949,1.7376733,-87.03549,38.068798,143.25125,10.217361,-15.519222,12.432211,60.548767,4.425384,0.6510191,13.033719,-4.0730977,12.068092,1.5603017,11.099295,6.913847,5.8361907,-1.9401858,14.405793,-5.182352,3.7710416,20.276772,6.1922874,1.0739924,3.35646,-5.4432616,7.667399,12.840135,3.45251,-11.586597,7.6042886,-11.448598,3.7979481,9.053188,7.279354,-10.556116,2.9668074,-10.328424,4.5236254,1.9734217,3.77118,-143.25645,81.0084,131.57462,21.09827,-11.810372,14.939013,38.33941,9.065174,9.368947,9.867094,5.2058625,18.164627,9.513522,13.787247,13.58732,13.462922,6.188293,5.732939,12.6949005,4.2442875,11.098088,10.209411,-0.18600148,5.207491,3.5918722,2.2148173,9.02927,6.5443864,-9.138122,4.6446667,-2.0633469,5.7579937,3.8420188,4.883887,-0.72244644,7.068699,-2.1757302,3.717823,-0.6949322,3.6647093,0.04350754310344827,0.013841210527126502,0.20193785,0.08395285,September
-85.46912,56.15386,97.22199,49.782307,8.810125,36.655216,31.97534,16.004982,4.2074776,11.778293,3.5296564,18.225233,-4.856662,8.652348,16.318079,16.673588,6.92653,3.7040355,7.027174,2.9411983,13.81448,4.7998724,2.0185611,2.6222792,6.7192793,2.6624038,12.22462,6.6666827,-13.024111,4.9555554,-0.6757262,6.8621154,7.2255135,2.7991433,-7.241396,6.7950277,-2.792728,8.034678,0.21236217,2.4134204,-109.543655,62.981815,131.44032,16.030157,-7.2627234,11.495348,54.98584,19.982141,0.91965914,7.6602187,-2.6654687,16.171352,1.3607817,8.185913,11.393617,6.307437,6.118838,7.944757,5.69944,3.2796216,12.673527,7.2001305,3.5354452,3.3328497,2.5844622,7.3492365,13.397253,3.700683,-10.682318,8.284362,-3.6811085,8.512762,5.217304,3.6031046,-4.9023886,2.6961234,-6.529905,7.184457,0.49614102,2.7596536,-95.90515,38.224804,142.80998,12.895333,-8.575772,12.268852,50.24301,7.4618945,1.8648021,16.654558,-8.65188,10.368271,-0.74235326,11.152841,6.824151,9.835894,-5.254335,7.839112,1.5506316,7.4481874,19.383564,7.054938,1.825272,4.163188,-0.65908706,6.9934344,15.682161,5.2248874,-8.658041,4.6912036,-7.1371255,2.6129463,4.999592,5.7898655,-7.9045434,4.2126822,-5.06124,4.49323,0.63084644,4.1638355,0.052847055288461536,0.012181695230876729,0.21113063,0.07179828,September
-78.16145,61.568615,91.79854,51.998356,16.23599,27.936058,27.405119,16.935722,1.9874088,13.268724,-0.9261763,14.717833,-5.0200186,9.891043,14.033985,15.152518,3.819477,4.9117603,6.560413,2.4190156,15.954429,4.999658,2.858624,4.035278,9.437768,2.8866098,8.882188,6.3618083,-11.470237,6.7460136,-0.7425688,2.5715222,1.9950938,2.914978,-6.608139,4.7223454,-4.5194917,7.2150126,-3.0370367,2.56921,-84.7637,43.17444,133.23773,12.255177,-10.663639,13.933301,53.153023,10.5155325,2.9427245,13.795938,-0.61017925,14.948601,3.7082567,9.970371,15.351734,6.2284355,2.292967,10.393177,2.3581,11.507586,13.734873,5.6939445,4.991978,2.7168617,-2.6154237,7.0249834,8.279785,3.419252,-11.10594,6.917179,-9.37369,6.021301,8.170207,4.3676634,-4.152094,3.863089,-5.848407,3.8439405,0.24291393,3.2724135,-86.38112,65.252975,146.3861,24.461138,-12.984808,11.924852,32.438244,2.484135,-1.1098727,12.146912,-0.57819724,12.384463,-5.161247,15.374582,6.9258437,10.781308,0.5414107,7.051675,6.0623007,7.141607,19.130503,10.316982,5.2480254,4.379129,-0.44751772,4.078929,6.6031733,4.966638,-6.349712,3.118875,-3.9666128,6.198376,-3.3682377,3.7269857,-4.6227975,5.127624,-0.420755,1.9259437,-3.723218,3.6615524,0.06459780092592593,0.054670836286877654,0.23167312,0.101229064,September
-94.86577,61.105057,109.402695,44.556606,10.99196,27.270187,40.139908,14.171994,6.9834547,15.821053,1.685577,16.388878,-3.1961544,9.65746,13.877385,12.433676,2.1903026,4.1668487,3.848854,4.2635045,14.306686,8.640426,1.229494,2.921483,4.366922,5.9009843,6.645172,7.4709535,-12.884581,5.8901367,-2.9837108,5.131768,3.772184,3.2203033,-8.434176,7.569683,-0.33117273,5.3908534,-1.5403581,2.7497733,-59.73936,27.452814,141.9358,8.135362,-19.397352,10.335944,62.124615,6.0745015,1.1224796,9.301829,-3.702828,11.68623,4.248526,8.916547,1.6661816,7.775323,-2.502892,13.754412,-6.451285,9.0014715,23.306385,6.655666,2.6264112,6.269458,-7.3021173,6.295165,14.140589,6.504548,-8.966848,6.4450226,-12.830363,3.8041315,10.743002,7.7781534,-8.849133,3.0609703,-11.469347,6.3515363,2.0583062,5.613247,-123.61849,65.50415,131.84306,11.303372,-5.332652,13.654735,45.035267,3.6945415,9.001634,14.686771,3.1855016,15.811559,5.2364836,11.428431,8.996454,13.684452,2.6475458,7.275811,8.417168,3.7358642,8.71861,14.802484,-0.58955795,3.0678213,3.2189567,2.130995,8.451342,10.152609,-10.007863,1.8641163,-3.8854408,5.401261,-2.642912,3.8512254,-4.408553,4.0332165,-1.9522412,3.3679101,-1.24919,2.4785385,0.05799153645833333,0.0315196000265723,0.22101296,0.0846703,September
-99.404816,64.168785,101.10068,46.171467,3.7466743,22.442213,34.97385,15.841049,-2.4462626,12.651504,-1.007982,16.20727,-3.783232,11.766452,16.611053,10.304587,1.8105098,5.0627394,3.6393929,4.1573687,22.185644,10.469518,4.565066,4.706919,7.957932,3.0915809,8.013428,6.193327,-12.957386,5.151196,1.6751072,5.669691,3.7681093,3.0522656,-8.885999,6.614239,-0.8877116,4.1899834,1.8806957,3.0418456,-61.845474,42.14411,144.80194,10.863926,-19.229296,9.484009,54.43052,8.105846,-4.1734757,14.426614,-2.813901,10.291916,-4.1020856,10.176896,6.3879747,7.488995,-3.3892343,8.920076,-3.3579676,4.2441783,28.787525,7.3291144,-0.17256846,5.0019355,-3.2178946,7.2892003,14.981411,4.243596,-10.598222,5.1768546,-4.7787037,3.7141912,4.9470487,7.741296,-10.694216,3.5952032,-5.446854,4.384649,1.4168899,4.5452924,-168.96542,40.781574,115.587616,15.427412,-7.988226,4.585905,31.428007,4.576773,11.280784,5.3889265,18.31388,9.556659,16.491228,7.105827,19.745369,7.508993,10.3623085,7.2989626,12.0761595,3.319786,4.0215883,5.8378453,5.617132,4.587344,4.196258,1.9370548,4.614645,4.3196006,-4.134159,5.3201027,3.096276,5.224573,1.2810088,1.9482737,-0.36820278,3.8058577,2.036423,4.14434,2.451777,4.3722277,0.06133108428030303,0.059787972502254226,0.18782777,0.09415443,September
-102.06633,72.64257,105.66836,42.64515,9.583623,31.71226,29.737654,13.749675,10.956318,11.44284,6.541422,18.495602,-0.5387674,11.265598,11.181873,15.006933,2.4729986,5.7471414,9.230659,4.5312085,13.480875,10.783574,-0.35267103,3.673564,7.329986,5.0479445,6.287465,8.008677,-10.682087,7.5388,0.024671255,2.3632324,1.1629857,2.7173681,-6.498102,8.439513,-0.7792738,5.146915,-2.6495912,4.0297503,-79.66214,49.083134,134.70279,11.8659935,-18.206415,17.290047,54.618423,13.575256,1.2078094,14.973333,-1.4948155,13.271911,7.8372927,10.502908,7.312407,7.275478,-6.996376,14.73893,3.953044,10.271331,18.646301,6.460902,1.6408538,4.5155234,-3.3027232,6.0894117,10.131657,4.2159824,-8.773269,5.4104295,-7.0076594,3.6108413,5.0376387,6.1325946,-8.575089,4.5073524,-9.091385,6.931231,1.4584591,5.434781,-122.26536,78.885185,131.9363,17.817102,-14.942246,13.433455,37.87351,7.3381305,2.3332624,14.637841,2.389118,15.753066,7.585779,13.596915,12.433863,15.040124,2.9227889,7.120074,11.877726,3.5690885,12.994638,11.695973,2.6121926,4.2539945,3.067952,2.4576507,6.56674,5.9101586,-9.435272,3.038905,-3.7337081,4.41193,-4.104415,4.3218274,-4.875648,3.906113,-2.7659655,2.0270736,-2.33613,2.5375931,0.060798413825757576,0.030891470530392814,0.20237602,0.09923162,September
-103.66071,57.494167,103.777245,48.443398,11.575779,29.553335,29.026245,10.585643,7.916966,8.395436,5.067775,17.615643,1.8331393,9.243705,12.570602,10.939666,2.6953971,2.3495233,3.9368346,4.0700912,11.753803,8.433962,1.3987567,2.54774,4.467549,3.1504488,7.964719,5.120676,-9.468141,7.5492864,1.1923882,6.909319,5.8312526,4.6203322,-6.625343,5.572348,-1.6007994,4.2165666,-0.41706875,3.489968,-88.50461,35.026443,139.92702,12.018869,-8.442736,12.543562,58.13939,8.482143,2.8309214,10.587402,-2.482214,11.590389,4.106851,10.372165,11.317916,8.0356455,-5.6657567,13.349386,1.9515876,7.248771,18.532541,5.2302146,0.8223849,3.0497117,-5.772409,8.477157,9.880237,4.687976,-10.172439,6.7781796,-7.519172,6.2414126,5.7633986,7.7221313,-6.0257983,2.4654183,-8.342169,5.6534486,0.33653954,4.6140823,-117.74344,67.95624,134.30063,25.64758,-8.074105,15.351532,37.0313,7.4916425,2.2421324,11.663902,4.231704,13.679882,6.3535075,13.714557,10.288476,8.661866,-2.1629128,6.5710845,13.410706,3.1328065,11.313949,10.274972,1.5453883,5.858491,3.8584738,2.4598646,7.6959596,6.5539985,-6.5948396,2.906085,-0.12507369,5.5337296,-2.1162293,6.2130585,-2.7373438,5.5025544,-0.93459886,3.4173322,2.409513,3.648723,0.06266276041666667,0.03779222828544382,0.18993044,0.092515156,September
-107.68036,55.231316,106.11992,47.57479,10.937344,34.56384,37.838726,14.044304,4.5115557,12.190752,-0.3268366,15.573539,-0.042954754,9.0043545,14.346132,13.322531,3.3972542,3.3434598,9.6739,7.020698,16.123907,7.599617,5.704961,3.268298,4.1862884,3.70725,9.054796,7.0602527,-9.709178,5.270683,1.0975417,9.700211,2.9330053,4.448173,-5.6679826,4.952981,-3.2696369,3.188142,2.551171,2.8902013,-78.69568,30.856695,145.3537,11.732205,-19.20158,13.243226,56.382,6.112084,-1.1259006,12.840379,-9.232148,8.343201,2.195485,8.578925,9.567492,6.685497,-7.3176675,14.804665,4.4341993,9.707605,21.48885,4.4590826,1.4232168,6.3068423,-1.1550146,6.9339237,11.088008,4.6392326,-8.391851,7.61631,-8.3174925,2.9231095,5.2672515,9.162108,-3.850956,2.678579,-6.4184484,5.0416064,-0.026253272,3.0485256,-135.05078,65.81234,129.48671,22.235304,-11.773604,12.699661,37.49199,6.140088,7.794214,13.662329,8.967465,14.52041,7.7185283,12.862003,16.708403,12.086101,1.453994,8.532787,7.186549,4.2979054,9.683531,12.445627,0.57431585,3.6719968,0.8809766,4.114212,5.972643,7.4943714,-4.9485745,3.2792094,0.11464923,3.709245,-2.335662,4.6452713,-1.0711927,3.647376,-1.5010327,3.0847542,1.6185145,2.0225692,0.054293724798387094,0.020150458594843414,0.18456285,0.082879975,September
-130.94742,48.752396,110.12239,39.754345,6.689546,24.159002,38.51217,12.666006,2.7153149,11.121136,1.6396567,15.893598,-2.6698756,8.823498,11.680525,12.292495,2.318287,5.2458725,4.8485847,4.502857,15.175616,8.568149,2.7652793,2.7495823,6.534388,3.9230258,9.357789,6.146819,-11.439526,4.7032866,-1.5949532,4.535361,2.0924575,4.199192,-3.8020463,6.3476973,-3.003142,5.4328227,0.9654252,1.6887732,-88.30813,40.263927,148.27237,9.851679,-12.930736,14.731195,57.680523,4.767434,-1.0551811,13.734119,-3.9720948,12.013645,3.084847,7.767561,7.266762,6.306046,-4.6349573,10.233166,2.0825353,8.624695,19.38647,6.002245,-0.5384488,4.318145,-3.825301,5.8797917,12.201408,5.062089,-6.4760027,6.326055,-8.527739,4.528626,2.6639512,6.5263505,-5.148734,1.8860283,-7.1990957,4.8813605,0.03659463,5.009428,-145.38118,65.642784,136.06026,19.573988,-7.2292767,14.844737,38.49052,4.6671286,7.0090075,11.846193,8.626907,16.459518,6.680596,10.420942,13.242049,8.734854,3.4249046,9.071038,9.870299,3.135828,9.681493,12.042476,1.1335849,7.1956744,1.6334469,4.091365,3.0855706,9.388629,-7.6962605,3.644586,-1.6048561,4.0675354,-3.575164,2.536513,-3.0407248,3.1314566,-2.3231177,3.4789586,0.13763478,2.2889316,0.051427041330645164,0.021261048854533747,0.17596692,0.085562564,September
-110.6213,47.730434,113.18376,39.514984,14.516271,23.644491,30.15362,13.172861,7.0997214,13.586584,5.798033,14.896922,0.33681488,10.49079,15.936434,7.414628,-1.019869,4.0916376,10.389604,2.919442,12.928172,7.549001,4.149595,2.4435709,6.438975,6.075856,6.949159,6.685858,-10.01185,6.045986,1.30385,3.9232857,1.6254612,3.6165736,-5.3127584,2.5904808,-2.7334657,4.968737,-3.5183334,3.1634605,-63.838184,35.914135,145.68285,9.4485,-24.022236,16.779259,59.256153,7.0340743,-0.65874803,14.919091,-8.326275,13.865911,4.0452704,11.755388,10.334695,8.496549,-5.40479,13.049494,0.875473,9.935616,18.517405,5.2768283,0.9369217,4.0849514,-4.293802,9.251092,12.212969,4.11432,-11.94839,6.671442,-8.256527,3.5925894,7.5665236,4.9244857,-5.517785,2.391297,-11.225015,4.7814503,-0.014543009,3.516536,-114.08771,72.57346,130.02914,16.267319,-7.446321,15.373142,44.25496,9.1042,2.1974177,10.023217,6.565831,17.391697,7.1957426,12.771736,11.398766,10.962542,3.1604736,4.2191186,9.9956,5.4055724,9.769069,11.030026,-0.47331095,2.9699824,5.1722674,3.5576997,8.379782,7.3918653,-9.877725,4.871313,-3.0802097,6.2599087,-1.7855482,1.45805,-2.0030732,4.920981,-4.8146963,3.5640426,-2.3818245,2.3107688,0.05724283854166667,0.021638328653814144,0.20818742,0.08566756,September
-103.0481,54.196686,111.016975,42.518116,5.7134852,28.642366,34.36723,14.02758,1.8943473,14.016305,-1.8208632,16.199093,-0.4607875,7.3798704,15.451352,9.770621,3.7649307,4.8907247,8.691445,3.093906,13.930973,6.580466,4.3897557,2.8963454,6.407271,3.8177,6.064407,5.641378,-12.718415,4.55679,-0.0075826864,3.293239,3.6501226,3.9434266,-7.2567673,5.340248,-3.1596558,5.384739,-0.24295022,2.4118958,-61.721554,47.05451,151.7572,8.51909,-17.929237,15.306241,58.97471,6.2894344,-0.79274845,14.274518,-7.444611,12.155203,2.1082594,11.604596,6.734918,10.473845,-3.0216682,10.0183,-1.2319343,5.361629,24.379585,5.91491,0.47257796,2.3927498,-1.9659264,7.8068457,14.940255,5.070406,-9.833952,4.143781,-7.140694,2.750738,5.1711926,4.8415923,-7.492815,2.1955843,-8.969299,4.3015547,1.4371057,4.371268,-158.81448,43.475002,128.21103,14.566469,2.278481,9.120313,42.200935,4.2113533,14.589309,7.942716,18.949272,11.975543,12.8854,12.48637,17.735893,8.995887,5.6652393,6.228289,9.578325,1.9487402,7.366363,7.424289,2.4255278,4.58343,-1.4330417,4.4081383,-0.26438627,7.955207,-8.841306,2.2496114,-4.626118,3.9509666,-3.482117,3.2904735,-0.35960534,4.011444,-3.0285745,3.2449074,-0.80134815,2.2484412,0.05624112215909091,0.029439916383663604,0.19939269,0.08741708,September
-116.62044,56.04428,114.026184,43.58585,17.86451,29.351768,35.689964,12.261712,5.0679817,10.638449,4.7684617,18.155193,3.5979412,9.125077,16.209084,7.6573296,3.7929115,3.5868697,6.203588,3.0189307,16.482922,8.2091055,4.017756,5.1445627,6.8296404,3.837683,8.461793,5.7182126,-8.378592,7.7132587,2.536778,4.85929,4.448394,2.4280555,-1.8440609,8.017299,1.2583853,7.341845,2.2967079,2.3936317,-88.8737,35.7646,143.89977,11.436511,-14.032697,16.354198,61.46446,7.8468094,5.523117,13.061037,-6.326339,12.51819,7.121581,9.056685,11.980757,7.1216536,-10.335114,11.082051,2.8328211,10.926854,18.356289,5.0644307,3.0574028,3.677297,-1.4865584,6.291557,8.791586,3.5358772,-9.040179,8.459089,-4.747694,3.6856537,2.685735,7.4641423,-2.014728,2.7079768,-6.6415353,2.9992602,0.51553106,3.5952828,-91.94086,61.53594,143.06018,15.438293,-10.7157345,11.793662,48.32314,3.6120741,-4.497809,15.243448,-2.4716067,11.357324,5.5107718,8.9926815,3.7441354,12.329379,-7.634485,8.616083,15.351904,6.0075593,15.261854,13.527036,-2.6419663,3.5822287,1.3013325,3.5018759,7.529616,7.08943,-5.948268,6.279449,0.19048491,4.1173687,-9.32166,8.224726,-0.8712467,3.3162427,-4.0940356,4.6646056,2.0759676,4.060132,0.04638671875,0.012770211748654317,0.21584502,0.075246625,September
-119.756454,48.91371,110.52993,40.978645,14.238274,24.926853,38.108234,13.19629,7.3338456,6.6891003,1.2035096,17.733839,-0.9961189,8.838007,14.354864,9.816815,6.2816467,4.086893,6.936493,4.5950584,11.358526,7.5609503,2.3571684,3.462706,7.367823,7.2094674,6.46007,6.892524,-9.4538145,5.5767145,-1.5331347,5.757667,0.6669024,3.4747596,-2.26568,4.542386,-2.7149193,4.700908,-0.15850924,3.700898,-86.62508,27.521328,144.18103,8.43547,-6.4354362,14.913329,60.997253,7.4301643,10.243812,9.473562,-2.3347838,14.451161,1.053354,11.732713,12.8741045,5.709526,-4.2757225,11.752169,-0.803288,7.84118,17.937252,5.025364,3.6585135,3.6430538,-2.352461,8.188618,12.975082,3.4843426,-11.134781,4.488571,-5.6854563,2.829305,8.463557,4.771844,-5.6352625,2.3284452,-9.733231,4.7299614,0.47766447,3.9461231,-125.48713,56.97023,134.5504,15.028775,0.8995313,9.239799,44.55343,5.567808,10.126907,8.44314,5.4245534,15.817826,8.192712,10.970837,15.022672,9.851059,5.7544417,3.3187747,4.655406,3.6167123,7.987581,14.422214,0.6168746,5.662006,2.8114204,2.0272744,9.618453,9.336605,-6.7724476,1.8074174,-0.09041665,7.8778324,0.796088,2.4376972,0.13078889,4.156592,-1.6867619,4.6371775,0.08079367,3.598286,0.05098601310483871,0.02917185348302156,0.19834925,0.084062055,September
-88.71096,63.558544,113.347244,37.93291,9.862556,29.191118,35.80483,14.295698,4.3282733,12.381895,0.3018235,16.203785,-0.7042412,9.758669,12.718556,8.263529,3.915891,4.6552167,7.0740395,3.3054173,11.005624,8.997585,5.0328407,4.3046274,7.216941,5.2978263,5.628543,5.0810456,-11.488082,6.4520135,0.47815835,5.34658,2.9296527,5.809593,-7.4865723,5.806246,-4.514852,6.918692,1.5308931,2.804119,-83.31052,33.027924,142.19655,13.054056,-8.531491,16.660772,64.169304,7.4055705,8.408393,11.042582,-0.08463785,11.975715,4.146638,12.422802,10.391668,7.1373506,-7.248171,11.357816,-0.4238757,8.572927,14.692555,4.4197273,3.4015307,2.4872189,-3.5728374,10.024594,8.911107,1.6085757,-10.029197,6.2847004,-7.5011826,4.6274905,7.49349,4.129409,-4.8649106,2.142151,-11.456254,3.8726673,0.5151384,2.244002,-99.006744,58.753677,137.65665,16.574135,-7.821311,8.977655,47.061153,5.1521826,6.9474854,13.77311,-0.29396534,14.026182,5.1940293,9.97537,6.5415087,11.3477,-0.43314824,5.9266367,10.272752,5.1878834,15.003909,12.062194,-1.2189353,3.0968382,4.380306,4.345552,10.154921,5.7645245,-6.934102,2.954756,-3.407102,4.7535014,0.2503209,2.619714,-4.8835874,3.049714,-4.655052,3.6406116,-1.29061,2.630015,0.05299595424107143,0.022343291066572544,0.2285265,0.08955067,September
-114.02861,50.523735,114.05141,37.780632,16.622747,28.607733,36.13216,12.343997,8.965191,10.422628,0.5265631,14.231393,-3.459079,8.406064,11.706398,8.298001,2.0292947,3.3562562,6.049309,4.7488766,10.562161,9.037317,-0.44286862,2.5298674,6.395777,5.98675,8.664976,8.057751,-11.737827,6.1514206,-3.6171563,5.140491,0.49240685,4.9576936,-6.2797427,6.598114,-1.4539846,4.803484,1.632008,4.292133,-73.42411,34.642227,145.85458,9.199668,-18.494883,13.367539,63.10802,7.274146,2.7780564,13.506465,-5.1288943,12.794195,3.4710987,9.83952,4.8933096,6.739295,-6.136583,13.163168,1.7515032,8.668209,18.860117,4.6675725,1.707598,4.031901,-5.637565,5.7116475,12.611534,1.8904858,-12.220807,6.791618,-10.369054,2.7728539,7.1684685,8.251231,-4.1968255,2.844456,-8.476397,3.660321,-0.47485828,4.182002,-140.91772,66.12723,128.33046,14.522788,-2.5434532,13.737462,43.239674,5.813324,11.24342,12.310316,9.366605,15.022365,10.892886,8.48376,14.61041,9.168315,2.7961235,4.467956,8.590801,4.5707073,7.15658,11.420971,0.9628119,3.7970462,1.4307736,3.1873384,2.7738013,7.58767,-8.851978,6.893528,-2.24298,6.1318073,0.17575593,1.810261,-2.5028374,4.9537754,-2.8801696,4.876993,-0.3782091,3.9820142,0.054010206653225805,0.019674326866989514,0.1862836,0.07523578,September
-98.44041,68.30729,101.566536,44.278774,5.262128,30.002441,26.408928,15.797387,2.8135097,12.991085,0.52560884,18.003902,0.079955906,8.517706,11.050518,12.151795,4.6824856,4.689674,9.741212,2.922416,14.251175,6.6906495,4.2609005,3.9098635,4.6921926,3.959928,8.464013,7.6468906,-12.089609,6.9042172,-0.5977624,4.678178,3.547735,2.3341358,-5.651898,7.224067,1.2588137,5.8759575,2.5659835,3.821344,-96.46774,49.361916,133.69476,14.272594,-7.7995143,15.583115,50.16913,13.946376,-1.410555,11.490745,-1.2225822,14.368248,2.3056505,12.746014,13.939986,7.407244,-0.15772802,9.896181,-0.8681501,7.4777875,14.196619,7.655184,1.45578,4.5999403,-4.771594,8.706017,7.334069,4.9761314,-12.457966,7.104177,-6.162511,7.6831255,8.292298,5.0176167,-7.403821,7.419457,-7.617722,7.488249,5.1582026,4.870956,-112.21467,68.61855,125.49868,16.097372,-13.348776,8.082561,39.047363,10.821412,2.6155808,11.663459,-0.3758564,12.557717,0.73607767,12.513972,11.511836,10.432622,3.1183004,4.206104,8.538217,5.6684246,13.008518,10.523303,-0.4182135,6.092348,2.2920687,2.0249817,8.436611,8.816365,-10.713352,4.522323,-1.8930504,5.759814,1.2918313,3.2950501,-5.7177424,8.321439,-1.0984799,3.8543735,1.4152454,7.392512,0.06662819602272728,0.04223136135820762,0.19111645,0.11053606,September
-116.426865,62.148605,115.32716,37.87927,22.004288,28.335175,37.651207,8.6811495,8.781539,10.698664,8.881481,10.6901245,-3.0294814,8.040263,12.562602,11.777402,-1.2957221,5.2910547,-0.5574147,5.6989136,7.7141504,11.280649,0.7319158,5.7180147,2.0538902,5.4052086,3.758556,9.154587,-11.522908,5.4364343,-1.5485201,4.662605,-1.1876076,1.382091,-5.43715,7.138347,-1.7897612,4.1700497,-2.3834538,1.7624296,-99.45211,44.871502,139.41458,8.0963,-10.983347,23.85856,54.023254,9.761776,6.978346,12.605213,0.132425,16.300758,2.2435062,7.5158505,10.114465,5.4978046,-0.37788773,10.855659,2.3090458,8.589411,14.756989,10.393327,4.335806,3.5537956,-1.6689463,6.677993,7.9642096,6.606241,-11.992762,7.328049,-7.155195,4.7578983,0.22185431,3.8587644,-1.4344234,2.1344423,-6.3861446,6.6580153,-0.098140135,2.623368,-95.50778,54.853855,150.4363,14.499146,-9.739422,12.505052,45.481174,8.346401,7.361877,14.452468,-1.87732,13.718569,-0.22325082,11.701028,5.644542,10.907901,-3.60246,10.248594,4.9488015,8.856724,18.630339,10.180805,1.2068485,3.2999868,-0.75187093,6.176536,9.401609,4.956004,-4.8537583,4.0611258,-7.171907,3.892615,-2.0217073,4.6471996,-1.9492184,1.944762,-6.7188077,4.704233,-4.437805,2.6444643,0.05044450431034483,0.01973938777823052,0.19690455,0.07483793,September
-119.69397,55.75443,117.95601,42.14265,25.69012,31.888113,31.726858,10.049505,11.104924,12.627701,11.723849,12.245004,2.88378,6.8276,18.034527,10.438011,2.4196951,4.9779024,4.153613,6.2538667,7.691438,6.451191,-3.1569753,3.9210699,0.24936357,2.940675,0.73018616,3.4440835,-15.41931,4.6556315,-2.8354537,3.5162272,0.11594629,3.995165,-9.102749,4.5701785,-1.0114973,2.7942207,-2.0861666,2.5049436,-111.69618,37.609615,139.52022,15.110726,-2.3975759,18.657467,63.128643,9.318598,8.344568,11.300171,1.5978645,16.135414,4.234758,11.902327,15.243802,7.3424797,-1.1596274,10.209315,0.8339683,6.672995,13.523928,5.2417536,0.53807324,4.8402433,-5.766122,6.550988,5.429569,3.5799017,-10.18074,6.670421,-7.069898,7.116252,2.5570648,4.2715645,-4.483861,2.1742022,-11.131911,4.9716187,-1.7124621,3.779957,-104.73525,54.909306,148.82253,19.013197,-3.0870326,16.903755,44.162186,5.6232405,8.300603,14.208509,1.2739948,13.730428,2.142571,12.020864,6.9833837,10.524989,-1.4207135,5.508417,3.3999758,4.0282464,12.251084,14.136574,-0.86174303,3.8850923,1.3983216,3.331397,3.947182,6.1279426,-8.963146,5.0840154,-6.856024,5.8288555,-5.14765,5.9808574,-5.198082,2.0511117,-7.3255067,3.2520592,-5.678112,5.1638403,0.03989730342741935,0.015106046143745736,0.2162515,0.0655003,September
-100.664536,45.62309,125.341835,40.786705,19.299576,30.9012,39.216118,13.284907,13.4047,11.633631,11.34491,15.0709505,0.62811255,7.830306,12.495181,10.714066,3.7117157,4.461511,3.2859888,3.4804094,10.296679,7.573095,-1.1568997,2.4615393,1.2922052,5.131347,-0.1382376,6.512167,-16.591274,4.132332,-9.265031,1.7260991,-4.2952137,4.295726,-9.343986,3.9932647,-6.3456144,3.571894,-3.1406806,2.2088234,-106.119064,43.036327,147.47421,4.789254,-6.1487164,17.480516,65.19443,8.161754,9.892609,9.450621,1.4151088,14.173446,3.7130308,7.843037,10.508357,1.9181142,2.7837906,8.133305,-0.3916152,4.475755,12.402952,9.585528,0.075657845,3.2566245,-6.061723,6.2570677,2.7768028,8.469182,-13.797403,5.7496047,-11.143455,6.243177,1.6371772,5.8273244,-6.806407,3.254613,-10.152641,4.2984314,0.39531437,1.1922678,-91.487686,37.996532,151.40268,18.95665,-0.95653117,13.463524,49.56162,9.570643,8.274032,8.339314,-5.096215,9.294722,-0.6273135,11.044742,3.242405,7.9732633,-7.0596514,4.7928576,1.7496939,5.4340854,18.212776,10.715248,-2.7358627,4.216939,-5.080897,5.6771584,7.4101577,5.4485316,-8.483011,4.327791,-12.205346,2.864973,-3.0852256,4.529319,-7.248905,2.2092004,-7.642062,3.0915987,-3.3641067,3.754445,0.04319411057692308,0.012465142850921826,0.22782257,0.052747805,September
-110.59889,53.36018,125.635796,33.451916,32.439377,29.058979,49.542873,12.635153,15.359224,14.827985,4.582733,12.806899,0.40692815,5.049405,9.817425,6.0125866,-7.2805295,3.997609,-2.4638503,5.434285,1.333633,10.859567,-8.28272,4.358641,-0.6857787,2.765039,0.432081,6.9069705,-15.453066,8.797432,-4.712211,2.5887632,-5.5017385,2.3402514,-9.05022,5.8503895,-2.87269,5.2098417,-4.4325013,4.7617135,-99.18292,53.817757,146.75151,5.1592913,-4.455755,19.87989,65.38699,11.3228445,4.0191326,15.468538,1.2407854,13.228716,4.12526,6.952385,9.465778,3.2665107,-4.5462165,6.1399927,1.5174744,5.4314094,6.9473753,11.946632,-4.7474117,3.504655,-4.8056703,6.530233,1.9745669,6.7483635,-14.96223,8.936718,-8.720002,3.9635968,-0.83936244,6.1747155,-5.2355895,3.0346327,-10.279426,3.1369815,-0.29171163,3.1518779,-83.14163,59.586006,154.14053,10.039921,-13.4786005,15.001209,53.40337,8.988366,1.951741,16.195093,-7.1545887,8.414513,-0.370078,12.284001,6.5717716,10.993953,-2.7783768,10.52408,2.0077598,7.930362,19.851597,7.462273,-1.5110989,3.829727,-1.9009551,6.162633,13.665067,3.8185017,-11.242603,4.344484,-12.990759,2.7562869,1.3900868,4.0363646,-7.6527348,2.4089146,-9.212383,5.051068,-3.953839,3.8324134,0.04573006465517242,0.019840823420261604,0.26084247,0.056554638,September
-98.76492,61.07543,130.38861,22.00162,-1.4170898,25.377663,44.3016,14.518408,-1.1203203,8.723991,-2.6287153,16.756824,-1.7941159,9.492359,11.190434,8.280104,10.828792,4.9883766,4.9496202,3.227024,13.460864,11.805537,1.8600758,2.7324386,4.814979,5.341078,8.714855,5.897587,-13.694516,8.414511,-3.8232172,5.1695185,2.9724746,5.970564,-6.885317,3.0873985,-3.8964996,5.4133606,2.0649855,1.4495077,-75.553474,43.644028,147.07213,7.7687073,-16.563457,16.763811,57.31737,8.917237,3.3868027,11.329228,-5.2952533,9.194565,-0.3865638,11.935301,4.862477,8.049337,-2.5740554,13.051306,-2.5353117,5.550385,20.589542,7.6416655,-1.3641404,5.14662,-3.115441,8.696164,16.24315,4.078007,-10.2415495,5.8630753,-9.847358,2.372996,8.857892,6.1875267,-5.576847,2.2941592,-10.490541,3.7209291,-1.1672955,3.7443907,-167.13206,36.667274,123.74201,10.674861,-1.3798562,8.012511,38.81088,3.7183676,13.028957,3.4802203,13.040755,10.7796,12.88251,8.2832155,18.650972,4.471326,5.2724376,4.5042634,8.137683,3.0996218,2.0290604,8.560257,-2.3006797,5.1668997,-0.84176725,2.261942,2.5759766,4.677467,-7.111893,5.972066,-1.5464807,5.3240347,0.26914024,2.9365776,0.024089033,3.094697,-1.3137444,5.39982,1.5936099,3.0512762,0.04868016098484849,0.016088594876840504,0.18492162,0.08277664,September
-106.89294,54.595592,106.35176,37.439655,4.206062,25.204546,44.98233,17.452324,4.2393575,11.13324,-3.4925044,17.265596,-3.6454191,11.412669,13.795345,11.621678,7.4104342,5.40673,10.065077,3.7679584,15.112054,5.6043105,5.2466917,2.9759696,6.192917,7.889668,9.101498,6.330726,-12.019021,7.410876,-1.7768596,4.2749653,4.4222226,4.589864,-4.576442,4.706794,-4.4412594,5.697562,1.3479081,3.6326306,-78.47932,48.461132,146.00981,12.069873,-15.117737,15.984474,58.79182,7.7532563,2.7798028,13.312422,-3.448732,11.232715,1.8095734,11.498205,5.308082,8.368686,-1.8137283,12.118104,-2.0491352,6.0327215,18.416983,6.880879,3.5601006,2.3367972,-1.9971455,6.640298,12.667647,3.7866576,-9.084131,5.3461885,-9.369538,2.4223812,6.412499,6.359614,-4.452726,2.6566622,-10.588335,4.4043055,-0.99793535,5.269837,-161.3523,42.96896,120.776665,17.01852,-3.8210325,9.374301,41.62197,4.4189467,13.552416,7.1147428,13.444106,9.862171,14.94031,9.777038,20.216022,8.059261,5.312271,3.9310255,8.523494,3.304179,6.938769,6.234676,1.298638,2.8799899,1.3227444,2.5688577,6.7879763,4.4929156,-5.325774,3.815304,-0.51693124,6.1295485,0.74437743,3.15086,1.6624001,3.361634,-1.3362005,3.3309793,0.8944714,2.8468723,0.04640066964285714,0.019324902476283632,0.18805033,0.08551187,September
-102.12453,59.584785,122.5911,24.79108,-3.8742442,25.861052,42.253864,7.933848,6.647737,13.514895,0.12690601,18.6127,-1.9952701,10.808052,13.92087,9.449216,5.9798727,5.540542,6.79955,3.875837,12.50554,5.4999466,7.5845857,3.8939104,6.3530283,4.96002,6.756189,8.183567,-11.394796,8.683035,-2.040006,5.708894,1.4603144,5.30957,-6.2445116,4.7644663,-3.2356453,4.507985,0.6055566,3.2113743,-85.60811,33.165928,142.13054,8.649457,-11.926409,9.952732,57.771523,4.2856197,2.544267,12.032432,-1.6972039,10.581336,1.5362384,8.85775,7.7648344,5.829408,0.06359796,13.025848,-1.621122,4.979097,17.817812,8.384166,5.0782557,3.268396,-5.7492285,8.231681,14.493446,2.4888966,-10.597444,7.0745354,-10.490024,2.5439405,7.419554,5.317366,-9.173453,1.6911922,-14.326345,5.5979943,0.22898158,2.42887,-126.093414,58.205727,127.18018,17.041016,-10.982348,3.6439552,43.84465,4.8427033,10.495067,20.435282,6.230184,11.339292,4.0619664,9.403827,19.804441,13.077049,8.798383,7.1159945,3.5772746,3.6746337,8.344154,14.550016,4.4398317,8.468233,3.307151,3.1957693,1.3488888,11.050807,-6.8404584,5.866554,2.7160883,11.303479,-5.06129,2.745781,-7.8729196,3.5588713,0.38221243,4.6022806,3.5409021,6.9916615,0.05352783203125,0.013827258368453265,0.20114091,0.0802378,September
-117.74279,48.923172,100.52075,39.577824,10.788826,25.371971,35.675625,16.206198,3.5241067,10.964181,6.8478394,15.232933,3.8713446,7.589685,17.095745,13.113523,6.734482,5.7700424,4.214857,4.3228335,13.295887,8.436935,4.644263,3.674121,4.389742,4.5823836,8.565267,6.4499283,-10.7739525,6.4146748,-1.5530502,4.305781,2.4439268,3.4687083,-2.871366,7.2396827,-0.9408276,5.943458,-0.57988137,1.7794135,-76.60115,40.27292,140.59831,11.125519,-13.909735,12.766252,57.530357,6.255297,0.15486622,9.952321,-5.86332,10.500545,0.7894054,9.761517,8.112018,6.592632,-2.2238023,13.738671,1.5245856,7.2128043,19.950994,7.2296095,5.3172216,2.3495824,-4.2794023,6.4828143,12.377172,4.1712885,-10.29444,6.814353,-12.448145,2.4239821,6.050841,5.0667944,-5.1548157,3.9072273,-10.632244,3.0335684,-2.4045012,2.8853283,-140.7543,61.233025,130.64722,15.183162,-7.446819,13.651936,40.811054,3.0896308,6.1754403,11.139514,9.101125,14.497579,9.981749,12.436812,14.772125,12.249399,5.065827,6.865795,9.236305,2.841943,9.868745,13.710699,-0.016572282,2.883333,1.3939142,3.2653399,5.4218006,7.880521,-6.6671586,1.9613911,-1.3337197,4.3067613,-2.0719266,3.1075165,-2.1427953,4.787933,-2.475169,2.9748578,-0.5516631,3.2208922,0.057358685661764705,0.024392866285347214,0.17527515,0.08560634,September
-130.7472,58.860626,106.56184,35.420017,5.0882497,25.208035,31.077215,12.66047,8.359351,6.317794,10.07578,20.188576,0.6234274,12.829303,13.209914,11.821529,7.2022877,5.6247945,4.2133365,3.4949527,9.687126,5.358649,3.843671,2.6898313,4.667654,6.171107,6.034681,9.517846,-8.597632,5.108198,-0.613054,6.9657865,1.7138044,2.4390333,-2.7651641,5.789325,-3.3032362,5.8192344,-2.0449803,4.272151,-107.67629,53.229404,131.17659,12.985054,-14.4277525,15.150496,52.505886,11.904999,5.2485104,9.937498,0.7962335,12.777189,2.7311184,11.194489,12.662911,5.4329495,2.1345742,12.066924,-2.9345996,9.272706,14.239143,7.3852987,1.3410634,4.7176495,-4.1055217,10.290522,10.18188,5.3478775,-10.350343,7.5340858,-7.41662,7.9318175,5.203945,6.173584,-6.1366754,5.099363,-8.961233,5.27481,-0.5937347,3.2583892,-118.1727,75.07267,134.36557,22.981627,-14.776017,15.217453,39.146454,6.8143377,4.815885,12.770811,1.8350818,15.636434,2.980824,11.229221,11.515591,9.457985,3.953995,6.4651117,6.0037456,6.298308,11.556126,13.77951,4.3417783,3.7745697,2.8169174,6.1166096,9.771195,7.6900983,-9.870275,5.2238226,-3.02308,6.1167693,2.5887108,3.016216,0.2517586,5.742179,-2.5791922,4.5322328,-2.626993,4.426765,0.058013091216216214,0.031004448811301398,0.17952034,0.105470404,September
-110.60349,62.81478,106.99153,37.319572,7.8440804,24.965397,31.443487,12.860361,5.169791,12.838862,8.857106,20.025106,1.5417773,12.467915,13.341962,13.130183,7.897462,3.5802605,3.5311768,3.4570782,11.097838,7.323988,3.3209853,4.87636,3.9742398,3.3567772,8.813186,8.357306,-10.940131,5.940123,-2.2944553,8.667158,2.813274,3.7094326,-2.9095218,4.8251557,-1.7564911,6.4544497,0.9213974,3.3000214,-100.92845,45.78137,131.25487,11.367022,-13.812139,13.554882,52.41264,12.083209,2.2461154,9.662389,-0.076258615,13.323634,4.349304,11.073146,10.874894,4.7751727,3.503289,11.991651,-0.21423359,7.252183,13.261335,6.697219,2.6708274,4.1232057,-4.0705934,8.348832,12.200449,8.865683,-9.836509,6.9122367,-9.456429,6.007908,6.605653,5.524807,-1.9958519,5.6784205,-7.8306465,5.050936,2.1522737,2.5905116,-98.036354,64.40045,140.97478,21.399908,-13.186252,12.851995,40.48299,9.816815,1.823554,15.5531435,-0.7532997,13.30347,2.3256135,12.389173,7.626875,9.211162,-0.43023157,6.666499,6.049152,5.1999264,16.291927,13.072349,-0.6690679,3.572339,-1.7688333,4.4634852,8.967513,8.812593,-8.267213,3.340452,-4.5908017,5.0962873,2.7158813,1.813262,-3.9051845,6.2482147,-3.7568817,5.171028,-0.5651994,3.4082463,0.05438232421875,0.014738568539502494,0.19885513,0.093406476,September
-119.09517,64.95771,100.697395,37.242893,5.714937,22.99844,28.238697,20.192509,2.5469072,13.063831,3.1331878,19.106352,0.48556927,9.218378,12.86535,11.894231,3.1773272,4.23928,7.57534,2.5192451,15.545718,9.254287,3.5766053,4.128213,3.2645593,2.733198,6.973053,5.923739,-9.585107,8.115647,1.7518593,5.750545,1.7798743,3.0658834,-5.379364,8.122371,-0.35094592,4.6482453,0.5894773,2.8442485,-75.79601,39.66912,145.79242,8.898074,-13.777115,12.886884,51.983036,8.812167,-1.3588469,12.619039,-8.680015,10.984745,0.44330093,11.896211,10.641425,6.4667735,-5.041882,10.296098,-0.15879796,6.9955454,23.058771,6.5158777,5.103225,4.6542034,-2.0828073,5.70852,12.037961,4.2769794,-11.118438,5.532793,-4.2063403,3.882659,6.863798,6.183697,-10.298641,5.4662457,-5.542161,4.3159237,1.5246936,3.7429361,-139.51456,72.86026,126.67312,22.063858,-13.600286,12.15574,34.45321,6.5734377,5.761904,10.915225,7.7869034,17.978168,9.805245,11.0493765,14.9263525,12.122768,6.8729854,10.073808,13.471206,5.817179,9.054345,11.442398,-0.18867023,6.5424004,1.9744473,2.848528,5.840527,7.569355,-7.4246087,3.2659585,-1.6307093,4.1567082,2.1884625,2.093526,0.36952594,8.401354,2.4076784,4.206799,5.568151,3.5025785,0.06364889705882353,0.038147361758666516,0.1870128,0.10402323,September
-108.92876,58.049427,100.12699,43.52,3.6488507,25.731518,31.123402,12.57059,2.7929873,13.380311,6.325154,17.624012,-3.1032422,9.469848,14.786461,11.9263735,4.810531,2.941794,4.5516644,4.138774,12.199418,3.373741,5.468699,3.729849,3.6799302,2.548355,6.484885,7.520923,-14.86676,7.0874267,-4.557234,5.260851,2.9979815,3.5557017,-4.7437057,6.573758,-2.1721482,5.9104166,0.3701601,1.2542701,-78.73972,32.912342,136.0672,12.681066,-21.483427,19.834076,55.036217,6.8686633,1.6081035,11.468516,-5.2550774,10.291247,1.1979516,10.215111,9.61402,5.264313,4.0746865,15.761822,-3.2034817,8.394615,17.368793,3.527396,3.4831033,4.327656,-6.585288,7.145934,14.364446,2.749998,-11.292274,7.8435473,-13.079648,2.7594087,8.431711,6.866169,-4.932854,2.9756963,-11.058726,3.0076447,2.5254257,4.8529587,-118.21877,76.844734,131.87682,20.171907,-13.134201,12.44217,32.599495,5.9878135,3.0705574,11.238183,1.8162227,16.161692,2.5175917,12.780238,11.746204,9.089328,2.2593317,5.985807,5.8043246,2.3389294,13.353019,12.765382,0.17014511,3.290379,-3.2186444,3.2919886,9.687737,9.190904,-5.672134,3.4671128,-4.500212,8.370893,1.8179636,3.9914472,-0.87572676,7.13874,-2.1944015,3.873596,-1.0580592,4.130978,0.071136474609375,0.03915421923678549,0.18343595,0.09739911,September
-124.49906,54.483128,105.826675,39.121246,3.2902896,23.667706,37.61669,12.622219,2.867949,12.702157,6.842683,17.883453,-3.0289829,10.028104,12.470223,7.8004284,7.2123632,3.4803145,4.88722,4.2604795,13.021347,3.9990625,5.047709,3.279515,3.543898,4.2040606,9.053141,7.1407647,-11.507618,9.344683,-4.201106,10.493835,3.563685,4.424553,-0.5316557,6.92338,-2.48895,6.95331,1.712025,2.5646305,-86.71506,29.783224,139.14093,13.3365,-15.638487,16.550024,58.35027,8.549036,4.7908525,11.184591,-8.384236,11.440361,-1.98085,13.638726,9.071207,6.0819755,-2.0654988,10.265924,-2.8512676,6.7189536,20.16326,4.842532,4.6233044,2.954467,-4.3184214,9.139841,14.565531,3.457254,-8.058111,6.6201377,-10.656509,4.662249,5.111247,3.741962,-4.398074,2.1323555,-12.404432,3.5091288,-2.2916334,3.883959,-136.07295,66.02189,129.11887,20.651709,-12.74349,9.643767,34.56408,5.3914776,6.148638,12.080904,2.5748036,13.998102,5.256419,12.242122,13.794907,14.345065,4.4400034,6.2647805,7.360254,2.888134,10.786302,12.259511,-1.322837,3.8610747,0.037436165,1.8469311,8.409021,7.9226365,-6.3914437,4.0939465,-4.8939734,5.168914,0.91676635,1.7581658,0.068545386,5.0185604,-3.310413,3.5658932,1.2493902,5.011658,0.057177734375,0.019557822906417416,0.16577084,0.082069546,September
-99.53848,67.62389,101.06765,44.333263,7.4456444,31.624521,25.551685,14.03089,10.17378,10.339499,6.533759,18.328333,-2.512462,11.2878475,13.236572,10.601443,6.7578087,4.054977,5.1428323,3.0034654,12.680344,6.9141192,3.302522,3.7244923,6.1705074,3.7252612,9.978129,7.7621956,-10.448144,7.3128757,-1.4519086,4.9327664,3.8360076,2.5899847,-2.3506482,6.131249,-1.2341982,7.5201426,1.1311928,2.7065823,-98.039215,39.996693,136.4833,15.074621,-7.5374994,12.626391,51.860146,9.815724,3.8477921,11.700718,-3.3995614,13.77873,1.8698432,10.373014,10.269505,7.159804,1.4154701,9.852361,-2.193947,6.3723264,18.206715,6.476295,6.3493643,3.9019864,-0.032895636,6.3010087,15.561938,5.328472,-5.1629467,7.0334444,-4.944895,5.4420843,4.9226847,5.389448,-0.71194136,2.7318952,-6.2518477,5.502075,0.53494936,2.984219,-103.6991,70.269775,131.50233,22.48432,-13.100809,8.246775,32.893543,4.67805,4.799437,11.883402,-2.2949288,14.353584,3.378207,14.691436,11.459848,12.77306,2.2683907,5.324953,5.929549,6.0886426,17.66679,14.901682,2.09397,4.9556456,4.752261,3.5415847,9.683864,7.4721513,-5.213903,2.7859738,-4.9883137,5.5939255,2.7473357,2.5378382,-2.6394475,3.6247609,-0.89558953,4.407149,-0.9562209,4.351909,0.05950520833333333,0.0327975122847141,0.20024507,0.093455024,September
-103.374535,65.44134,100.18498,44.558567,7.20793,26.860126,31.248674,12.001536,-1.6886998,8.73679,6.617827,15.849088,-3.1117914,7.097615,13.7154665,11.895462,4.5432525,4.5559115,4.409935,4.2448106,16.142073,7.363142,3.283976,3.7174056,4.0131345,5.7527905,6.0017166,6.6344504,-12.192087,6.1595807,-0.19707845,6.416729,4.2660418,5.291295,-3.9320009,4.138137,0.32200602,5.5546174,2.207094,2.855022,-83.71171,34.844887,135.34293,12.824162,-14.0979395,15.373049,60.428036,5.5266104,0.22125608,13.467359,-10.612361,10.482503,1.5361507,11.239609,9.91524,5.4567356,-6.3986588,11.979938,-3.73476,5.9542384,18.6034,5.210337,3.6858559,2.7022917,-2.7592547,8.266829,11.910929,4.0423927,-9.402566,7.678173,-11.22414,3.2170205,7.0999,6.357132,-7.3820233,4.287691,-10.92714,3.2665858,-0.81630176,3.4945974,-141.14806,64.93265,120.03992,17.455614,-10.01496,8.380676,33.801662,7.098702,6.3139496,13.596778,8.487231,16.500666,8.7035055,11.7240505,16.609278,9.839623,5.2861743,7.6253524,8.263194,1.8942395,9.554363,11.102308,2.237633,4.3482666,2.3000805,3.3929796,6.3129616,7.740657,-4.5235233,4.1100144,0.99293065,5.9144187,1.7407131,3.8261347,-0.9443784,4.887915,-2.7602437,5.770608,-0.50291866,1.8863553,0.0654153262867647,0.03418922310158809,0.17739299,0.08809311,September
-135.18771,73.80542,99.38493,33.782177,3.2501469,21.490223,28.776693,14.450961,5.0796804,13.026555,11.638628,19.026577,3.4893405,13.958781,16.53741,9.843481,7.3057394,3.8344119,4.803826,2.3596296,14.725204,8.466253,3.8597806,5.4844255,7.184224,3.7879777,5.39676,8.533977,-9.06651,8.19863,2.6564775,6.6673856,2.4333775,1.8052527,0.37309402,6.141485,1.9870312,6.58639,2.4249902,3.9630795,-100.47213,61.241306,129.74557,18.564726,-17.615362,19.929586,48.326332,14.156307,1.6014637,10.940284,-1.1496439,17.636818,-0.32899952,12.1315155,15.094195,8.005164,6.6190643,6.691772,3.7394047,4.1049695,15.958392,7.019036,7.011358,4.3886213,3.026464,7.584405,9.330938,7.2917285,-11.624035,6.2779093,-5.9592566,7.311446,3.0144868,4.4471035,-0.47874394,3.4478986,-7.3633814,6.674914,0.6125458,3.2681825,-101.38781,57.8336,143.35849,16.385527,-14.069046,12.256177,43.543743,10.704651,3.1335022,12.283483,-6.1605244,9.914999,-0.33382115,13.098591,9.62761,8.14836,-3.4068034,10.5704155,1.6182417,9.522962,16.766832,10.152263,0.35148954,4.268588,-1.1294798,7.3772798,10.856724,7.204197,-9.855594,4.2271395,-7.8404083,4.6023893,3.4356034,5.2185197,-2.1579747,2.8505297,-5.7041345,4.5774407,-3.0482082,4.92402,0.0601043701171875,0.03068954462880052,0.18110868,0.0856761,September
-126.316925,51.08422,101.732346,38.9148,6.8189044,26.844204,30.147854,15.069388,0.9612018,10.597363,5.1644363,14.213446,-4.053329,6.492407,12.612053,12.989055,10.204924,4.489256,5.5823,4.866809,11.571466,5.464224,3.4046836,3.945887,6.18261,3.3891108,8.31181,7.3045087,-12.471318,7.6797194,-0.9514768,4.2723665,4.1064606,4.2549777,-7.3947983,5.455791,-4.674005,6.165069,1.914562,1.9193227,-136.57178,46.107216,121.40043,13.885575,0.42434394,8.917923,52.235897,17.624561,10.351027,6.3709407,2.2543118,12.740861,-2.4223247,15.598839,13.16796,10.853655,4.5126657,7.9876275,2.4114966,7.704643,16.090757,8.56407,1.9290327,1.8381602,-2.1583652,8.9284315,7.9631524,5.9362593,-12.398396,6.7388177,-5.8501697,8.6601305,5.606112,4.460355,-4.1885834,6.7622375,-5.5581493,7.4360704,1.5979568,3.6683145,-106.53057,53.808517,141.64671,8.360102,-9.588778,12.0580015,45.482677,8.834911,4.8213305,10.505094,-9.425129,12.562355,-2.58776,11.9222,1.5086182,12.510316,-0.89180684,8.307246,1.6929513,7.967407,19.049181,8.331839,-1.1620126,2.5061114,0.8954357,7.8911047,13.365921,6.9040537,-6.856528,3.315156,-7.5477524,4.1779227,4.003228,4.4326696,-4.160585,4.4081106,-7.400352,2.3281643,-4.8702426,3.26376,0.047784213362068964,0.014104439550300794,0.17611644,0.086111024,September
-107.91524,59.052605,100.13669,46.31805,11.481437,24.543438,23.965267,13.374084,2.44838,9.251923,9.008593,12.4966135,-1.7098339,10.556825,11.8048315,11.162576,5.8358345,3.7117236,5.481879,4.0293345,12.674981,8.3564625,0.7107784,4.7478285,0.36563772,4.457348,5.157062,8.871194,-9.703718,6.3085017,0.5480272,6.555431,3.3576496,3.1535296,-5.108487,4.404227,-2.8805792,2.7370186,-1.4085212,3.1181018,-88.713875,34.38756,145.31699,8.320418,-10.099415,16.48065,47.302994,10.393003,3.7673268,11.332522,-3.559111,10.158608,-1.0574297,7.3728857,10.701908,3.6230717,2.2102408,9.437356,-2.196917,7.83311,17.99487,4.011872,9.701479,3.511756,-4.5167284,4.2268643,12.4809065,2.9873612,-7.268229,5.761575,-11.299772,4.620108,3.874232,3.0964108,-1.8492378,3.472503,-7.1721067,2.4444952,-1.1047654,2.5305717,-105.70575,74.63301,132.38208,15.100308,-13.501783,9.695748,37.809013,5.1869917,2.5341172,12.197668,-2.4556727,14.672635,3.4131725,10.896588,15.02183,8.930099,7.7733803,5.8562183,7.51503,3.1320438,17.344906,10.676452,4.8247943,2.46213,2.0588682,3.1344032,7.755188,11.428198,-6.9501543,2.0135212,-4.4777074,4.7178884,0.49148688,3.6595154,0.110995576,4.9147387,-1.4240439,3.8792422,-2.6593466,2.0433652,0.065185546875,0.04696811328895458,0.1963019,0.09219962,September
-104.02531,67.27417,101.710434,39.18629,1.5720859,25.718729,33.25821,16.072691,0.9345652,8.610276,5.3180985,18.924364,-2.5254438,11.100501,16.380524,12.221721,6.4269686,4.731504,5.287116,4.536126,14.615356,6.5158505,5.787286,2.798718,7.0567427,3.1959991,8.387025,8.064038,-10.909629,7.460647,0.08669224,7.6946516,2.193664,4.3718514,-4.2047124,4.0134273,-2.8833807,4.5958204,1.4213991,2.9754732,-101.57083,52.013794,125.684166,12.216687,-9.420008,14.129936,52.816975,13.825482,5.9067087,11.732235,-2.28497,17.071188,2.6118114,10.922844,13.598404,5.757247,3.8222146,9.503683,5.5692415,6.5488048,13.477179,6.658495,6.013847,3.09436,0.5556156,9.088419,10.222786,5.3729734,-7.6875944,8.281757,-6.8853326,5.5195513,5.8639064,5.1970406,-2.583271,2.4413853,-8.368338,5.7105827,-0.40881467,5.3074126,-89.86708,58.55596,140.88776,26.487976,-10.926899,16.95834,38.954853,7.554575,2.3904626,11.163278,-7.970631,13.171609,0.25295743,11.469851,6.8449707,15.05472,-1.0823319,6.745181,5.6870117,5.759123,17.91332,7.8768315,2.8929813,2.9816475,-0.3501333,5.6194963,14.038653,2.9009938,-4.520304,4.3409104,-7.13539,5.264721,0.987958,3.2227237,-0.85194683,3.942703,-3.6587455,5.5969586,-1.5910901,3.5128827,0.06396484375,0.02374492545715111,0.20637661,0.103189796,September
-107.5426,60.45061,102.517235,41.990692,9.61806,24.13108,28.814703,11.3023205,5.2783155,8.110183,4.08302,14.2221,-0.90505123,11.002141,16.114773,12.950846,1.9253162,5.7922997,6.800283,3.4219885,10.578151,5.921288,3.5586677,4.154267,6.2941723,6.20585,7.247022,8.608645,-9.794283,4.0545278,-1.1713412,4.311772,2.7633464,3.1877098,-2.56848,8.04657,0.7580492,5.182264,-1.1906528,2.5983276,-108.03349,48.686474,125.62616,16.86402,-8.428494,12.701597,51.064037,16.651508,8.783677,8.70266,2.2377388,16.789417,5.870929,8.469338,12.659512,6.2706585,2.9125583,9.159443,5.5688715,6.639211,11.793851,5.8525586,6.9421563,2.965323,-1.8381656,8.81419,8.477251,4.6422873,-3.0942578,6.2511716,-7.5887747,9.349127,3.4473605,3.8951428,-2.3897119,2.6609333,-8.387666,5.564091,1.3088886,3.4837894,-107.45416,61.857613,138.43245,19.44227,-9.58787,14.344779,42.02004,9.307217,2.6448796,14.840737,-2.2613204,13.397574,4.012985,13.038947,8.253722,9.843907,-0.62334186,8.328524,3.935552,8.519445,17.005728,8.414296,2.7198837,3.704418,-3.5984726,4.8306465,10.596859,5.330711,-4.6147246,3.0681696,-7.592457,4.4406133,0.116070725,5.119069,-0.37992832,3.3997347,-3.5906172,3.776875,-1.1465954,3.4626994,0.0557708740234375,0.03078538120813443,0.19287261,0.09736771,September
-103.15871,56.900402,95.38968,46.233925,12.009433,23.95431,29.05899,20.42159,5.876797,12.369617,0.19663152,16.242693,-1.321086,6.998951,16.929182,11.431226,6.71797,3.73274,9.590783,4.1824975,17.034946,5.412561,3.898643,4.0694523,9.439664,4.0853605,12.524875,6.682301,-7.0895386,7.8029904,0.9602198,5.260685,5.4437237,3.0327685,-4.0491366,4.222063,0.35707176,4.665727,1.7006164,1.7406111,-107.792076,48.62493,131.1068,15.761828,-12.938112,13.723225,51.005505,15.684625,3.879096,8.452628,-4.326331,16.188684,1.8639162,10.994429,17.66256,4.8990226,6.421277,5.9757156,3.4924302,6.6197586,14.461055,7.276318,9.615635,5.3150816,2.080935,7.249958,8.792728,6.9094496,-6.88548,8.020526,-5.4553785,7.391675,3.5951505,4.295396,0.07807059,2.993566,-5.18942,6.7167616,2.1090715,3.1119807,-76.79308,41.138752,147.23265,16.565763,-10.843644,16.097635,45.108547,10.146916,0.5541559,13.536561,-7.4445066,8.534543,-3.4728982,9.639539,9.8086815,6.6695604,0.65387774,6.7965918,3.6532633,6.911797,20.626621,10.710056,5.6505637,3.074221,-2.1003988,6.567517,12.187794,5.3130474,-6.419408,5.164206,-6.2026095,4.172125,4.1242313,2.9014084,-1.4329641,2.828962,-4.4746904,3.9135313,-0.7832477,2.2538755,0.05864426185344827,0.029771309147536503,0.20755833,0.080375746,September
-114.82018,66.85583,104.837776,37.500225,5.745039,25.203863,29.12509,16.93883,2.170613,11.7173195,2.6925979,16.252972,2.8565323,9.322517,12.508323,9.976084,2.8008287,3.9679618,8.277178,3.7260716,15.173832,10.122223,5.552991,4.3883495,4.9366126,4.518293,5.6163273,6.0808616,-8.279987,7.078626,-0.17464542,4.8525395,4.0085216,3.2259705,-5.508722,6.8772016,-2.3404672,4.9565673,1.8943629,3.1174107,-84.57199,48.877266,142.92549,10.907338,-16.913181,16.106802,53.811295,11.410302,2.265857,13.949007,-7.205307,13.832109,-0.625621,10.531865,15.778876,7.0307126,-1.989721,12.009446,-0.34108248,9.143924,20.267942,7.5963707,3.593795,4.17267,-1.1118313,7.3406587,13.03192,4.0381064,-7.2335405,8.996788,-2.972229,3.2273095,7.1149387,4.0922585,-4.042128,5.3341775,-4.0736985,5.852806,1.7561669,5.3171043,-137.35738,67.54036,125.54877,17.19533,-9.178128,8.857152,38.940456,11.232847,4.8534374,9.777847,4.995074,17.315292,12.704366,11.37684,13.64334,12.799204,2.2612388,6.992328,11.5123205,5.421127,12.94036,8.915772,2.9104512,5.9141293,6.361338,3.2269347,8.055676,5.3883376,-6.8224587,4.300626,0.5266339,5.130861,2.8092244,2.1818252,-0.7270176,7.764759,0.11917559,4.8918824,1.4793143,4.3722186,0.056137982536764705,0.029872956382346102,0.18544935,0.0955403,September
-139.4261,68.31488,106.72507,41.072655,2.749497,27.461405,28.10443,14.607839,7.2429733,10.672075,8.789003,12.110416,-2.265429,12.647331,13.298979,12.605899,7.183854,5.6211905,9.812469,5.539885,10.715529,8.531089,7.8263125,2.5624344,2.8207932,3.1426868,7.536021,7.5689025,-4.6980505,6.826169,-0.14678201,7.1782255,3.129114,6.5622525,0.14735684,5.255658,-3.3761601,2.9074373,2.8004506,3.4312642,-96.512886,44.489475,150.07338,13.61607,-19.516125,17.893112,51.253117,8.747061,2.582237,10.50959,-10.329988,12.6763735,-3.6756663,9.591518,4.3652644,9.248001,-6.4770865,6.434685,1.7811773,7.006019,19.448265,7.4876,5.446996,5.3276515,-4.8037863,6.711699,12.38023,4.31644,-1.5609957,6.8692517,-9.705422,3.6912045,-0.47117233,7.4035482,-3.2527363,3.8333895,-8.83368,3.4225314,-2.2843885,3.1853833,-185.75307,43.078205,119.49205,14.004128,-8.6527,10.454391,32.148495,6.318192,8.202231,2.4791467,9.006287,13.329138,12.94582,6.684961,19.232082,5.4303975,3.9520922,6.7525315,10.03306,4.337269,6.330108,4.8106356,4.7524714,7.0527515,1.9472266,2.7231193,3.137366,6.8583097,-5.595362,4.3254275,-0.17139691,5.2648735,-1.9207866,5.334615,0.8460812,5.6291804,-0.7202004,7.4321184,-1.1643345,5.132736,0.05642778445512821,0.034613842581141016,0.15430453,0.09113404,September
-90.62406,56.67017,115.79582,34.997387,-3.2996712,21.630243,39.498272,13.709096,-5.1165557,11.8363285,-4.3953466,12.022117,-1.0233388,11.320723,15.759207,12.006743,0.44365698,4.280664,4.238755,3.3149047,17.829647,6.743206,1.517336,3.6697218,7.1545343,2.8479064,11.653986,4.570486,-12.56854,8.35754,-2.5465128,5.7900186,5.338542,4.2524366,-7.8704863,6.5053964,-2.7498095,6.911307,3.318227,1.9933499,-59.066856,47.02834,139.73451,9.41826,-17.115473,12.756521,61.42263,4.5705724,-1.2951297,14.890713,-4.687212,9.013907,-5.12615,13.120244,9.599643,5.0501876,-4.0042415,12.774272,-5.636594,3.2972877,19.083616,5.7911577,-1.1942899,3.826853,-1.6986084,9.424271,16.974438,4.3650837,-12.891188,6.340896,-6.0679994,4.5500164,5.9647465,5.1490264,-9.316866,3.3924036,-9.466658,4.4506326,1.6469448,7.080768,-143.57301,54.851753,123.2113,15.108945,-11.484475,8.896898,30.258232,13.491231,2.3739173,4.6093016,5.0111403,11.708985,11.10007,9.624879,18.067986,7.8224273,4.853052,8.925032,10.218308,3.6919534,7.101527,7.3203964,0.8857271,7.990622,6.239654,4.811069,5.5108867,8.188307,-6.5363965,5.004892,0.90035385,5.638831,-0.31260625,4.2134886,0.59402394,5.730542,-0.110396646,4.065566,0.254765,5.6022363,0.05530178931451613,0.021545490670767713,0.19841488,0.102932505,September
-111.74509,52.584805,115.37873,32.702724,1.4071765,18.616049,33.775127,9.398604,-2.4269035,7.3533564,-3.4682498,18.142681,-1.9409021,9.265995,13.086422,8.60823,-0.61493057,6.229046,5.666331,2.4675562,15.843733,8.098049,3.3694575,4.0044217,8.796995,3.8414423,9.217258,4.6620607,-11.16512,5.7445703,-0.7865759,6.062907,3.5193205,5.144942,-5.3846164,4.683404,-5.221772,4.3579855,0.69846934,2.1661148,-55.872498,38.675854,141.09648,7.310827,-24.325346,20.452911,56.611435,4.8435225,-2.9893966,12.677074,-11.563037,12.233084,-0.49875313,10.96509,7.7474613,6.4199095,-5.201504,14.613164,-4.9676876,6.1215663,21.173805,6.7748094,0.8748071,3.867916,-4.4349775,7.331618,13.300946,2.3595176,-12.698881,7.125189,-7.852299,4.4328613,8.35787,5.439628,-8.474952,4.3174615,-9.733527,5.533504,0.29091746,3.1340346,-111.612335,75.52829,129.65437,19.415018,-12.0194645,11.963168,38.037655,8.3222475,3.901374,13.095293,1.5884331,19.055927,7.728571,12.154963,11.113962,13.837918,3.2345588,8.592196,12.863514,5.805822,11.938213,11.466905,-0.9595382,6.42187,3.1921308,1.815707,8.695324,6.2230687,-8.190554,5.0627666,-2.886978,4.1339583,0.26862147,3.1084943,-4.491667,8.418952,0.087524325,3.8699138,0.7545109,4.6742353,0.056623787715517244,0.017332019641216258,0.22163485,0.1004439,September
-120.34552,63.79469,97.200676,41.673286,5.0860147,25.874598,30.338095,21.764517,2.162419,10.734073,1.8858502,17.882458,1.0634972,9.772958,15.454364,10.095418,5.3691854,3.522003,3.793264,5.337908,12.704063,9.223496,2.0881958,4.8383822,2.8699868,4.129574,6.5040083,4.3156576,-13.234912,7.3869386,-1.9169838,6.757789,4.1528873,4.582516,-2.8309038,4.687375,-0.083035946,5.4072185,1.5964792,2.6173575,-85.35927,63.03547,133.61832,13.2184,-22.161953,20.633627,55.101116,13.98918,-1.2647173,18.128824,-3.5258172,16.217358,1.9288943,9.485271,9.481733,5.105224,2.0213661,15.269885,-0.37741566,8.169071,16.09625,6.0626154,3.8271244,4.253776,-4.1270423,9.3001795,9.992634,4.6226716,-12.862704,8.581144,-7.429606,7.989534,7.649671,7.4848332,-8.327551,4.0344267,-7.434062,7.312086,2.9614873,4.5982018,-108.8825,73.15133,129.56012,20.180685,-11.834504,7.9204416,40.62055,8.894575,-1.1724192,10.561659,1.2225969,11.732261,2.116102,12.122418,7.5463243,12.1013775,-1.0807132,7.930828,8.495061,6.429094,15.439284,10.322596,2.2453082,4.5635333,0.592564,3.721122,11.693021,6.218489,-5.833485,5.5129876,-3.729333,5.8209896,3.4345963,2.9651468,-4.658453,9.016056,-1.4311131,3.2344713,-0.43160897,5.4512415,0.06761907762096774,0.03492884680487158,0.1888882,0.10876285,September
-111.80131,62.34243,100.364655,44.154667,7.911329,24.868187,27.806873,14.032562,0.20186429,10.527942,2.076076,16.10423,-1.4917384,6.76266,12.429152,10.781674,1.8634888,3.863081,3.7869694,4.982611,13.434782,8.188717,1.154135,3.7014318,5.146605,4.2793503,3.7813714,5.053658,-12.1038265,6.1338654,-2.2569656,5.0755816,1.5680182,3.5399635,-4.865886,6.607243,-2.1228812,6.2204113,1.5316232,2.9767814,-80.62812,45.179474,144.32309,12.05615,-14.56473,24.247679,49.91146,8.130591,-4.7650476,15.717154,-6.7807326,13.071799,2.0481496,9.347157,10.243652,7.531696,-2.2651484,10.362911,2.2845895,7.2546897,17.52817,6.85176,1.2058237,5.29088,-2.4364285,6.3799725,9.000764,3.1201317,-11.042011,7.785164,-7.045144,4.464314,5.2612967,6.3685045,-2.8827229,3.6567218,-7.7714934,2.9787304,2.5489905,3.847991,-119.22954,68.99673,125.289474,19.742151,-11.092246,5.5855827,38.379932,10.568535,-1.2157075,12.686338,3.4828062,13.968294,4.709796,9.764365,12.275754,10.526744,2.4380407,7.809769,11.917031,5.897249,11.631574,11.827591,-1.264393,4.3335576,2.386764,2.443225,6.1894183,7.537321,-5.5190654,3.106626,-0.43027785,4.364803,-3.246344,4.1139703,-3.8295944,6.1500797,-4.2303367,3.7052596,-0.8869236,3.8074658,0.06346081149193548,0.022617723636934078,0.18811074,0.10401239,September
